2026.08.01 23:44:41 INFO  Started: Metals version 1.6.8 in folders '/Users/nilayshrivastava/Documents/programming_language/scala/learning_scala/fp_in_scala' for client Vim 9020850.[0m
2026.08.01 23:44:41 INFO  Memory monitor started[0m
2026.08.01 23:44:41 WARN  Using H2 2.4.240 which is newer than the version Flyway has been verified with. The latest verified version of H2 is 2.3.232.[0m
2026.08.01 23:44:41 INFO  Attempting to connect to the build server...[0m
2026.08.01 23:44:41 INFO  Running BSP server List(/Users/nilayshrivastava/Library/Application Support/Coursier/bin/.scala-cli.aux, bsp, --json-options, /Users/nilayshrivastava/Documents/programming_language/scala/learning_scala/fp_in_scala/.scala-build/ide-options-v2.json, --json-launcher-options, /Users/nilayshrivastava/Documents/programming_language/scala/learning_scala/fp_in_scala/.scala-build/ide-launcher-options.json, --envs-file, /Users/nilayshrivastava/Documents/programming_language/scala/learning_scala/fp_in_scala/.scala-build/ide-envs.json, /Users/nilayshrivastava/Documents/programming_language/scala/learning_scala/fp_in_scala/fib.scala)[0m
2026.08.01 23:44:41 INFO  Tracing is disabled for protocol BSP. To enable tracing of incoming and outgoing JSON messages, create an empty file at /Users/nilayshrivastava/Documents/programming_language/scala/learning_scala/fp_in_scala/.metals/bsp.trace.json or /Users/nilayshrivastava/Library/Caches/org.scalameta.metals/bsp.trace.json[0m
2026.08.01 23:44:41 INFO  BSP server: Starting compilation server[0m
2026.08.01 23:44:41 INFO  BSP server: Downloading https://repo1.maven.org/maven2/org/scala-lang/scala3-library_3/3.8.4/scala3-library_3-3.8.4-sources.jar[0m
2026.08.01 23:44:41 INFO  BSP server: Downloading https://repo1.maven.org/maven2/org/scala-lang/scala-library/3.8.4/scala-library-3.8.4-sources.jar[0m
2026.08.01 23:44:41 INFO  BSP server: Downloaded https://repo1.maven.org/maven2/org/scala-lang/scala3-library_3/3.8.4/scala3-library_3-3.8.4-sources.jar[0m
2026.08.01 23:44:43 INFO  BSP server: Downloaded https://repo1.maven.org/maven2/org/scala-lang/scala-library/3.8.4/scala-library-3.8.4-sources.jar[0m
2026.08.01 23:44:43 INFO  time: Connected to build server in 1.52s[0m
2026.08.01 23:44:43 INFO  Connected to Build server: scala-cli v1.15.0[0m
2026.08.01 23:44:43 INFO  compiling fp_in_scala_c8c58e032e-3c184f7c4b (1 scala source)[0m
2026.08.01 23:44:43 INFO  time: compiled fp_in_scala_c8c58e032e-3c184f7c4b in 0.89s[0m
2026.08.01 23:44:46 WARN  Using H2 2.4.240 which is newer than the version Flyway has been verified with. The latest verified version of H2 is 2.3.232.[0m
2026.08.01 23:44:50 INFO  time: indexed workspace in 6.72s[0m
2026.08.01 23:44:57 INFO  Selected port 5031[0m
Aug 01, 2026 11:44:57 PM io.undertow.Undertow start
INFO: starting server: Undertow - 2.3.12.Final
Aug 01, 2026 11:44:57 PM org.xnio.Xnio <clinit>
INFO: XNIO version 3.8.17.Final
Aug 01, 2026 11:44:57 PM org.xnio.nio.NioXnio <clinit>
INFO: XNIO NIO Implementation Version 3.8.17.Final
Aug 01, 2026 11:44:57 PM org.jboss.threads.Version <clinit>
INFO: JBoss Threads version 3.5.0.Final
2026.08.01 23:44:57 INFO  Started Metals http server at http://127.0.0.1:5031[0m
2026.08.01 23:46:33 INFO  Shutting down server[0m
2026.08.01 23:46:33 INFO  Memory monitor stopped[0m
2026.08.01 23:46:33 INFO  shutting down Metals[0m
2026.08.01 23:46:33 INFO  Shut down connection with build server.[0m
2026.08.01 23:46:33 INFO  Exiting server[0m
2026.08.01 23:46:36 INFO  Started: Metals version 1.6.8 in folders '/Users/nilayshrivastava/Documents/programming_language/scala/learning_scala/fp_in_scala' for client Vim 9020850.[0m
2026.08.01 23:46:36 INFO  Memory monitor started[0m
2026.08.01 23:46:36 WARN  Using H2 2.4.240 which is newer than the version Flyway has been verified with. The latest verified version of H2 is 2.3.232.[0m
2026.08.01 23:46:36 INFO  Attempting to connect to the build server...[0m
2026.08.01 23:46:36 INFO  Running BSP server List(/Users/nilayshrivastava/Library/Application Support/Coursier/bin/.scala-cli.aux, bsp, --json-options, /Users/nilayshrivastava/Documents/programming_language/scala/learning_scala/fp_in_scala/.scala-build/ide-options-v2.json, --json-launcher-options, /Users/nilayshrivastava/Documents/programming_language/scala/learning_scala/fp_in_scala/.scala-build/ide-launcher-options.json, --envs-file, /Users/nilayshrivastava/Documents/programming_language/scala/learning_scala/fp_in_scala/.scala-build/ide-envs.json, /Users/nilayshrivastava/Documents/programming_language/scala/learning_scala/fp_in_scala/fib.scala)[0m
2026.08.01 23:46:36 INFO  Tracing is disabled for protocol BSP. To enable tracing of incoming and outgoing JSON messages, create an empty file at /Users/nilayshrivastava/Documents/programming_language/scala/learning_scala/fp_in_scala/.metals/bsp.trace.json or /Users/nilayshrivastava/Library/Caches/org.scalameta.metals/bsp.trace.json[0m
2026.08.01 23:46:37 INFO  BSP server: Starting compilation server[0m
2026.08.01 23:46:38 INFO  time: Connected to build server in 1.23s[0m
2026.08.01 23:46:38 INFO  Connected to Build server: scala-cli v1.15.0[0m
2026.08.01 23:46:38 WARN  Using H2 2.4.240 which is newer than the version Flyway has been verified with. The latest verified version of H2 is 2.3.232.[0m
2026.08.01 23:46:39 INFO  time: indexed workspace in 1s[0m
2026.08.01 23:49:31 WARN  Unable to run doctor. Make sure `isHttpEnabled` is set to `true`.[0m
2026.08.01 23:49:51 INFO  Shutting down server[0m
2026.08.01 23:49:51 INFO  Memory monitor stopped[0m
2026.08.01 23:49:51 INFO  shutting down Metals[0m
2026.08.01 23:49:51 INFO  Shut down connection with build server.[0m
2026.08.01 23:49:51 INFO  BSP server: Aug 01, 2026 11:49:51 PM org.eclipse.lsp4j.jsonrpc.RemoteEndpoint handleNotification[0m
2026.08.01 23:49:51 INFO  BSP server: WARNING: Notification threw an exception: {[0m
2026.08.01 23:49:51 INFO  Exiting server[0m
2026.08.01 23:49:54 INFO  Started: Metals version 1.6.8 in folders '/Users/nilayshrivastava/Documents/programming_language/scala/learning_scala/fp_in_scala' for client Vim 9020850.[0m
2026.08.01 23:49:54 INFO  Memory monitor started[0m
2026.08.01 23:49:54 WARN  Using H2 2.4.240 which is newer than the version Flyway has been verified with. The latest verified version of H2 is 2.3.232.[0m
2026.08.01 23:49:54 INFO  Attempting to connect to the build server...[0m
2026.08.01 23:49:54 INFO  Running BSP server List(/Users/nilayshrivastava/Library/Application Support/Coursier/bin/.scala-cli.aux, bsp, --json-options, /Users/nilayshrivastava/Documents/programming_language/scala/learning_scala/fp_in_scala/.scala-build/ide-options-v2.json, --json-launcher-options, /Users/nilayshrivastava/Documents/programming_language/scala/learning_scala/fp_in_scala/.scala-build/ide-launcher-options.json, --envs-file, /Users/nilayshrivastava/Documents/programming_language/scala/learning_scala/fp_in_scala/.scala-build/ide-envs.json, /Users/nilayshrivastava/Documents/programming_language/scala/learning_scala/fp_in_scala/fib.scala)[0m
2026.08.01 23:49:54 INFO  Tracing is disabled for protocol BSP. To enable tracing of incoming and outgoing JSON messages, create an empty file at /Users/nilayshrivastava/Documents/programming_language/scala/learning_scala/fp_in_scala/.metals/bsp.trace.json or /Users/nilayshrivastava/Library/Caches/org.scalameta.metals/bsp.trace.json[0m
2026.08.01 23:49:54 INFO  BSP server: Starting compilation server[0m
2026.08.01 23:49:54 INFO  time: Connected to build server in 0.98s[0m
2026.08.01 23:49:55 INFO  Connected to Build server: scala-cli v1.15.0[0m
2026.08.01 23:49:56 WARN  Using H2 2.4.240 which is newer than the version Flyway has been verified with. The latest verified version of H2 is 2.3.232.[0m
2026.08.01 23:49:56 INFO  time: indexed workspace in 0.98s[0m
2026.08.01 23:50:03 WARN  Unable to run doctor. Make sure `isHttpEnabled` is set to `true`.[0m
2026.08.01 23:51:53 INFO  compiling fp_in_scala_c8c58e032e-3c184f7c4b (1 scala source)[0m
2026.08.01 23:51:53 INFO  time: compiled fp_in_scala_c8c58e032e-3c184f7c4b in 0.83s[0m
Aug 02, 2026 12:25:14 AM org.eclipse.lsp4j.jsonrpc.RemoteEndpoint handleNotification
WARNING: Notification threw an exception: {
  "jsonrpc": "2.0",
  "method": "textDocument/didOpen",
  "params": {
    "textDocument": {
      "uri": "file:///Users/nilayshrivastava/Documents/programming_language/scala/learning_scala/fp_in_scala/inorder.scala",
      "languageId": "scala",
      "version": 1,
      "text": "\n"
    }
  }
}
java.lang.IllegalStateException: An unexpected exception occurred while executing jsonrpc method public abstract java.util.concurrent.CompletableFuture scala.meta.metals.lsp.TextDocumentService.didOpen(org.eclipse.lsp4j.DidOpenTextDocumentParams)
	at org.eclipse.lsp4j.jsonrpc.services.GenericEndpoint.lambda$recursiveFindRpcMethods$0(GenericEndpoint.java:73)
	at org.eclipse.lsp4j.jsonrpc.services.GenericEndpoint.notify(GenericEndpoint.java:160)
	at org.eclipse.lsp4j.jsonrpc.RemoteEndpoint.handleNotification(RemoteEndpoint.java:225)
	at org.eclipse.lsp4j.jsonrpc.RemoteEndpoint.consume(RemoteEndpoint.java:192)
	at org.eclipse.lsp4j.jsonrpc.json.StreamMessageProducer.handleMessage(StreamMessageProducer.java:189)
	at org.eclipse.lsp4j.jsonrpc.json.StreamMessageProducer.listen(StreamMessageProducer.java:97)
	at org.eclipse.lsp4j.jsonrpc.json.ConcurrentMessageProcessor.run(ConcurrentMessageProcessor.java:97)
	at java.base/java.util.concurrent.Executors$RunnableAdapter.call(Executors.java:539)
	at java.base/java.util.concurrent.FutureTask.run(FutureTask.java:264)
	at java.base/java.util.concurrent.ThreadPoolExecutor.runWorker(ThreadPoolExecutor.java:1136)
	at java.base/java.util.concurrent.ThreadPoolExecutor$Worker.run(ThreadPoolExecutor.java:635)
	at java.base/java.lang.Thread.run(Thread.java:840)
Caused by: java.nio.file.NoSuchFileException: /Users/nilayshrivastava/Documents/programming_language/scala/learning_scala/fp_in_scala/inorder.scala
	at java.base/sun.nio.fs.UnixException.translateToIOException(UnixException.java:92)
	at java.base/sun.nio.fs.UnixException.rethrowAsIOException(UnixException.java:106)
	at java.base/sun.nio.fs.UnixException.rethrowAsIOException(UnixException.java:111)
	at java.base/sun.nio.fs.UnixFileSystemProvider.newByteChannel(UnixFileSystemProvider.java:218)
	at java.base/java.nio.file.Files.newByteChannel(Files.java:380)
	at java.base/java.nio.file.Files.newByteChannel(Files.java:432)
	at java.base/java.nio.file.Files.readAllBytes(Files.java:3288)
	at scala.meta.internal.io.PlatformFileIO$.slurp(PlatformFileIO.scala:38)
	at scala.meta.internal.io.FileIO$.slurp(FileIO.scala:18)
	at scala.meta.internal.metals.MetalsLspService.didOpen(MetalsLspService.scala:762)
	at scala.meta.internal.metals.WorkspaceLspService.didOpen(WorkspaceLspService.scala:476)
	at scala.meta.metals.lsp.DelegatingScalaService.didOpen(DelegatingScalaService.scala:38)
	at java.base/jdk.internal.reflect.NativeMethodAccessorImpl.invoke0(Native Method)
	at java.base/jdk.internal.reflect.NativeMethodAccessorImpl.invoke(NativeMethodAccessorImpl.java:77)
	at java.base/jdk.internal.reflect.DelegatingMethodAccessorImpl.invoke(DelegatingMethodAccessorImpl.java:43)
	at java.base/java.lang.reflect.Method.invoke(Method.java:569)
	at org.eclipse.lsp4j.jsonrpc.services.GenericEndpoint.lambda$recursiveFindRpcMethods$0(GenericEndpoint.java:65)
	... 11 more

2026.08.02 00:25:14 INFO  no build target found for /Users/nilayshrivastava/Documents/programming_language/scala/learning_scala/fp_in_scala/inorder.scala. Using presentation compiler with project's scala-library version: 3.8.4[0m
2026.08.02 00:25:21 INFO  no build target found for /Users/nilayshrivastava/Documents/programming_language/scala/learning_scala/fp_in_scala/inorder.scala. Using presentation compiler with project's scala-library version: 3.8.4[0m
2026.08.02 00:25:21 INFO  no build target found for /Users/nilayshrivastava/Documents/programming_language/scala/learning_scala/fp_in_scala/inorder.scala. Using presentation compiler with project's scala-library version: 3.8.4[0m
2026.08.02 00:25:21 INFO  no build target found for /Users/nilayshrivastava/Documents/programming_language/scala/learning_scala/fp_in_scala/inorder.scala. Using presentation compiler with project's scala-library version: 3.8.4[0m
2026.08.02 00:25:21 INFO  no build target found for /Users/nilayshrivastava/Documents/programming_language/scala/learning_scala/fp_in_scala/inorder.scala. Using presentation compiler with project's scala-library version: 3.8.4[0m
2026.08.02 00:25:21 INFO  no build target found for /Users/nilayshrivastava/Documents/programming_language/scala/learning_scala/fp_in_scala/inorder.scala. Using presentation compiler with project's scala-library version: 3.8.4[0m
2026.08.02 00:25:21 INFO  no build target found for /Users/nilayshrivastava/Documents/programming_language/scala/learning_scala/fp_in_scala/inorder.scala. Using presentation compiler with project's scala-library version: 3.8.4[0m
2026.08.02 00:25:24 INFO  no build target found for /Users/nilayshrivastava/Documents/programming_language/scala/learning_scala/fp_in_scala/inorder.scala. Using presentation compiler with project's scala-library version: 3.8.4[0m
2026.08.02 00:25:24 INFO  no build target found for /Users/nilayshrivastava/Documents/programming_language/scala/learning_scala/fp_in_scala/inorder.scala. Using presentation compiler with project's scala-library version: 3.8.4[0m
2026.08.02 00:25:24 INFO  no build target found for /Users/nilayshrivastava/Documents/programming_language/scala/learning_scala/fp_in_scala/inorder.scala. Using presentation compiler with project's scala-library version: 3.8.4[0m
2026.08.02 00:25:24 INFO  no build target found for /Users/nilayshrivastava/Documents/programming_language/scala/learning_scala/fp_in_scala/inorder.scala. Using presentation compiler with project's scala-library version: 3.8.4[0m
2026.08.02 00:25:24 INFO  no build target found for /Users/nilayshrivastava/Documents/programming_language/scala/learning_scala/fp_in_scala/inorder.scala. Using presentation compiler with project's scala-library version: 3.8.4[0m
2026.08.02 00:25:24 INFO  no build target found for /Users/nilayshrivastava/Documents/programming_language/scala/learning_scala/fp_in_scala/inorder.scala. Using presentation compiler with project's scala-library version: 3.8.4[0m
2026.08.02 00:25:24 INFO  no build target found for /Users/nilayshrivastava/Documents/programming_language/scala/learning_scala/fp_in_scala/inorder.scala. Using presentation compiler with project's scala-library version: 3.8.4[0m
2026.08.02 00:25:24 INFO  no build target found for /Users/nilayshrivastava/Documents/programming_language/scala/learning_scala/fp_in_scala/inorder.scala. Using presentation compiler with project's scala-library version: 3.8.4[0m
2026.08.02 00:25:24 INFO  no build target found for /Users/nilayshrivastava/Documents/programming_language/scala/learning_scala/fp_in_scala/inorder.scala. Using presentation compiler with project's scala-library version: 3.8.4[0m
2026.08.02 00:25:25 INFO  no build target found for /Users/nilayshrivastava/Documents/programming_language/scala/learning_scala/fp_in_scala/inorder.scala. Using presentation compiler with project's scala-library version: 3.8.4[0m
2026.08.02 00:25:25 INFO  no build target found for /Users/nilayshrivastava/Documents/programming_language/scala/learning_scala/fp_in_scala/inorder.scala. Using presentation compiler with project's scala-library version: 3.8.4[0m
2026.08.02 00:25:25 INFO  no build target found for /Users/nilayshrivastava/Documents/programming_language/scala/learning_scala/fp_in_scala/inorder.scala. Using presentation compiler with project's scala-library version: 3.8.4[0m
2026.08.02 00:25:25 INFO  no build target found for /Users/nilayshrivastava/Documents/programming_language/scala/learning_scala/fp_in_scala/inorder.scala. Using presentation compiler with project's scala-library version: 3.8.4[0m
2026.08.02 00:25:25 INFO  no build target found for /Users/nilayshrivastava/Documents/programming_language/scala/learning_scala/fp_in_scala/inorder.scala. Using presentation compiler with project's scala-library version: 3.8.4[0m
2026.08.02 00:25:25 INFO  no build target found for /Users/nilayshrivastava/Documents/programming_language/scala/learning_scala/fp_in_scala/inorder.scala. Using presentation compiler with project's scala-library version: 3.8.4[0m
2026.08.02 00:25:25 INFO  no build target found for /Users/nilayshrivastava/Documents/programming_language/scala/learning_scala/fp_in_scala/inorder.scala. Using presentation compiler with project's scala-library version: 3.8.4[0m
2026.08.02 00:25:25 INFO  no build target found for /Users/nilayshrivastava/Documents/programming_language/scala/learning_scala/fp_in_scala/inorder.scala. Using presentation compiler with project's scala-library version: 3.8.4[0m
2026.08.02 00:25:25 INFO  no build target found for /Users/nilayshrivastava/Documents/programming_language/scala/learning_scala/fp_in_scala/inorder.scala. Using presentation compiler with project's scala-library version: 3.8.4[0m
2026.08.02 00:25:27 INFO  no build target found for /Users/nilayshrivastava/Documents/programming_language/scala/learning_scala/fp_in_scala/inorder.scala. Using presentation compiler with project's scala-library version: 3.8.4[0m
2026.08.02 00:25:27 INFO  no build target found for /Users/nilayshrivastava/Documents/programming_language/scala/learning_scala/fp_in_scala/inorder.scala. Using presentation compiler with project's scala-library version: 3.8.4[0m
2026.08.02 00:25:27 INFO  no build target found for /Users/nilayshrivastava/Documents/programming_language/scala/learning_scala/fp_in_scala/inorder.scala. Using presentation compiler with project's scala-library version: 3.8.4[0m
2026.08.02 00:25:27 INFO  no build target found for /Users/nilayshrivastava/Documents/programming_language/scala/learning_scala/fp_in_scala/inorder.scala. Using presentation compiler with project's scala-library version: 3.8.4[0m
2026.08.02 00:25:27 INFO  no build target found for /Users/nilayshrivastava/Documents/programming_language/scala/learning_scala/fp_in_scala/inorder.scala. Using presentation compiler with project's scala-library version: 3.8.4[0m
2026.08.02 00:25:27 INFO  no build target found for /Users/nilayshrivastava/Documents/programming_language/scala/learning_scala/fp_in_scala/inorder.scala. Using presentation compiler with project's scala-library version: 3.8.4[0m
2026.08.02 00:25:27 INFO  no build target found for /Users/nilayshrivastava/Documents/programming_language/scala/learning_scala/fp_in_scala/inorder.scala. Using presentation compiler with project's scala-library version: 3.8.4[0m
2026.08.02 00:25:27 INFO  no build target found for /Users/nilayshrivastava/Documents/programming_language/scala/learning_scala/fp_in_scala/inorder.scala. Using presentation compiler with project's scala-library version: 3.8.4[0m
2026.08.02 00:25:27 INFO  no build target found for /Users/nilayshrivastava/Documents/programming_language/scala/learning_scala/fp_in_scala/inorder.scala. Using presentation compiler with project's scala-library version: 3.8.4[0m
2026.08.02 00:25:30 INFO  no build target found for /Users/nilayshrivastava/Documents/programming_language/scala/learning_scala/fp_in_scala/inorder.scala. Using presentation compiler with project's scala-library version: 3.8.4[0m
2026.08.02 00:25:30 INFO  no build target found for /Users/nilayshrivastava/Documents/programming_language/scala/learning_scala/fp_in_scala/inorder.scala. Using presentation compiler with project's scala-library version: 3.8.4[0m
2026.08.02 00:25:30 INFO  no build target found for /Users/nilayshrivastava/Documents/programming_language/scala/learning_scala/fp_in_scala/inorder.scala. Using presentation compiler with project's scala-library version: 3.8.4[0m
2026.08.02 00:25:30 INFO  no build target found for /Users/nilayshrivastava/Documents/programming_language/scala/learning_scala/fp_in_scala/inorder.scala. Using presentation compiler with project's scala-library version: 3.8.4[0m
2026.08.02 00:25:30 INFO  no build target found for /Users/nilayshrivastava/Documents/programming_language/scala/learning_scala/fp_in_scala/inorder.scala. Using presentation compiler with project's scala-library version: 3.8.4[0m
2026.08.02 00:25:31 INFO  no build target found for /Users/nilayshrivastava/Documents/programming_language/scala/learning_scala/fp_in_scala/inorder.scala. Using presentation compiler with project's scala-library version: 3.8.4[0m
2026.08.02 00:25:31 INFO  no build target found for /Users/nilayshrivastava/Documents/programming_language/scala/learning_scala/fp_in_scala/inorder.scala. Using presentation compiler with project's scala-library version: 3.8.4[0m
2026.08.02 00:25:31 INFO  no build target found for /Users/nilayshrivastava/Documents/programming_language/scala/learning_scala/fp_in_scala/inorder.scala. Using presentation compiler with project's scala-library version: 3.8.4[0m
2026.08.02 00:25:33 INFO  no build target found for /Users/nilayshrivastava/Documents/programming_language/scala/learning_scala/fp_in_scala/inorder.scala. Using presentation compiler with project's scala-library version: 3.8.4[0m
2026.08.02 00:25:40 INFO  no build target found for /Users/nilayshrivastava/Documents/programming_language/scala/learning_scala/fp_in_scala/inorder.scala. Using presentation compiler with project's scala-library version: 3.8.4[0m
2026.08.02 00:25:40 INFO  no build target found for /Users/nilayshrivastava/Documents/programming_language/scala/learning_scala/fp_in_scala/inorder.scala. Using presentation compiler with project's scala-library version: 3.8.4[0m
2026.08.02 00:25:40 INFO  no build target found for /Users/nilayshrivastava/Documents/programming_language/scala/learning_scala/fp_in_scala/inorder.scala. Using presentation compiler with project's scala-library version: 3.8.4[0m
2026.08.02 00:25:42 INFO  no build target found for /Users/nilayshrivastava/Documents/programming_language/scala/learning_scala/fp_in_scala/inorder.scala. Using presentation compiler with project's scala-library version: 3.8.4[0m
2026.08.02 00:25:42 INFO  no build target found for /Users/nilayshrivastava/Documents/programming_language/scala/learning_scala/fp_in_scala/inorder.scala. Using presentation compiler with project's scala-library version: 3.8.4[0m
2026.08.02 00:25:46 INFO  no build target found for /Users/nilayshrivastava/Documents/programming_language/scala/learning_scala/fp_in_scala/inorder.scala. Using presentation compiler with project's scala-library version: 3.8.4[0m
2026.08.02 00:25:46 INFO  no build target found for /Users/nilayshrivastava/Documents/programming_language/scala/learning_scala/fp_in_scala/inorder.scala. Using presentation compiler with project's scala-library version: 3.8.4[0m
2026.08.02 00:25:46 INFO  no build target found for /Users/nilayshrivastava/Documents/programming_language/scala/learning_scala/fp_in_scala/inorder.scala. Using presentation compiler with project's scala-library version: 3.8.4[0m
2026.08.02 00:25:46 INFO  no build target found for /Users/nilayshrivastava/Documents/programming_language/scala/learning_scala/fp_in_scala/inorder.scala. Using presentation compiler with project's scala-library version: 3.8.4[0m
2026.08.02 00:25:46 INFO  no build target found for /Users/nilayshrivastava/Documents/programming_language/scala/learning_scala/fp_in_scala/inorder.scala. Using presentation compiler with project's scala-library version: 3.8.4[0m
2026.08.02 00:25:46 INFO  no build target found for /Users/nilayshrivastava/Documents/programming_language/scala/learning_scala/fp_in_scala/inorder.scala. Using presentation compiler with project's scala-library version: 3.8.4[0m
2026.08.02 00:25:46 INFO  no build target found for /Users/nilayshrivastava/Documents/programming_language/scala/learning_scala/fp_in_scala/inorder.scala. Using presentation compiler with project's scala-library version: 3.8.4[0m
2026.08.02 00:25:46 INFO  no build target found for /Users/nilayshrivastava/Documents/programming_language/scala/learning_scala/fp_in_scala/inorder.scala. Using presentation compiler with project's scala-library version: 3.8.4[0m
2026.08.02 00:25:47 INFO  no build target found for /Users/nilayshrivastava/Documents/programming_language/scala/learning_scala/fp_in_scala/inorder.scala. Using presentation compiler with project's scala-library version: 3.8.4[0m
2026.08.02 00:25:47 INFO  no build target found for /Users/nilayshrivastava/Documents/programming_language/scala/learning_scala/fp_in_scala/inorder.scala. Using presentation compiler with project's scala-library version: 3.8.4[0m
2026.08.02 00:25:47 INFO  no build target found for /Users/nilayshrivastava/Documents/programming_language/scala/learning_scala/fp_in_scala/inorder.scala. Using presentation compiler with project's scala-library version: 3.8.4[0m
2026.08.02 00:25:47 INFO  no build target found for /Users/nilayshrivastava/Documents/programming_language/scala/learning_scala/fp_in_scala/inorder.scala. Using presentation compiler with project's scala-library version: 3.8.4[0m
2026.08.02 00:25:47 INFO  no build target found for /Users/nilayshrivastava/Documents/programming_language/scala/learning_scala/fp_in_scala/inorder.scala. Using presentation compiler with project's scala-library version: 3.8.4[0m
2026.08.02 00:25:47 INFO  no build target found for /Users/nilayshrivastava/Documents/programming_language/scala/learning_scala/fp_in_scala/inorder.scala. Using presentation compiler with project's scala-library version: 3.8.4[0m
2026.08.02 00:25:47 INFO  no build target found for /Users/nilayshrivastava/Documents/programming_language/scala/learning_scala/fp_in_scala/inorder.scala. Using presentation compiler with project's scala-library version: 3.8.4[0m
2026.08.02 00:25:47 INFO  no build target found for /Users/nilayshrivastava/Documents/programming_language/scala/learning_scala/fp_in_scala/inorder.scala. Using presentation compiler with project's scala-library version: 3.8.4[0m
2026.08.02 00:25:47 INFO  no build target found for /Users/nilayshrivastava/Documents/programming_language/scala/learning_scala/fp_in_scala/inorder.scala. Using presentation compiler with project's scala-library version: 3.8.4[0m
2026.08.02 00:25:47 INFO  no build target found for /Users/nilayshrivastava/Documents/programming_language/scala/learning_scala/fp_in_scala/inorder.scala. Using presentation compiler with project's scala-library version: 3.8.4[0m
2026.08.02 00:25:47 INFO  no build target found for /Users/nilayshrivastava/Documents/programming_language/scala/learning_scala/fp_in_scala/inorder.scala. Using presentation compiler with project's scala-library version: 3.8.4[0m
2026.08.02 00:26:18 INFO  no build target found for /Users/nilayshrivastava/Documents/programming_language/scala/learning_scala/fp_in_scala/inorder.scala. Using presentation compiler with project's scala-library version: 3.8.4[0m
2026.08.02 00:26:18 INFO  no build target found for /Users/nilayshrivastava/Documents/programming_language/scala/learning_scala/fp_in_scala/inorder.scala. Using presentation compiler with project's scala-library version: 3.8.4[0m
2026.08.02 00:35:11 INFO  no build target found for /Users/nilayshrivastava/Documents/programming_language/scala/learning_scala/fp_in_scala/inorder.scala. Using presentation compiler with project's scala-library version: 3.8.4[0m
2026.08.02 00:35:11 INFO  no build target found for /Users/nilayshrivastava/Documents/programming_language/scala/learning_scala/fp_in_scala/inorder.scala. Using presentation compiler with project's scala-library version: 3.8.4[0m
2026.08.02 00:35:11 INFO  no build target found for /Users/nilayshrivastava/Documents/programming_language/scala/learning_scala/fp_in_scala/inorder.scala. Using presentation compiler with project's scala-library version: 3.8.4[0m
2026.08.02 00:35:11 INFO  no build target found for /Users/nilayshrivastava/Documents/programming_language/scala/learning_scala/fp_in_scala/inorder.scala. Using presentation compiler with project's scala-library version: 3.8.4[0m
2026.08.02 00:35:11 INFO  no build target found for /Users/nilayshrivastava/Documents/programming_language/scala/learning_scala/fp_in_scala/inorder.scala. Using presentation compiler with project's scala-library version: 3.8.4[0m
2026.08.02 00:35:11 INFO  no build target found for /Users/nilayshrivastava/Documents/programming_language/scala/learning_scala/fp_in_scala/inorder.scala. Using presentation compiler with project's scala-library version: 3.8.4[0m
2026.08.02 00:35:12 INFO  no build target found for /Users/nilayshrivastava/Documents/programming_language/scala/learning_scala/fp_in_scala/inorder.scala. Using presentation compiler with project's scala-library version: 3.8.4[0m
2026.08.02 00:35:12 INFO  no build target found for /Users/nilayshrivastava/Documents/programming_language/scala/learning_scala/fp_in_scala/inorder.scala. Using presentation compiler with project's scala-library version: 3.8.4[0m
2026.08.02 00:35:12 INFO  no build target found for /Users/nilayshrivastava/Documents/programming_language/scala/learning_scala/fp_in_scala/inorder.scala. Using presentation compiler with project's scala-library version: 3.8.4[0m
2026.08.02 00:35:12 INFO  no build target found for /Users/nilayshrivastava/Documents/programming_language/scala/learning_scala/fp_in_scala/inorder.scala. Using presentation compiler with project's scala-library version: 3.8.4[0m
2026.08.02 00:35:12 INFO  no build target found for /Users/nilayshrivastava/Documents/programming_language/scala/learning_scala/fp_in_scala/inorder.scala. Using presentation compiler with project's scala-library version: 3.8.4[0m
2026.08.02 00:35:12 INFO  no build target found for /Users/nilayshrivastava/Documents/programming_language/scala/learning_scala/fp_in_scala/inorder.scala. Using presentation compiler with project's scala-library version: 3.8.4[0m
2026.08.02 00:35:12 INFO  no build target found for /Users/nilayshrivastava/Documents/programming_language/scala/learning_scala/fp_in_scala/inorder.scala. Using presentation compiler with project's scala-library version: 3.8.4[0m
2026.08.02 00:35:12 INFO  no build target found for /Users/nilayshrivastava/Documents/programming_language/scala/learning_scala/fp_in_scala/inorder.scala. Using presentation compiler with project's scala-library version: 3.8.4[0m
2026.08.02 00:35:14 INFO  no build target found for /Users/nilayshrivastava/Documents/programming_language/scala/learning_scala/fp_in_scala/inorder.scala. Using presentation compiler with project's scala-library version: 3.8.4[0m
2026.08.02 00:35:14 INFO  no build target found for /Users/nilayshrivastava/Documents/programming_language/scala/learning_scala/fp_in_scala/inorder.scala. Using presentation compiler with project's scala-library version: 3.8.4[0m
2026.08.02 00:35:14 INFO  no build target found for /Users/nilayshrivastava/Documents/programming_language/scala/learning_scala/fp_in_scala/inorder.scala. Using presentation compiler with project's scala-library version: 3.8.4[0m
2026.08.02 00:35:14 INFO  no build target found for /Users/nilayshrivastava/Documents/programming_language/scala/learning_scala/fp_in_scala/inorder.scala. Using presentation compiler with project's scala-library version: 3.8.4[0m
2026.08.02 00:35:14 INFO  no build target found for /Users/nilayshrivastava/Documents/programming_language/scala/learning_scala/fp_in_scala/inorder.scala. Using presentation compiler with project's scala-library version: 3.8.4[0m
2026.08.02 00:35:14 INFO  no build target found for /Users/nilayshrivastava/Documents/programming_language/scala/learning_scala/fp_in_scala/inorder.scala. Using presentation compiler with project's scala-library version: 3.8.4[0m
2026.08.02 00:35:14 INFO  no build target found for /Users/nilayshrivastava/Documents/programming_language/scala/learning_scala/fp_in_scala/inorder.scala. Using presentation compiler with project's scala-library version: 3.8.4[0m
2026.08.02 00:35:15 INFO  no build target found for /Users/nilayshrivastava/Documents/programming_language/scala/learning_scala/fp_in_scala/inorder.scala. Using presentation compiler with project's scala-library version: 3.8.4[0m
2026.08.02 00:35:15 INFO  no build target found for /Users/nilayshrivastava/Documents/programming_language/scala/learning_scala/fp_in_scala/inorder.scala. Using presentation compiler with project's scala-library version: 3.8.4[0m
2026.08.02 00:35:15 INFO  no build target found for /Users/nilayshrivastava/Documents/programming_language/scala/learning_scala/fp_in_scala/inorder.scala. Using presentation compiler with project's scala-library version: 3.8.4[0m
2026.08.02 00:35:15 INFO  no build target found for /Users/nilayshrivastava/Documents/programming_language/scala/learning_scala/fp_in_scala/inorder.scala. Using presentation compiler with project's scala-library version: 3.8.4[0m
2026.08.02 00:35:15 INFO  no build target found for /Users/nilayshrivastava/Documents/programming_language/scala/learning_scala/fp_in_scala/inorder.scala. Using presentation compiler with project's scala-library version: 3.8.4[0m
2026.08.02 00:35:16 INFO  no build target found for /Users/nilayshrivastava/Documents/programming_language/scala/learning_scala/fp_in_scala/inorder.scala. Using presentation compiler with project's scala-library version: 3.8.4[0m
2026.08.02 00:35:16 INFO  no build target found for /Users/nilayshrivastava/Documents/programming_language/scala/learning_scala/fp_in_scala/inorder.scala. Using presentation compiler with project's scala-library version: 3.8.4[0m
2026.08.02 00:35:18 INFO  no build target found for /Users/nilayshrivastava/Documents/programming_language/scala/learning_scala/fp_in_scala/inorder.scala. Using presentation compiler with project's scala-library version: 3.8.4[0m
2026.08.02 00:35:18 INFO  no build target found for /Users/nilayshrivastava/Documents/programming_language/scala/learning_scala/fp_in_scala/inorder.scala. Using presentation compiler with project's scala-library version: 3.8.4[0m
2026.08.02 00:35:18 INFO  no build target found for /Users/nilayshrivastava/Documents/programming_language/scala/learning_scala/fp_in_scala/inorder.scala. Using presentation compiler with project's scala-library version: 3.8.4[0m
2026.08.02 00:35:18 INFO  no build target found for /Users/nilayshrivastava/Documents/programming_language/scala/learning_scala/fp_in_scala/inorder.scala. Using presentation compiler with project's scala-library version: 3.8.4[0m
2026.08.02 00:35:18 INFO  no build target found for /Users/nilayshrivastava/Documents/programming_language/scala/learning_scala/fp_in_scala/inorder.scala. Using presentation compiler with project's scala-library version: 3.8.4[0m
2026.08.02 00:35:18 INFO  no build target found for /Users/nilayshrivastava/Documents/programming_language/scala/learning_scala/fp_in_scala/inorder.scala. Using presentation compiler with project's scala-library version: 3.8.4[0m
2026.08.02 00:35:18 INFO  no build target found for /Users/nilayshrivastava/Documents/programming_language/scala/learning_scala/fp_in_scala/inorder.scala. Using presentation compiler with project's scala-library version: 3.8.4[0m
2026.08.02 00:35:19 INFO  no build target found for /Users/nilayshrivastava/Documents/programming_language/scala/learning_scala/fp_in_scala/inorder.scala. Using presentation compiler with project's scala-library version: 3.8.4[0m
2026.08.02 00:35:19 INFO  no build target found for /Users/nilayshrivastava/Documents/programming_language/scala/learning_scala/fp_in_scala/inorder.scala. Using presentation compiler with project's scala-library version: 3.8.4[0m
2026.08.02 00:35:19 INFO  no build target found for /Users/nilayshrivastava/Documents/programming_language/scala/learning_scala/fp_in_scala/inorder.scala. Using presentation compiler with project's scala-library version: 3.8.4[0m
2026.08.02 00:35:19 INFO  no build target found for /Users/nilayshrivastava/Documents/programming_language/scala/learning_scala/fp_in_scala/inorder.scala. Using presentation compiler with project's scala-library version: 3.8.4[0m
2026.08.02 00:35:19 INFO  no build target found for /Users/nilayshrivastava/Documents/programming_language/scala/learning_scala/fp_in_scala/inorder.scala. Using presentation compiler with project's scala-library version: 3.8.4[0m
2026.08.02 00:35:19 INFO  no build target found for /Users/nilayshrivastava/Documents/programming_language/scala/learning_scala/fp_in_scala/inorder.scala. Using presentation compiler with project's scala-library version: 3.8.4[0m
2026.08.02 00:35:19 INFO  no build target found for /Users/nilayshrivastava/Documents/programming_language/scala/learning_scala/fp_in_scala/inorder.scala. Using presentation compiler with project's scala-library version: 3.8.4[0m
2026.08.02 00:35:21 INFO  no build target found for /Users/nilayshrivastava/Documents/programming_language/scala/learning_scala/fp_in_scala/inorder.scala. Using presentation compiler with project's scala-library version: 3.8.4[0m
2026.08.02 00:35:21 INFO  no build target found for /Users/nilayshrivastava/Documents/programming_language/scala/learning_scala/fp_in_scala/inorder.scala. Using presentation compiler with project's scala-library version: 3.8.4[0m
2026.08.02 00:35:21 INFO  no build target found for /Users/nilayshrivastava/Documents/programming_language/scala/learning_scala/fp_in_scala/inorder.scala. Using presentation compiler with project's scala-library version: 3.8.4[0m
2026.08.02 00:35:22 INFO  no build target found for /Users/nilayshrivastava/Documents/programming_language/scala/learning_scala/fp_in_scala/inorder.scala. Using presentation compiler with project's scala-library version: 3.8.4[0m
2026.08.02 00:35:22 INFO  no build target found for /Users/nilayshrivastava/Documents/programming_language/scala/learning_scala/fp_in_scala/inorder.scala. Using presentation compiler with project's scala-library version: 3.8.4[0m
2026.08.02 00:35:22 INFO  no build target found for /Users/nilayshrivastava/Documents/programming_language/scala/learning_scala/fp_in_scala/inorder.scala. Using presentation compiler with project's scala-library version: 3.8.4[0m
2026.08.02 00:35:24 INFO  no build target found for /Users/nilayshrivastava/Documents/programming_language/scala/learning_scala/fp_in_scala/inorder.scala. Using presentation compiler with project's scala-library version: 3.8.4[0m
2026.08.02 00:35:25 INFO  no build target found for /Users/nilayshrivastava/Documents/programming_language/scala/learning_scala/fp_in_scala/inorder.scala. Using presentation compiler with project's scala-library version: 3.8.4[0m
2026.08.02 00:35:25 INFO  no build target found for /Users/nilayshrivastava/Documents/programming_language/scala/learning_scala/fp_in_scala/inorder.scala. Using presentation compiler with project's scala-library version: 3.8.4[0m
2026.08.02 00:35:25 INFO  no build target found for /Users/nilayshrivastava/Documents/programming_language/scala/learning_scala/fp_in_scala/inorder.scala. Using presentation compiler with project's scala-library version: 3.8.4[0m
2026.08.02 00:35:25 INFO  no build target found for /Users/nilayshrivastava/Documents/programming_language/scala/learning_scala/fp_in_scala/inorder.scala. Using presentation compiler with project's scala-library version: 3.8.4[0m
2026.08.02 00:35:25 INFO  no build target found for /Users/nilayshrivastava/Documents/programming_language/scala/learning_scala/fp_in_scala/inorder.scala. Using presentation compiler with project's scala-library version: 3.8.4[0m
2026.08.02 00:35:25 INFO  no build target found for /Users/nilayshrivastava/Documents/programming_language/scala/learning_scala/fp_in_scala/inorder.scala. Using presentation compiler with project's scala-library version: 3.8.4[0m
2026.08.02 00:35:25 INFO  no build target found for /Users/nilayshrivastava/Documents/programming_language/scala/learning_scala/fp_in_scala/inorder.scala. Using presentation compiler with project's scala-library version: 3.8.4[0m
2026.08.02 00:35:25 INFO  no build target found for /Users/nilayshrivastava/Documents/programming_language/scala/learning_scala/fp_in_scala/inorder.scala. Using presentation compiler with project's scala-library version: 3.8.4[0m
2026.08.02 00:35:25 INFO  no build target found for /Users/nilayshrivastava/Documents/programming_language/scala/learning_scala/fp_in_scala/inorder.scala. Using presentation compiler with project's scala-library version: 3.8.4[0m
2026.08.02 00:35:25 INFO  no build target found for /Users/nilayshrivastava/Documents/programming_language/scala/learning_scala/fp_in_scala/inorder.scala. Using presentation compiler with project's scala-library version: 3.8.4[0m
2026.08.02 00:35:25 INFO  no build target found for /Users/nilayshrivastava/Documents/programming_language/scala/learning_scala/fp_in_scala/inorder.scala. Using presentation compiler with project's scala-library version: 3.8.4[0m
2026.08.02 00:35:27 INFO  no build target found for /Users/nilayshrivastava/Documents/programming_language/scala/learning_scala/fp_in_scala/inorder.scala. Using presentation compiler with project's scala-library version: 3.8.4[0m
2026.08.02 00:35:27 INFO  no build target found for /Users/nilayshrivastava/Documents/programming_language/scala/learning_scala/fp_in_scala/inorder.scala. Using presentation compiler with project's scala-library version: 3.8.4[0m
2026.08.02 00:35:27 INFO  no build target found for /Users/nilayshrivastava/Documents/programming_language/scala/learning_scala/fp_in_scala/inorder.scala. Using presentation compiler with project's scala-library version: 3.8.4[0m
2026.08.02 00:35:27 INFO  no build target found for /Users/nilayshrivastava/Documents/programming_language/scala/learning_scala/fp_in_scala/inorder.scala. Using presentation compiler with project's scala-library version: 3.8.4[0m
2026.08.02 00:35:27 INFO  no build target found for /Users/nilayshrivastava/Documents/programming_language/scala/learning_scala/fp_in_scala/inorder.scala. Using presentation compiler with project's scala-library version: 3.8.4[0m
2026.08.02 00:35:27 INFO  no build target found for /Users/nilayshrivastava/Documents/programming_language/scala/learning_scala/fp_in_scala/inorder.scala. Using presentation compiler with project's scala-library version: 3.8.4[0m
2026.08.02 00:35:27 INFO  no build target found for /Users/nilayshrivastava/Documents/programming_language/scala/learning_scala/fp_in_scala/inorder.scala. Using presentation compiler with project's scala-library version: 3.8.4[0m
2026.08.02 00:35:27 INFO  no build target found for /Users/nilayshrivastava/Documents/programming_language/scala/learning_scala/fp_in_scala/inorder.scala. Using presentation compiler with project's scala-library version: 3.8.4[0m
2026.08.02 00:35:29 INFO  no build target found for /Users/nilayshrivastava/Documents/programming_language/scala/learning_scala/fp_in_scala/inorder.scala. Using presentation compiler with project's scala-library version: 3.8.4[0m
2026.08.02 00:35:29 INFO  no build target found for /Users/nilayshrivastava/Documents/programming_language/scala/learning_scala/fp_in_scala/inorder.scala. Using presentation compiler with project's scala-library version: 3.8.4[0m
2026.08.02 00:35:29 INFO  no build target found for /Users/nilayshrivastava/Documents/programming_language/scala/learning_scala/fp_in_scala/inorder.scala. Using presentation compiler with project's scala-library version: 3.8.4[0m
2026.08.02 00:35:29 INFO  no build target found for /Users/nilayshrivastava/Documents/programming_language/scala/learning_scala/fp_in_scala/inorder.scala. Using presentation compiler with project's scala-library version: 3.8.4[0m
2026.08.02 00:35:29 INFO  no build target found for /Users/nilayshrivastava/Documents/programming_language/scala/learning_scala/fp_in_scala/inorder.scala. Using presentation compiler with project's scala-library version: 3.8.4[0m
2026.08.02 00:35:30 INFO  no build target found for /Users/nilayshrivastava/Documents/programming_language/scala/learning_scala/fp_in_scala/inorder.scala. Using presentation compiler with project's scala-library version: 3.8.4[0m
2026.08.02 00:35:31 INFO  no build target found for /Users/nilayshrivastava/Documents/programming_language/scala/learning_scala/fp_in_scala/inorder.scala. Using presentation compiler with project's scala-library version: 3.8.4[0m
2026.08.02 00:35:31 INFO  no build target found for /Users/nilayshrivastava/Documents/programming_language/scala/learning_scala/fp_in_scala/inorder.scala. Using presentation compiler with project's scala-library version: 3.8.4[0m
2026.08.02 00:35:31 INFO  no build target found for /Users/nilayshrivastava/Documents/programming_language/scala/learning_scala/fp_in_scala/inorder.scala. Using presentation compiler with project's scala-library version: 3.8.4[0m
2026.08.02 00:35:31 INFO  no build target found for /Users/nilayshrivastava/Documents/programming_language/scala/learning_scala/fp_in_scala/inorder.scala. Using presentation compiler with project's scala-library version: 3.8.4[0m
2026.08.02 00:35:31 INFO  no build target found for /Users/nilayshrivastava/Documents/programming_language/scala/learning_scala/fp_in_scala/inorder.scala. Using presentation compiler with project's scala-library version: 3.8.4[0m
2026.08.02 00:35:31 INFO  no build target found for /Users/nilayshrivastava/Documents/programming_language/scala/learning_scala/fp_in_scala/inorder.scala. Using presentation compiler with project's scala-library version: 3.8.4[0m
2026.08.02 00:35:31 INFO  no build target found for /Users/nilayshrivastava/Documents/programming_language/scala/learning_scala/fp_in_scala/inorder.scala. Using presentation compiler with project's scala-library version: 3.8.4[0m
2026.08.02 00:35:31 INFO  no build target found for /Users/nilayshrivastava/Documents/programming_language/scala/learning_scala/fp_in_scala/inorder.scala. Using presentation compiler with project's scala-library version: 3.8.4[0m
2026.08.02 00:35:31 INFO  no build target found for /Users/nilayshrivastava/Documents/programming_language/scala/learning_scala/fp_in_scala/inorder.scala. Using presentation compiler with project's scala-library version: 3.8.4[0m
2026.08.02 00:35:31 INFO  no build target found for /Users/nilayshrivastava/Documents/programming_language/scala/learning_scala/fp_in_scala/inorder.scala. Using presentation compiler with project's scala-library version: 3.8.4[0m
2026.08.02 00:35:31 INFO  no build target found for /Users/nilayshrivastava/Documents/programming_language/scala/learning_scala/fp_in_scala/inorder.scala. Using presentation compiler with project's scala-library version: 3.8.4[0m
2026.08.02 00:35:31 INFO  no build target found for /Users/nilayshrivastava/Documents/programming_language/scala/learning_scala/fp_in_scala/inorder.scala. Using presentation compiler with project's scala-library version: 3.8.4[0m
2026.08.02 00:35:31 INFO  no build target found for /Users/nilayshrivastava/Documents/programming_language/scala/learning_scala/fp_in_scala/inorder.scala. Using presentation compiler with project's scala-library version: 3.8.4[0m
2026.08.02 00:35:34 INFO  no build target found for /Users/nilayshrivastava/Documents/programming_language/scala/learning_scala/fp_in_scala/inorder.scala. Using presentation compiler with project's scala-library version: 3.8.4[0m
2026.08.02 00:35:34 INFO  no build target found for /Users/nilayshrivastava/Documents/programming_language/scala/learning_scala/fp_in_scala/inorder.scala. Using presentation compiler with project's scala-library version: 3.8.4[0m
2026.08.02 00:35:34 INFO  no build target found for /Users/nilayshrivastava/Documents/programming_language/scala/learning_scala/fp_in_scala/inorder.scala. Using presentation compiler with project's scala-library version: 3.8.4[0m
2026.08.02 00:35:34 INFO  no build target found for /Users/nilayshrivastava/Documents/programming_language/scala/learning_scala/fp_in_scala/inorder.scala. Using presentation compiler with project's scala-library version: 3.8.4[0m
2026.08.02 00:35:34 INFO  no build target found for /Users/nilayshrivastava/Documents/programming_language/scala/learning_scala/fp_in_scala/inorder.scala. Using presentation compiler with project's scala-library version: 3.8.4[0m
2026.08.02 00:35:34 INFO  no build target found for /Users/nilayshrivastava/Documents/programming_language/scala/learning_scala/fp_in_scala/inorder.scala. Using presentation compiler with project's scala-library version: 3.8.4[0m
2026.08.02 00:35:34 INFO  no build target found for /Users/nilayshrivastava/Documents/programming_language/scala/learning_scala/fp_in_scala/inorder.scala. Using presentation compiler with project's scala-library version: 3.8.4[0m
2026.08.02 00:35:34 INFO  no build target found for /Users/nilayshrivastava/Documents/programming_language/scala/learning_scala/fp_in_scala/inorder.scala. Using presentation compiler with project's scala-library version: 3.8.4[0m
2026.08.02 00:35:35 INFO  no build target found for /Users/nilayshrivastava/Documents/programming_language/scala/learning_scala/fp_in_scala/inorder.scala. Using presentation compiler with project's scala-library version: 3.8.4[0m
2026.08.02 00:35:35 INFO  no build target found for /Users/nilayshrivastava/Documents/programming_language/scala/learning_scala/fp_in_scala/inorder.scala. Using presentation compiler with project's scala-library version: 3.8.4[0m
2026.08.02 00:35:35 INFO  no build target found for /Users/nilayshrivastava/Documents/programming_language/scala/learning_scala/fp_in_scala/inorder.scala. Using presentation compiler with project's scala-library version: 3.8.4[0m
2026.08.02 00:35:35 INFO  no build target found for /Users/nilayshrivastava/Documents/programming_language/scala/learning_scala/fp_in_scala/inorder.scala. Using presentation compiler with project's scala-library version: 3.8.4[0m
2026.08.02 00:35:35 INFO  no build target found for /Users/nilayshrivastava/Documents/programming_language/scala/learning_scala/fp_in_scala/inorder.scala. Using presentation compiler with project's scala-library version: 3.8.4[0m
2026.08.02 00:35:36 INFO  no build target found for /Users/nilayshrivastava/Documents/programming_language/scala/learning_scala/fp_in_scala/inorder.scala. Using presentation compiler with project's scala-library version: 3.8.4[0m
2026.08.02 00:35:36 INFO  no build target found for /Users/nilayshrivastava/Documents/programming_language/scala/learning_scala/fp_in_scala/inorder.scala. Using presentation compiler with project's scala-library version: 3.8.4[0m
2026.08.02 00:35:38 INFO  no build target found for /Users/nilayshrivastava/Documents/programming_language/scala/learning_scala/fp_in_scala/inorder.scala. Using presentation compiler with project's scala-library version: 3.8.4[0m
2026.08.02 00:35:38 INFO  no build target found for /Users/nilayshrivastava/Documents/programming_language/scala/learning_scala/fp_in_scala/inorder.scala. Using presentation compiler with project's scala-library version: 3.8.4[0m
2026.08.02 00:35:41 INFO  no build target found for /Users/nilayshrivastava/Documents/programming_language/scala/learning_scala/fp_in_scala/inorder.scala. Using presentation compiler with project's scala-library version: 3.8.4[0m
2026.08.02 00:35:41 INFO  no build target found for /Users/nilayshrivastava/Documents/programming_language/scala/learning_scala/fp_in_scala/inorder.scala. Using presentation compiler with project's scala-library version: 3.8.4[0m
2026.08.02 00:35:41 INFO  no build target found for /Users/nilayshrivastava/Documents/programming_language/scala/learning_scala/fp_in_scala/inorder.scala. Using presentation compiler with project's scala-library version: 3.8.4[0m
2026.08.02 00:35:42 INFO  no build target found for /Users/nilayshrivastava/Documents/programming_language/scala/learning_scala/fp_in_scala/inorder.scala. Using presentation compiler with project's scala-library version: 3.8.4[0m
2026.08.02 00:35:42 INFO  no build target found for /Users/nilayshrivastava/Documents/programming_language/scala/learning_scala/fp_in_scala/inorder.scala. Using presentation compiler with project's scala-library version: 3.8.4[0m
2026.08.02 00:35:42 INFO  no build target found for /Users/nilayshrivastava/Documents/programming_language/scala/learning_scala/fp_in_scala/inorder.scala. Using presentation compiler with project's scala-library version: 3.8.4[0m
2026.08.02 00:35:42 INFO  no build target found for /Users/nilayshrivastava/Documents/programming_language/scala/learning_scala/fp_in_scala/inorder.scala. Using presentation compiler with project's scala-library version: 3.8.4[0m
2026.08.02 00:35:45 INFO  no build target found for /Users/nilayshrivastava/Documents/programming_language/scala/learning_scala/fp_in_scala/inorder.scala. Using presentation compiler with project's scala-library version: 3.8.4[0m
2026.08.02 00:35:45 INFO  no build target found for /Users/nilayshrivastava/Documents/programming_language/scala/learning_scala/fp_in_scala/inorder.scala. Using presentation compiler with project's scala-library version: 3.8.4[0m
2026.08.02 00:35:45 INFO  no build target found for /Users/nilayshrivastava/Documents/programming_language/scala/learning_scala/fp_in_scala/inorder.scala. Using presentation compiler with project's scala-library version: 3.8.4[0m
2026.08.02 00:35:45 INFO  no build target found for /Users/nilayshrivastava/Documents/programming_language/scala/learning_scala/fp_in_scala/inorder.scala. Using presentation compiler with project's scala-library version: 3.8.4[0m
2026.08.02 00:35:45 INFO  no build target found for /Users/nilayshrivastava/Documents/programming_language/scala/learning_scala/fp_in_scala/inorder.scala. Using presentation compiler with project's scala-library version: 3.8.4[0m
2026.08.02 00:36:01 INFO  no build target found for /Users/nilayshrivastava/Documents/programming_language/scala/learning_scala/fp_in_scala/inorder.scala. Using presentation compiler with project's scala-library version: 3.8.4[0m
2026.08.02 00:36:01 INFO  no build target found for /Users/nilayshrivastava/Documents/programming_language/scala/learning_scala/fp_in_scala/inorder.scala. Using presentation compiler with project's scala-library version: 3.8.4[0m
2026.08.02 00:36:01 INFO  no build target found for /Users/nilayshrivastava/Documents/programming_language/scala/learning_scala/fp_in_scala/inorder.scala. Using presentation compiler with project's scala-library version: 3.8.4[0m
2026.08.02 00:36:01 INFO  no build target found for /Users/nilayshrivastava/Documents/programming_language/scala/learning_scala/fp_in_scala/inorder.scala. Using presentation compiler with project's scala-library version: 3.8.4[0m
2026.08.02 00:36:01 INFO  no build target found for /Users/nilayshrivastava/Documents/programming_language/scala/learning_scala/fp_in_scala/inorder.scala. Using presentation compiler with project's scala-library version: 3.8.4[0m
2026.08.02 00:36:01 INFO  no build target found for /Users/nilayshrivastava/Documents/programming_language/scala/learning_scala/fp_in_scala/inorder.scala. Using presentation compiler with project's scala-library version: 3.8.4[0m
2026.08.02 00:36:01 INFO  no build target found for /Users/nilayshrivastava/Documents/programming_language/scala/learning_scala/fp_in_scala/inorder.scala. Using presentation compiler with project's scala-library version: 3.8.4[0m
2026.08.02 00:36:01 INFO  no build target found for /Users/nilayshrivastava/Documents/programming_language/scala/learning_scala/fp_in_scala/inorder.scala. Using presentation compiler with project's scala-library version: 3.8.4[0m
2026.08.02 00:36:01 INFO  no build target found for /Users/nilayshrivastava/Documents/programming_language/scala/learning_scala/fp_in_scala/inorder.scala. Using presentation compiler with project's scala-library version: 3.8.4[0m
2026.08.02 00:36:01 INFO  no build target found for /Users/nilayshrivastava/Documents/programming_language/scala/learning_scala/fp_in_scala/inorder.scala. Using presentation compiler with project's scala-library version: 3.8.4[0m
2026.08.02 00:36:01 INFO  no build target found for /Users/nilayshrivastava/Documents/programming_language/scala/learning_scala/fp_in_scala/inorder.scala. Using presentation compiler with project's scala-library version: 3.8.4[0m
2026.08.02 00:36:01 INFO  no build target found for /Users/nilayshrivastava/Documents/programming_language/scala/learning_scala/fp_in_scala/inorder.scala. Using presentation compiler with project's scala-library version: 3.8.4[0m
2026.08.02 00:36:01 INFO  no build target found for /Users/nilayshrivastava/Documents/programming_language/scala/learning_scala/fp_in_scala/inorder.scala. Using presentation compiler with project's scala-library version: 3.8.4[0m
2026.08.02 00:36:01 INFO  no build target found for /Users/nilayshrivastava/Documents/programming_language/scala/learning_scala/fp_in_scala/inorder.scala. Using presentation compiler with project's scala-library version: 3.8.4[0m
2026.08.02 00:36:58 INFO  no build target found for /Users/nilayshrivastava/Documents/programming_language/scala/learning_scala/fp_in_scala/inorder.scala. Using presentation compiler with project's scala-library version: 3.8.4[0m
2026.08.02 00:36:58 INFO  no build target found for /Users/nilayshrivastava/Documents/programming_language/scala/learning_scala/fp_in_scala/inorder.scala. Using presentation compiler with project's scala-library version: 3.8.4[0m
2026.08.02 00:36:58 INFO  no build target found for /Users/nilayshrivastava/Documents/programming_language/scala/learning_scala/fp_in_scala/inorder.scala. Using presentation compiler with project's scala-library version: 3.8.4[0m
2026.08.02 00:37:00 INFO  no build target found for /Users/nilayshrivastava/Documents/programming_language/scala/learning_scala/fp_in_scala/inorder.scala. Using presentation compiler with project's scala-library version: 3.8.4[0m
2026.08.02 00:37:00 INFO  no build target found for /Users/nilayshrivastava/Documents/programming_language/scala/learning_scala/fp_in_scala/inorder.scala. Using presentation compiler with project's scala-library version: 3.8.4[0m
2026.08.02 00:37:00 INFO  no build target found for /Users/nilayshrivastava/Documents/programming_language/scala/learning_scala/fp_in_scala/inorder.scala. Using presentation compiler with project's scala-library version: 3.8.4[0m
2026.08.02 00:37:00 INFO  no build target found for /Users/nilayshrivastava/Documents/programming_language/scala/learning_scala/fp_in_scala/inorder.scala. Using presentation compiler with project's scala-library version: 3.8.4[0m
2026.08.02 00:37:00 INFO  no build target found for /Users/nilayshrivastava/Documents/programming_language/scala/learning_scala/fp_in_scala/inorder.scala. Using presentation compiler with project's scala-library version: 3.8.4[0m
2026.08.02 00:37:00 INFO  no build target found for /Users/nilayshrivastava/Documents/programming_language/scala/learning_scala/fp_in_scala/inorder.scala. Using presentation compiler with project's scala-library version: 3.8.4[0m
2026.08.02 00:37:00 INFO  no build target found for /Users/nilayshrivastava/Documents/programming_language/scala/learning_scala/fp_in_scala/inorder.scala. Using presentation compiler with project's scala-library version: 3.8.4[0m
2026.08.02 00:37:00 INFO  no build target found for /Users/nilayshrivastava/Documents/programming_language/scala/learning_scala/fp_in_scala/inorder.scala. Using presentation compiler with project's scala-library version: 3.8.4[0m
2026.08.02 00:37:01 INFO  no build target found for /Users/nilayshrivastava/Documents/programming_language/scala/learning_scala/fp_in_scala/inorder.scala. Using presentation compiler with project's scala-library version: 3.8.4[0m
2026.08.02 00:37:01 INFO  no build target found for /Users/nilayshrivastava/Documents/programming_language/scala/learning_scala/fp_in_scala/inorder.scala. Using presentation compiler with project's scala-library version: 3.8.4[0m
2026.08.02 00:37:01 INFO  no build target found for /Users/nilayshrivastava/Documents/programming_language/scala/learning_scala/fp_in_scala/inorder.scala. Using presentation compiler with project's scala-library version: 3.8.4[0m
2026.08.02 00:37:04 INFO  no build target found for /Users/nilayshrivastava/Documents/programming_language/scala/learning_scala/fp_in_scala/inorder.scala. Using presentation compiler with project's scala-library version: 3.8.4[0m
2026.08.02 00:37:04 INFO  no build target found for /Users/nilayshrivastava/Documents/programming_language/scala/learning_scala/fp_in_scala/inorder.scala. Using presentation compiler with project's scala-library version: 3.8.4[0m
2026.08.02 00:37:04 INFO  no build target found for /Users/nilayshrivastava/Documents/programming_language/scala/learning_scala/fp_in_scala/inorder.scala. Using presentation compiler with project's scala-library version: 3.8.4[0m
2026.08.02 00:37:04 INFO  no build target found for /Users/nilayshrivastava/Documents/programming_language/scala/learning_scala/fp_in_scala/inorder.scala. Using presentation compiler with project's scala-library version: 3.8.4[0m
2026.08.02 00:37:04 INFO  no build target found for /Users/nilayshrivastava/Documents/programming_language/scala/learning_scala/fp_in_scala/inorder.scala. Using presentation compiler with project's scala-library version: 3.8.4[0m
2026.08.02 00:37:04 INFO  no build target found for /Users/nilayshrivastava/Documents/programming_language/scala/learning_scala/fp_in_scala/inorder.scala. Using presentation compiler with project's scala-library version: 3.8.4[0m
2026.08.02 00:37:08 INFO  no build target found for /Users/nilayshrivastava/Documents/programming_language/scala/learning_scala/fp_in_scala/inorder.scala. Using presentation compiler with project's scala-library version: 3.8.4[0m
2026.08.02 00:37:08 INFO  no build target found for /Users/nilayshrivastava/Documents/programming_language/scala/learning_scala/fp_in_scala/inorder.scala. Using presentation compiler with project's scala-library version: 3.8.4[0m
2026.08.02 00:37:12 INFO  no build target found for /Users/nilayshrivastava/Documents/programming_language/scala/learning_scala/fp_in_scala/inorder.scala. Using presentation compiler with project's scala-library version: 3.8.4[0m
2026.08.02 00:37:12 INFO  no build target found for /Users/nilayshrivastava/Documents/programming_language/scala/learning_scala/fp_in_scala/inorder.scala. Using presentation compiler with project's scala-library version: 3.8.4[0m
2026.08.02 00:37:15 INFO  no build target found for /Users/nilayshrivastava/Documents/programming_language/scala/learning_scala/fp_in_scala/inorder.scala. Using presentation compiler with project's scala-library version: 3.8.4[0m
2026.08.02 00:37:15 INFO  no build target found for /Users/nilayshrivastava/Documents/programming_language/scala/learning_scala/fp_in_scala/inorder.scala. Using presentation compiler with project's scala-library version: 3.8.4[0m
2026.08.02 00:37:15 INFO  no build target found for /Users/nilayshrivastava/Documents/programming_language/scala/learning_scala/fp_in_scala/inorder.scala. Using presentation compiler with project's scala-library version: 3.8.4[0m
2026.08.02 00:37:15 INFO  no build target found for /Users/nilayshrivastava/Documents/programming_language/scala/learning_scala/fp_in_scala/inorder.scala. Using presentation compiler with project's scala-library version: 3.8.4[0m
2026.08.02 00:37:15 INFO  no build target found for /Users/nilayshrivastava/Documents/programming_language/scala/learning_scala/fp_in_scala/inorder.scala. Using presentation compiler with project's scala-library version: 3.8.4[0m
2026.08.02 00:37:15 INFO  no build target found for /Users/nilayshrivastava/Documents/programming_language/scala/learning_scala/fp_in_scala/inorder.scala. Using presentation compiler with project's scala-library version: 3.8.4[0m
2026.08.02 00:37:15 INFO  no build target found for /Users/nilayshrivastava/Documents/programming_language/scala/learning_scala/fp_in_scala/inorder.scala. Using presentation compiler with project's scala-library version: 3.8.4[0m
2026.08.02 00:37:15 INFO  no build target found for /Users/nilayshrivastava/Documents/programming_language/scala/learning_scala/fp_in_scala/inorder.scala. Using presentation compiler with project's scala-library version: 3.8.4[0m
2026.08.02 00:37:15 INFO  no build target found for /Users/nilayshrivastava/Documents/programming_language/scala/learning_scala/fp_in_scala/inorder.scala. Using presentation compiler with project's scala-library version: 3.8.4[0m
2026.08.02 00:37:15 INFO  no build target found for /Users/nilayshrivastava/Documents/programming_language/scala/learning_scala/fp_in_scala/inorder.scala. Using presentation compiler with project's scala-library version: 3.8.4[0m
2026.08.02 00:37:19 INFO  no build target found for /Users/nilayshrivastava/Documents/programming_language/scala/learning_scala/fp_in_scala/inorder.scala. Using presentation compiler with project's scala-library version: 3.8.4[0m
2026.08.02 00:37:19 INFO  no build target found for /Users/nilayshrivastava/Documents/programming_language/scala/learning_scala/fp_in_scala/inorder.scala. Using presentation compiler with project's scala-library version: 3.8.4[0m
2026.08.02 00:37:19 INFO  no build target found for /Users/nilayshrivastava/Documents/programming_language/scala/learning_scala/fp_in_scala/inorder.scala. Using presentation compiler with project's scala-library version: 3.8.4[0m
2026.08.02 00:37:19 INFO  no build target found for /Users/nilayshrivastava/Documents/programming_language/scala/learning_scala/fp_in_scala/inorder.scala. Using presentation compiler with project's scala-library version: 3.8.4[0m
2026.08.02 00:37:23 INFO  no build target found for /Users/nilayshrivastava/Documents/programming_language/scala/learning_scala/fp_in_scala/inorder.scala. Using presentation compiler with project's scala-library version: 3.8.4[0m
2026.08.02 00:37:23 INFO  no build target found for /Users/nilayshrivastava/Documents/programming_language/scala/learning_scala/fp_in_scala/inorder.scala. Using presentation compiler with project's scala-library version: 3.8.4[0m
2026.08.02 00:37:23 INFO  no build target found for /Users/nilayshrivastava/Documents/programming_language/scala/learning_scala/fp_in_scala/inorder.scala. Using presentation compiler with project's scala-library version: 3.8.4[0m
2026.08.02 00:37:23 INFO  no build target found for /Users/nilayshrivastava/Documents/programming_language/scala/learning_scala/fp_in_scala/inorder.scala. Using presentation compiler with project's scala-library version: 3.8.4[0m
2026.08.02 00:37:23 INFO  no build target found for /Users/nilayshrivastava/Documents/programming_language/scala/learning_scala/fp_in_scala/inorder.scala. Using presentation compiler with project's scala-library version: 3.8.4[0m
2026.08.02 00:37:23 INFO  no build target found for /Users/nilayshrivastava/Documents/programming_language/scala/learning_scala/fp_in_scala/inorder.scala. Using presentation compiler with project's scala-library version: 3.8.4[0m
2026.08.02 00:37:24 INFO  no build target found for /Users/nilayshrivastava/Documents/programming_language/scala/learning_scala/fp_in_scala/inorder.scala. Using presentation compiler with project's scala-library version: 3.8.4[0m
2026.08.02 00:37:24 INFO  no build target found for /Users/nilayshrivastava/Documents/programming_language/scala/learning_scala/fp_in_scala/inorder.scala. Using presentation compiler with project's scala-library version: 3.8.4[0m
2026.08.02 00:37:32 INFO  no build target found for /Users/nilayshrivastava/Documents/programming_language/scala/learning_scala/fp_in_scala/inorder.scala. Using presentation compiler with project's scala-library version: 3.8.4[0m
2026.08.02 00:37:32 INFO  no build target found for /Users/nilayshrivastava/Documents/programming_language/scala/learning_scala/fp_in_scala/inorder.scala. Using presentation compiler with project's scala-library version: 3.8.4[0m
2026.08.02 00:37:36 INFO  no build target found for /Users/nilayshrivastava/Documents/programming_language/scala/learning_scala/fp_in_scala/inorder.scala. Using presentation compiler with project's scala-library version: 3.8.4[0m
2026.08.02 00:37:58 INFO  no build target found for /Users/nilayshrivastava/Documents/programming_language/scala/learning_scala/fp_in_scala/inorder.scala. Using presentation compiler with project's scala-library version: 3.8.4[0m
2026.08.02 00:37:58 INFO  no build target found for /Users/nilayshrivastava/Documents/programming_language/scala/learning_scala/fp_in_scala/inorder.scala. Using presentation compiler with project's scala-library version: 3.8.4[0m
2026.08.02 00:37:58 INFO  no build target found for /Users/nilayshrivastava/Documents/programming_language/scala/learning_scala/fp_in_scala/inorder.scala. Using presentation compiler with project's scala-library version: 3.8.4[0m
2026.08.02 00:37:58 INFO  no build target found for /Users/nilayshrivastava/Documents/programming_language/scala/learning_scala/fp_in_scala/inorder.scala. Using presentation compiler with project's scala-library version: 3.8.4[0m
2026.08.02 00:37:58 INFO  no build target found for /Users/nilayshrivastava/Documents/programming_language/scala/learning_scala/fp_in_scala/inorder.scala. Using presentation compiler with project's scala-library version: 3.8.4[0m
2026.08.02 00:37:58 INFO  no build target found for /Users/nilayshrivastava/Documents/programming_language/scala/learning_scala/fp_in_scala/inorder.scala. Using presentation compiler with project's scala-library version: 3.8.4[0m
2026.08.02 00:37:58 INFO  no build target found for /Users/nilayshrivastava/Documents/programming_language/scala/learning_scala/fp_in_scala/inorder.scala. Using presentation compiler with project's scala-library version: 3.8.4[0m
2026.08.02 00:37:58 INFO  no build target found for /Users/nilayshrivastava/Documents/programming_language/scala/learning_scala/fp_in_scala/inorder.scala. Using presentation compiler with project's scala-library version: 3.8.4[0m
2026.08.02 00:38:02 INFO  no build target found for /Users/nilayshrivastava/Documents/programming_language/scala/learning_scala/fp_in_scala/inorder.scala. Using presentation compiler with project's scala-library version: 3.8.4[0m
2026.08.02 00:38:02 INFO  no build target found for /Users/nilayshrivastava/Documents/programming_language/scala/learning_scala/fp_in_scala/inorder.scala. Using presentation compiler with project's scala-library version: 3.8.4[0m
2026.08.02 00:38:02 INFO  no build target found for /Users/nilayshrivastava/Documents/programming_language/scala/learning_scala/fp_in_scala/inorder.scala. Using presentation compiler with project's scala-library version: 3.8.4[0m
2026.08.02 00:38:02 INFO  no build target found for /Users/nilayshrivastava/Documents/programming_language/scala/learning_scala/fp_in_scala/inorder.scala. Using presentation compiler with project's scala-library version: 3.8.4[0m
2026.08.02 00:38:02 INFO  no build target found for /Users/nilayshrivastava/Documents/programming_language/scala/learning_scala/fp_in_scala/inorder.scala. Using presentation compiler with project's scala-library version: 3.8.4[0m
2026.08.02 00:38:02 INFO  no build target found for /Users/nilayshrivastava/Documents/programming_language/scala/learning_scala/fp_in_scala/inorder.scala. Using presentation compiler with project's scala-library version: 3.8.4[0m
2026.08.02 00:38:02 INFO  no build target found for /Users/nilayshrivastava/Documents/programming_language/scala/learning_scala/fp_in_scala/inorder.scala. Using presentation compiler with project's scala-library version: 3.8.4[0m
2026.08.02 00:38:02 INFO  no build target found for /Users/nilayshrivastava/Documents/programming_language/scala/learning_scala/fp_in_scala/inorder.scala. Using presentation compiler with project's scala-library version: 3.8.4[0m
2026.08.02 00:38:02 INFO  no build target found for /Users/nilayshrivastava/Documents/programming_language/scala/learning_scala/fp_in_scala/inorder.scala. Using presentation compiler with project's scala-library version: 3.8.4[0m
2026.08.02 00:38:03 INFO  no build target found for /Users/nilayshrivastava/Documents/programming_language/scala/learning_scala/fp_in_scala/inorder.scala. Using presentation compiler with project's scala-library version: 3.8.4[0m
2026.08.02 00:38:03 INFO  no build target found for /Users/nilayshrivastava/Documents/programming_language/scala/learning_scala/fp_in_scala/inorder.scala. Using presentation compiler with project's scala-library version: 3.8.4[0m
2026.08.02 00:38:03 INFO  no build target found for /Users/nilayshrivastava/Documents/programming_language/scala/learning_scala/fp_in_scala/inorder.scala. Using presentation compiler with project's scala-library version: 3.8.4[0m
2026.08.02 00:38:04 INFO  no build target found for /Users/nilayshrivastava/Documents/programming_language/scala/learning_scala/fp_in_scala/inorder.scala. Using presentation compiler with project's scala-library version: 3.8.4[0m
2026.08.02 00:38:04 INFO  no build target found for /Users/nilayshrivastava/Documents/programming_language/scala/learning_scala/fp_in_scala/inorder.scala. Using presentation compiler with project's scala-library version: 3.8.4[0m
2026.08.02 00:38:04 INFO  no build target found for /Users/nilayshrivastava/Documents/programming_language/scala/learning_scala/fp_in_scala/inorder.scala. Using presentation compiler with project's scala-library version: 3.8.4[0m
2026.08.02 00:38:06 INFO  no build target found for /Users/nilayshrivastava/Documents/programming_language/scala/learning_scala/fp_in_scala/inorder.scala. Using presentation compiler with project's scala-library version: 3.8.4[0m
2026.08.02 00:38:06 INFO  no build target found for /Users/nilayshrivastava/Documents/programming_language/scala/learning_scala/fp_in_scala/inorder.scala. Using presentation compiler with project's scala-library version: 3.8.4[0m
2026.08.02 00:38:06 INFO  no build target found for /Users/nilayshrivastava/Documents/programming_language/scala/learning_scala/fp_in_scala/inorder.scala. Using presentation compiler with project's scala-library version: 3.8.4[0m
2026.08.02 00:38:06 INFO  no build target found for /Users/nilayshrivastava/Documents/programming_language/scala/learning_scala/fp_in_scala/inorder.scala. Using presentation compiler with project's scala-library version: 3.8.4[0m
2026.08.02 00:38:06 INFO  no build target found for /Users/nilayshrivastava/Documents/programming_language/scala/learning_scala/fp_in_scala/inorder.scala. Using presentation compiler with project's scala-library version: 3.8.4[0m
2026.08.02 00:38:06 INFO  no build target found for /Users/nilayshrivastava/Documents/programming_language/scala/learning_scala/fp_in_scala/inorder.scala. Using presentation compiler with project's scala-library version: 3.8.4[0m
2026.08.02 00:38:06 INFO  no build target found for /Users/nilayshrivastava/Documents/programming_language/scala/learning_scala/fp_in_scala/inorder.scala. Using presentation compiler with project's scala-library version: 3.8.4[0m
2026.08.02 00:38:24 INFO  no build target found for /Users/nilayshrivastava/Documents/programming_language/scala/learning_scala/fp_in_scala/inorder.scala. Using presentation compiler with project's scala-library version: 3.8.4[0m
2026.08.02 00:38:24 INFO  no build target found for /Users/nilayshrivastava/Documents/programming_language/scala/learning_scala/fp_in_scala/inorder.scala. Using presentation compiler with project's scala-library version: 3.8.4[0m
2026.08.02 00:38:24 INFO  no build target found for /Users/nilayshrivastava/Documents/programming_language/scala/learning_scala/fp_in_scala/inorder.scala. Using presentation compiler with project's scala-library version: 3.8.4[0m
2026.08.02 00:38:24 INFO  no build target found for /Users/nilayshrivastava/Documents/programming_language/scala/learning_scala/fp_in_scala/inorder.scala. Using presentation compiler with project's scala-library version: 3.8.4[0m
2026.08.02 00:38:24 INFO  no build target found for /Users/nilayshrivastava/Documents/programming_language/scala/learning_scala/fp_in_scala/inorder.scala. Using presentation compiler with project's scala-library version: 3.8.4[0m
2026.08.02 00:38:24 INFO  no build target found for /Users/nilayshrivastava/Documents/programming_language/scala/learning_scala/fp_in_scala/inorder.scala. Using presentation compiler with project's scala-library version: 3.8.4[0m
2026.08.02 00:38:24 INFO  no build target found for /Users/nilayshrivastava/Documents/programming_language/scala/learning_scala/fp_in_scala/inorder.scala. Using presentation compiler with project's scala-library version: 3.8.4[0m
2026.08.02 00:38:24 INFO  no build target found for /Users/nilayshrivastava/Documents/programming_language/scala/learning_scala/fp_in_scala/inorder.scala. Using presentation compiler with project's scala-library version: 3.8.4[0m
2026.08.02 00:38:24 INFO  no build target found for /Users/nilayshrivastava/Documents/programming_language/scala/learning_scala/fp_in_scala/inorder.scala. Using presentation compiler with project's scala-library version: 3.8.4[0m
2026.08.02 00:38:24 INFO  no build target found for /Users/nilayshrivastava/Documents/programming_language/scala/learning_scala/fp_in_scala/inorder.scala. Using presentation compiler with project's scala-library version: 3.8.4[0m
2026.08.02 00:38:24 INFO  no build target found for /Users/nilayshrivastava/Documents/programming_language/scala/learning_scala/fp_in_scala/inorder.scala. Using presentation compiler with project's scala-library version: 3.8.4[0m
2026.08.02 00:38:24 INFO  no build target found for /Users/nilayshrivastava/Documents/programming_language/scala/learning_scala/fp_in_scala/inorder.scala. Using presentation compiler with project's scala-library version: 3.8.4[0m
2026.08.02 00:38:25 INFO  no build target found for /Users/nilayshrivastava/Documents/programming_language/scala/learning_scala/fp_in_scala/inorder.scala. Using presentation compiler with project's scala-library version: 3.8.4[0m
2026.08.02 00:38:25 INFO  no build target found for /Users/nilayshrivastava/Documents/programming_language/scala/learning_scala/fp_in_scala/inorder.scala. Using presentation compiler with project's scala-library version: 3.8.4[0m
2026.08.02 00:38:25 INFO  no build target found for /Users/nilayshrivastava/Documents/programming_language/scala/learning_scala/fp_in_scala/inorder.scala. Using presentation compiler with project's scala-library version: 3.8.4[0m
2026.08.02 00:38:25 INFO  no build target found for /Users/nilayshrivastava/Documents/programming_language/scala/learning_scala/fp_in_scala/inorder.scala. Using presentation compiler with project's scala-library version: 3.8.4[0m
2026.08.02 00:38:25 INFO  no build target found for /Users/nilayshrivastava/Documents/programming_language/scala/learning_scala/fp_in_scala/inorder.scala. Using presentation compiler with project's scala-library version: 3.8.4[0m
2026.08.02 00:38:25 INFO  no build target found for /Users/nilayshrivastava/Documents/programming_language/scala/learning_scala/fp_in_scala/inorder.scala. Using presentation compiler with project's scala-library version: 3.8.4[0m
2026.08.02 00:38:25 INFO  no build target found for /Users/nilayshrivastava/Documents/programming_language/scala/learning_scala/fp_in_scala/inorder.scala. Using presentation compiler with project's scala-library version: 3.8.4[0m
2026.08.02 00:38:25 INFO  no build target found for /Users/nilayshrivastava/Documents/programming_language/scala/learning_scala/fp_in_scala/inorder.scala. Using presentation compiler with project's scala-library version: 3.8.4[0m
2026.08.02 00:38:25 INFO  no build target found for /Users/nilayshrivastava/Documents/programming_language/scala/learning_scala/fp_in_scala/inorder.scala. Using presentation compiler with project's scala-library version: 3.8.4[0m
2026.08.02 00:38:25 INFO  no build target found for /Users/nilayshrivastava/Documents/programming_language/scala/learning_scala/fp_in_scala/inorder.scala. Using presentation compiler with project's scala-library version: 3.8.4[0m
2026.08.02 00:38:25 INFO  no build target found for /Users/nilayshrivastava/Documents/programming_language/scala/learning_scala/fp_in_scala/inorder.scala. Using presentation compiler with project's scala-library version: 3.8.4[0m
2026.08.02 00:38:25 INFO  no build target found for /Users/nilayshrivastava/Documents/programming_language/scala/learning_scala/fp_in_scala/inorder.scala. Using presentation compiler with project's scala-library version: 3.8.4[0m
2026.08.02 00:38:25 INFO  no build target found for /Users/nilayshrivastava/Documents/programming_language/scala/learning_scala/fp_in_scala/inorder.scala. Using presentation compiler with project's scala-library version: 3.8.4[0m
2026.08.02 00:38:25 INFO  no build target found for /Users/nilayshrivastava/Documents/programming_language/scala/learning_scala/fp_in_scala/inorder.scala. Using presentation compiler with project's scala-library version: 3.8.4[0m
2026.08.02 00:38:25 INFO  no build target found for /Users/nilayshrivastava/Documents/programming_language/scala/learning_scala/fp_in_scala/inorder.scala. Using presentation compiler with project's scala-library version: 3.8.4[0m
2026.08.02 00:38:25 INFO  no build target found for /Users/nilayshrivastava/Documents/programming_language/scala/learning_scala/fp_in_scala/inorder.scala. Using presentation compiler with project's scala-library version: 3.8.4[0m
2026.08.02 00:38:25 INFO  no build target found for /Users/nilayshrivastava/Documents/programming_language/scala/learning_scala/fp_in_scala/inorder.scala. Using presentation compiler with project's scala-library version: 3.8.4[0m
2026.08.02 00:38:25 INFO  no build target found for /Users/nilayshrivastava/Documents/programming_language/scala/learning_scala/fp_in_scala/inorder.scala. Using presentation compiler with project's scala-library version: 3.8.4[0m
2026.08.02 00:38:25 INFO  no build target found for /Users/nilayshrivastava/Documents/programming_language/scala/learning_scala/fp_in_scala/inorder.scala. Using presentation compiler with project's scala-library version: 3.8.4[0m
2026.08.02 00:38:25 INFO  no build target found for /Users/nilayshrivastava/Documents/programming_language/scala/learning_scala/fp_in_scala/inorder.scala. Using presentation compiler with project's scala-library version: 3.8.4[0m
2026.08.02 00:38:26 INFO  no build target found for /Users/nilayshrivastava/Documents/programming_language/scala/learning_scala/fp_in_scala/inorder.scala. Using presentation compiler with project's scala-library version: 3.8.4[0m
2026.08.02 00:38:26 INFO  no build target found for /Users/nilayshrivastava/Documents/programming_language/scala/learning_scala/fp_in_scala/inorder.scala. Using presentation compiler with project's scala-library version: 3.8.4[0m
2026.08.02 00:38:26 INFO  no build target found for /Users/nilayshrivastava/Documents/programming_language/scala/learning_scala/fp_in_scala/inorder.scala. Using presentation compiler with project's scala-library version: 3.8.4[0m
2026.08.02 00:38:26 INFO  no build target found for /Users/nilayshrivastava/Documents/programming_language/scala/learning_scala/fp_in_scala/inorder.scala. Using presentation compiler with project's scala-library version: 3.8.4[0m
2026.08.02 00:38:26 INFO  no build target found for /Users/nilayshrivastava/Documents/programming_language/scala/learning_scala/fp_in_scala/inorder.scala. Using presentation compiler with project's scala-library version: 3.8.4[0m
2026.08.02 00:38:28 INFO  no build target found for /Users/nilayshrivastava/Documents/programming_language/scala/learning_scala/fp_in_scala/inorder.scala. Using presentation compiler with project's scala-library version: 3.8.4[0m
2026.08.02 00:38:28 INFO  no build target found for /Users/nilayshrivastava/Documents/programming_language/scala/learning_scala/fp_in_scala/inorder.scala. Using presentation compiler with project's scala-library version: 3.8.4[0m
2026.08.02 00:38:28 INFO  no build target found for /Users/nilayshrivastava/Documents/programming_language/scala/learning_scala/fp_in_scala/inorder.scala. Using presentation compiler with project's scala-library version: 3.8.4[0m
2026.08.02 00:38:28 INFO  no build target found for /Users/nilayshrivastava/Documents/programming_language/scala/learning_scala/fp_in_scala/inorder.scala. Using presentation compiler with project's scala-library version: 3.8.4[0m
2026.08.02 00:38:28 INFO  no build target found for /Users/nilayshrivastava/Documents/programming_language/scala/learning_scala/fp_in_scala/inorder.scala. Using presentation compiler with project's scala-library version: 3.8.4[0m
2026.08.02 00:38:28 INFO  no build target found for /Users/nilayshrivastava/Documents/programming_language/scala/learning_scala/fp_in_scala/inorder.scala. Using presentation compiler with project's scala-library version: 3.8.4[0m
2026.08.02 00:38:29 INFO  no build target found for /Users/nilayshrivastava/Documents/programming_language/scala/learning_scala/fp_in_scala/inorder.scala. Using presentation compiler with project's scala-library version: 3.8.4[0m
2026.08.02 00:38:29 INFO  no build target found for /Users/nilayshrivastava/Documents/programming_language/scala/learning_scala/fp_in_scala/inorder.scala. Using presentation compiler with project's scala-library version: 3.8.4[0m
2026.08.02 00:38:29 INFO  no build target found for /Users/nilayshrivastava/Documents/programming_language/scala/learning_scala/fp_in_scala/inorder.scala. Using presentation compiler with project's scala-library version: 3.8.4[0m
2026.08.02 00:38:29 INFO  no build target found for /Users/nilayshrivastava/Documents/programming_language/scala/learning_scala/fp_in_scala/inorder.scala. Using presentation compiler with project's scala-library version: 3.8.4[0m
2026.08.02 00:38:29 INFO  no build target found for /Users/nilayshrivastava/Documents/programming_language/scala/learning_scala/fp_in_scala/inorder.scala. Using presentation compiler with project's scala-library version: 3.8.4[0m
2026.08.02 00:38:30 INFO  no build target found for /Users/nilayshrivastava/Documents/programming_language/scala/learning_scala/fp_in_scala/inorder.scala. Using presentation compiler with project's scala-library version: 3.8.4[0m
2026.08.02 00:38:30 INFO  no build target found for /Users/nilayshrivastava/Documents/programming_language/scala/learning_scala/fp_in_scala/inorder.scala. Using presentation compiler with project's scala-library version: 3.8.4[0m
2026.08.02 00:38:30 INFO  no build target found for /Users/nilayshrivastava/Documents/programming_language/scala/learning_scala/fp_in_scala/inorder.scala. Using presentation compiler with project's scala-library version: 3.8.4[0m
2026.08.02 00:38:30 INFO  no build target found for /Users/nilayshrivastava/Documents/programming_language/scala/learning_scala/fp_in_scala/inorder.scala. Using presentation compiler with project's scala-library version: 3.8.4[0m
2026.08.02 00:38:30 INFO  no build target found for /Users/nilayshrivastava/Documents/programming_language/scala/learning_scala/fp_in_scala/inorder.scala. Using presentation compiler with project's scala-library version: 3.8.4[0m
2026.08.02 00:38:30 INFO  no build target found for /Users/nilayshrivastava/Documents/programming_language/scala/learning_scala/fp_in_scala/inorder.scala. Using presentation compiler with project's scala-library version: 3.8.4[0m
2026.08.02 00:38:30 INFO  no build target found for /Users/nilayshrivastava/Documents/programming_language/scala/learning_scala/fp_in_scala/inorder.scala. Using presentation compiler with project's scala-library version: 3.8.4[0m
2026.08.02 00:38:30 INFO  no build target found for /Users/nilayshrivastava/Documents/programming_language/scala/learning_scala/fp_in_scala/inorder.scala. Using presentation compiler with project's scala-library version: 3.8.4[0m
2026.08.02 00:38:30 INFO  no build target found for /Users/nilayshrivastava/Documents/programming_language/scala/learning_scala/fp_in_scala/inorder.scala. Using presentation compiler with project's scala-library version: 3.8.4[0m
2026.08.02 00:38:30 INFO  no build target found for /Users/nilayshrivastava/Documents/programming_language/scala/learning_scala/fp_in_scala/inorder.scala. Using presentation compiler with project's scala-library version: 3.8.4[0m
2026.08.02 00:38:30 INFO  no build target found for /Users/nilayshrivastava/Documents/programming_language/scala/learning_scala/fp_in_scala/inorder.scala. Using presentation compiler with project's scala-library version: 3.8.4[0m
2026.08.02 00:38:30 INFO  no build target found for /Users/nilayshrivastava/Documents/programming_language/scala/learning_scala/fp_in_scala/inorder.scala. Using presentation compiler with project's scala-library version: 3.8.4[0m
2026.08.02 00:38:30 INFO  no build target found for /Users/nilayshrivastava/Documents/programming_language/scala/learning_scala/fp_in_scala/inorder.scala. Using presentation compiler with project's scala-library version: 3.8.4[0m
2026.08.02 00:38:31 INFO  no build target found for /Users/nilayshrivastava/Documents/programming_language/scala/learning_scala/fp_in_scala/inorder.scala. Using presentation compiler with project's scala-library version: 3.8.4[0m
2026.08.02 00:38:31 INFO  no build target found for /Users/nilayshrivastava/Documents/programming_language/scala/learning_scala/fp_in_scala/inorder.scala. Using presentation compiler with project's scala-library version: 3.8.4[0m
2026.08.02 00:38:31 INFO  no build target found for /Users/nilayshrivastava/Documents/programming_language/scala/learning_scala/fp_in_scala/inorder.scala. Using presentation compiler with project's scala-library version: 3.8.4[0m
2026.08.02 00:38:31 INFO  no build target found for /Users/nilayshrivastava/Documents/programming_language/scala/learning_scala/fp_in_scala/inorder.scala. Using presentation compiler with project's scala-library version: 3.8.4[0m
2026.08.02 00:38:31 INFO  no build target found for /Users/nilayshrivastava/Documents/programming_language/scala/learning_scala/fp_in_scala/inorder.scala. Using presentation compiler with project's scala-library version: 3.8.4[0m
2026.08.02 00:38:31 INFO  no build target found for /Users/nilayshrivastava/Documents/programming_language/scala/learning_scala/fp_in_scala/inorder.scala. Using presentation compiler with project's scala-library version: 3.8.4[0m
2026.08.02 00:38:31 INFO  no build target found for /Users/nilayshrivastava/Documents/programming_language/scala/learning_scala/fp_in_scala/inorder.scala. Using presentation compiler with project's scala-library version: 3.8.4[0m
2026.08.02 00:38:33 INFO  no build target found for /Users/nilayshrivastava/Documents/programming_language/scala/learning_scala/fp_in_scala/inorder.scala. Using presentation compiler with project's scala-library version: 3.8.4[0m
2026.08.02 00:38:33 INFO  no build target found for /Users/nilayshrivastava/Documents/programming_language/scala/learning_scala/fp_in_scala/inorder.scala. Using presentation compiler with project's scala-library version: 3.8.4[0m
2026.08.02 00:38:33 INFO  no build target found for /Users/nilayshrivastava/Documents/programming_language/scala/learning_scala/fp_in_scala/inorder.scala. Using presentation compiler with project's scala-library version: 3.8.4[0m
2026.08.02 00:38:33 INFO  no build target found for /Users/nilayshrivastava/Documents/programming_language/scala/learning_scala/fp_in_scala/inorder.scala. Using presentation compiler with project's scala-library version: 3.8.4[0m
2026.08.02 00:38:34 INFO  no build target found for /Users/nilayshrivastava/Documents/programming_language/scala/learning_scala/fp_in_scala/inorder.scala. Using presentation compiler with project's scala-library version: 3.8.4[0m
2026.08.02 00:38:34 INFO  no build target found for /Users/nilayshrivastava/Documents/programming_language/scala/learning_scala/fp_in_scala/inorder.scala. Using presentation compiler with project's scala-library version: 3.8.4[0m
2026.08.02 00:38:34 INFO  no build target found for /Users/nilayshrivastava/Documents/programming_language/scala/learning_scala/fp_in_scala/inorder.scala. Using presentation compiler with project's scala-library version: 3.8.4[0m
2026.08.02 00:38:34 INFO  no build target found for /Users/nilayshrivastava/Documents/programming_language/scala/learning_scala/fp_in_scala/inorder.scala. Using presentation compiler with project's scala-library version: 3.8.4[0m
2026.08.02 00:38:34 INFO  no build target found for /Users/nilayshrivastava/Documents/programming_language/scala/learning_scala/fp_in_scala/inorder.scala. Using presentation compiler with project's scala-library version: 3.8.4[0m
2026.08.02 00:38:35 INFO  no build target found for /Users/nilayshrivastava/Documents/programming_language/scala/learning_scala/fp_in_scala/inorder.scala. Using presentation compiler with project's scala-library version: 3.8.4[0m
2026.08.02 00:38:35 INFO  no build target found for /Users/nilayshrivastava/Documents/programming_language/scala/learning_scala/fp_in_scala/inorder.scala. Using presentation compiler with project's scala-library version: 3.8.4[0m
2026.08.02 00:38:35 INFO  no build target found for /Users/nilayshrivastava/Documents/programming_language/scala/learning_scala/fp_in_scala/inorder.scala. Using presentation compiler with project's scala-library version: 3.8.4[0m
2026.08.02 00:38:35 INFO  no build target found for /Users/nilayshrivastava/Documents/programming_language/scala/learning_scala/fp_in_scala/inorder.scala. Using presentation compiler with project's scala-library version: 3.8.4[0m
2026.08.02 00:38:35 INFO  no build target found for /Users/nilayshrivastava/Documents/programming_language/scala/learning_scala/fp_in_scala/inorder.scala. Using presentation compiler with project's scala-library version: 3.8.4[0m
2026.08.02 00:38:36 INFO  no build target found for /Users/nilayshrivastava/Documents/programming_language/scala/learning_scala/fp_in_scala/inorder.scala. Using presentation compiler with project's scala-library version: 3.8.4[0m
2026.08.02 00:38:36 INFO  no build target found for /Users/nilayshrivastava/Documents/programming_language/scala/learning_scala/fp_in_scala/inorder.scala. Using presentation compiler with project's scala-library version: 3.8.4[0m
2026.08.02 00:38:36 INFO  no build target found for /Users/nilayshrivastava/Documents/programming_language/scala/learning_scala/fp_in_scala/inorder.scala. Using presentation compiler with project's scala-library version: 3.8.4[0m
2026.08.02 00:38:39 INFO  no build target found for /Users/nilayshrivastava/Documents/programming_language/scala/learning_scala/fp_in_scala/inorder.scala. Using presentation compiler with project's scala-library version: 3.8.4[0m
2026.08.02 00:38:39 INFO  no build target found for /Users/nilayshrivastava/Documents/programming_language/scala/learning_scala/fp_in_scala/inorder.scala. Using presentation compiler with project's scala-library version: 3.8.4[0m
2026.08.02 00:39:03 INFO  no build target found for /Users/nilayshrivastava/Documents/programming_language/scala/learning_scala/fp_in_scala/inorder.scala. Using presentation compiler with project's scala-library version: 3.8.4[0m
2026.08.02 00:39:03 INFO  no build target found for /Users/nilayshrivastava/Documents/programming_language/scala/learning_scala/fp_in_scala/inorder.scala. Using presentation compiler with project's scala-library version: 3.8.4[0m
2026.08.02 00:39:03 INFO  no build target found for /Users/nilayshrivastava/Documents/programming_language/scala/learning_scala/fp_in_scala/inorder.scala. Using presentation compiler with project's scala-library version: 3.8.4[0m
2026.08.02 00:39:03 INFO  no build target found for /Users/nilayshrivastava/Documents/programming_language/scala/learning_scala/fp_in_scala/inorder.scala. Using presentation compiler with project's scala-library version: 3.8.4[0m
2026.08.02 00:39:03 INFO  no build target found for /Users/nilayshrivastava/Documents/programming_language/scala/learning_scala/fp_in_scala/inorder.scala. Using presentation compiler with project's scala-library version: 3.8.4[0m
2026.08.02 00:39:03 INFO  no build target found for /Users/nilayshrivastava/Documents/programming_language/scala/learning_scala/fp_in_scala/inorder.scala. Using presentation compiler with project's scala-library version: 3.8.4[0m
2026.08.02 00:39:05 INFO  no build target found for /Users/nilayshrivastava/Documents/programming_language/scala/learning_scala/fp_in_scala/inorder.scala. Using presentation compiler with project's scala-library version: 3.8.4[0m
2026.08.02 00:39:05 INFO  no build target found for /Users/nilayshrivastava/Documents/programming_language/scala/learning_scala/fp_in_scala/inorder.scala. Using presentation compiler with project's scala-library version: 3.8.4[0m
2026.08.02 00:39:05 INFO  no build target found for /Users/nilayshrivastava/Documents/programming_language/scala/learning_scala/fp_in_scala/inorder.scala. Using presentation compiler with project's scala-library version: 3.8.4[0m
2026.08.02 00:39:05 INFO  no build target found for /Users/nilayshrivastava/Documents/programming_language/scala/learning_scala/fp_in_scala/inorder.scala. Using presentation compiler with project's scala-library version: 3.8.4[0m
2026.08.02 00:39:05 INFO  no build target found for /Users/nilayshrivastava/Documents/programming_language/scala/learning_scala/fp_in_scala/inorder.scala. Using presentation compiler with project's scala-library version: 3.8.4[0m
2026.08.02 00:39:06 INFO  no build target found for /Users/nilayshrivastava/Documents/programming_language/scala/learning_scala/fp_in_scala/inorder.scala. Using presentation compiler with project's scala-library version: 3.8.4[0m
2026.08.02 00:39:06 INFO  no build target found for /Users/nilayshrivastava/Documents/programming_language/scala/learning_scala/fp_in_scala/inorder.scala. Using presentation compiler with project's scala-library version: 3.8.4[0m
2026.08.02 00:39:14 INFO  no build target found for /Users/nilayshrivastava/Documents/programming_language/scala/learning_scala/fp_in_scala/inorder.scala. Using presentation compiler with project's scala-library version: 3.8.4[0m
2026.08.02 00:39:18 INFO  no build target found for /Users/nilayshrivastava/Documents/programming_language/scala/learning_scala/fp_in_scala/inorder.scala. Using presentation compiler with project's scala-library version: 3.8.4[0m
2026.08.02 00:39:18 INFO  no build target found for /Users/nilayshrivastava/Documents/programming_language/scala/learning_scala/fp_in_scala/inorder.scala. Using presentation compiler with project's scala-library version: 3.8.4[0m
2026.08.02 00:39:18 INFO  no build target found for /Users/nilayshrivastava/Documents/programming_language/scala/learning_scala/fp_in_scala/inorder.scala. Using presentation compiler with project's scala-library version: 3.8.4[0m
2026.08.02 00:39:18 INFO  no build target found for /Users/nilayshrivastava/Documents/programming_language/scala/learning_scala/fp_in_scala/inorder.scala. Using presentation compiler with project's scala-library version: 3.8.4[0m
2026.08.02 00:39:18 INFO  no build target found for /Users/nilayshrivastava/Documents/programming_language/scala/learning_scala/fp_in_scala/inorder.scala. Using presentation compiler with project's scala-library version: 3.8.4[0m
2026.08.02 00:39:18 INFO  no build target found for /Users/nilayshrivastava/Documents/programming_language/scala/learning_scala/fp_in_scala/inorder.scala. Using presentation compiler with project's scala-library version: 3.8.4[0m
2026.08.02 00:39:21 INFO  no build target found for /Users/nilayshrivastava/Documents/programming_language/scala/learning_scala/fp_in_scala/inorder.scala. Using presentation compiler with project's scala-library version: 3.8.4[0m
2026.08.02 00:39:21 INFO  no build target found for /Users/nilayshrivastava/Documents/programming_language/scala/learning_scala/fp_in_scala/inorder.scala. Using presentation compiler with project's scala-library version: 3.8.4[0m
2026.08.02 00:39:21 INFO  no build target found for /Users/nilayshrivastava/Documents/programming_language/scala/learning_scala/fp_in_scala/inorder.scala. Using presentation compiler with project's scala-library version: 3.8.4[0m
2026.08.02 00:39:21 INFO  no build target found for /Users/nilayshrivastava/Documents/programming_language/scala/learning_scala/fp_in_scala/inorder.scala. Using presentation compiler with project's scala-library version: 3.8.4[0m
2026.08.02 00:39:21 INFO  no build target found for /Users/nilayshrivastava/Documents/programming_language/scala/learning_scala/fp_in_scala/inorder.scala. Using presentation compiler with project's scala-library version: 3.8.4[0m
2026.08.02 00:39:21 INFO  no build target found for /Users/nilayshrivastava/Documents/programming_language/scala/learning_scala/fp_in_scala/inorder.scala. Using presentation compiler with project's scala-library version: 3.8.4[0m
2026.08.02 00:39:21 INFO  no build target found for /Users/nilayshrivastava/Documents/programming_language/scala/learning_scala/fp_in_scala/inorder.scala. Using presentation compiler with project's scala-library version: 3.8.4[0m
2026.08.02 00:39:22 INFO  no build target found for /Users/nilayshrivastava/Documents/programming_language/scala/learning_scala/fp_in_scala/inorder.scala. Using presentation compiler with project's scala-library version: 3.8.4[0m
2026.08.02 00:39:22 INFO  no build target found for /Users/nilayshrivastava/Documents/programming_language/scala/learning_scala/fp_in_scala/inorder.scala. Using presentation compiler with project's scala-library version: 3.8.4[0m
2026.08.02 00:39:22 INFO  no build target found for /Users/nilayshrivastava/Documents/programming_language/scala/learning_scala/fp_in_scala/inorder.scala. Using presentation compiler with project's scala-library version: 3.8.4[0m
2026.08.02 00:39:22 INFO  no build target found for /Users/nilayshrivastava/Documents/programming_language/scala/learning_scala/fp_in_scala/inorder.scala. Using presentation compiler with project's scala-library version: 3.8.4[0m
2026.08.02 00:39:22 INFO  no build target found for /Users/nilayshrivastava/Documents/programming_language/scala/learning_scala/fp_in_scala/inorder.scala. Using presentation compiler with project's scala-library version: 3.8.4[0m
2026.08.02 00:39:24 INFO  no build target found for /Users/nilayshrivastava/Documents/programming_language/scala/learning_scala/fp_in_scala/inorder.scala. Using presentation compiler with project's scala-library version: 3.8.4[0m
2026.08.02 00:39:24 INFO  no build target found for /Users/nilayshrivastava/Documents/programming_language/scala/learning_scala/fp_in_scala/inorder.scala. Using presentation compiler with project's scala-library version: 3.8.4[0m
2026.08.02 00:39:24 INFO  no build target found for /Users/nilayshrivastava/Documents/programming_language/scala/learning_scala/fp_in_scala/inorder.scala. Using presentation compiler with project's scala-library version: 3.8.4[0m
2026.08.02 00:39:25 INFO  no build target found for /Users/nilayshrivastava/Documents/programming_language/scala/learning_scala/fp_in_scala/inorder.scala. Using presentation compiler with project's scala-library version: 3.8.4[0m
2026.08.02 00:39:25 INFO  no build target found for /Users/nilayshrivastava/Documents/programming_language/scala/learning_scala/fp_in_scala/inorder.scala. Using presentation compiler with project's scala-library version: 3.8.4[0m
2026.08.02 00:39:25 INFO  no build target found for /Users/nilayshrivastava/Documents/programming_language/scala/learning_scala/fp_in_scala/inorder.scala. Using presentation compiler with project's scala-library version: 3.8.4[0m
2026.08.02 00:39:25 INFO  no build target found for /Users/nilayshrivastava/Documents/programming_language/scala/learning_scala/fp_in_scala/inorder.scala. Using presentation compiler with project's scala-library version: 3.8.4[0m
2026.08.02 00:39:25 INFO  no build target found for /Users/nilayshrivastava/Documents/programming_language/scala/learning_scala/fp_in_scala/inorder.scala. Using presentation compiler with project's scala-library version: 3.8.4[0m
2026.08.02 00:39:25 INFO  no build target found for /Users/nilayshrivastava/Documents/programming_language/scala/learning_scala/fp_in_scala/inorder.scala. Using presentation compiler with project's scala-library version: 3.8.4[0m
2026.08.02 00:39:25 INFO  no build target found for /Users/nilayshrivastava/Documents/programming_language/scala/learning_scala/fp_in_scala/inorder.scala. Using presentation compiler with project's scala-library version: 3.8.4[0m
2026.08.02 00:39:25 INFO  no build target found for /Users/nilayshrivastava/Documents/programming_language/scala/learning_scala/fp_in_scala/inorder.scala. Using presentation compiler with project's scala-library version: 3.8.4[0m
2026.08.02 00:39:25 INFO  no build target found for /Users/nilayshrivastava/Documents/programming_language/scala/learning_scala/fp_in_scala/inorder.scala. Using presentation compiler with project's scala-library version: 3.8.4[0m
2026.08.02 00:39:27 INFO  no build target found for /Users/nilayshrivastava/Documents/programming_language/scala/learning_scala/fp_in_scala/inorder.scala. Using presentation compiler with project's scala-library version: 3.8.4[0m
2026.08.02 00:39:27 INFO  no build target found for /Users/nilayshrivastava/Documents/programming_language/scala/learning_scala/fp_in_scala/inorder.scala. Using presentation compiler with project's scala-library version: 3.8.4[0m
2026.08.02 00:39:27 INFO  no build target found for /Users/nilayshrivastava/Documents/programming_language/scala/learning_scala/fp_in_scala/inorder.scala. Using presentation compiler with project's scala-library version: 3.8.4[0m
2026.08.02 00:39:27 INFO  no build target found for /Users/nilayshrivastava/Documents/programming_language/scala/learning_scala/fp_in_scala/inorder.scala. Using presentation compiler with project's scala-library version: 3.8.4[0m
2026.08.02 00:39:27 INFO  no build target found for /Users/nilayshrivastava/Documents/programming_language/scala/learning_scala/fp_in_scala/inorder.scala. Using presentation compiler with project's scala-library version: 3.8.4[0m
2026.08.02 00:39:28 INFO  no build target found for /Users/nilayshrivastava/Documents/programming_language/scala/learning_scala/fp_in_scala/inorder.scala. Using presentation compiler with project's scala-library version: 3.8.4[0m
2026.08.02 00:39:28 INFO  no build target found for /Users/nilayshrivastava/Documents/programming_language/scala/learning_scala/fp_in_scala/inorder.scala. Using presentation compiler with project's scala-library version: 3.8.4[0m
2026.08.02 00:39:28 INFO  no build target found for /Users/nilayshrivastava/Documents/programming_language/scala/learning_scala/fp_in_scala/inorder.scala. Using presentation compiler with project's scala-library version: 3.8.4[0m
2026.08.02 00:39:28 INFO  no build target found for /Users/nilayshrivastava/Documents/programming_language/scala/learning_scala/fp_in_scala/inorder.scala. Using presentation compiler with project's scala-library version: 3.8.4[0m
2026.08.02 00:39:28 INFO  no build target found for /Users/nilayshrivastava/Documents/programming_language/scala/learning_scala/fp_in_scala/inorder.scala. Using presentation compiler with project's scala-library version: 3.8.4[0m
2026.08.02 00:39:28 INFO  no build target found for /Users/nilayshrivastava/Documents/programming_language/scala/learning_scala/fp_in_scala/inorder.scala. Using presentation compiler with project's scala-library version: 3.8.4[0m
2026.08.02 00:39:30 INFO  no build target found for /Users/nilayshrivastava/Documents/programming_language/scala/learning_scala/fp_in_scala/inorder.scala. Using presentation compiler with project's scala-library version: 3.8.4[0m
2026.08.02 00:39:30 INFO  no build target found for /Users/nilayshrivastava/Documents/programming_language/scala/learning_scala/fp_in_scala/inorder.scala. Using presentation compiler with project's scala-library version: 3.8.4[0m
2026.08.02 00:39:30 INFO  no build target found for /Users/nilayshrivastava/Documents/programming_language/scala/learning_scala/fp_in_scala/inorder.scala. Using presentation compiler with project's scala-library version: 3.8.4[0m
2026.08.02 00:39:30 INFO  no build target found for /Users/nilayshrivastava/Documents/programming_language/scala/learning_scala/fp_in_scala/inorder.scala. Using presentation compiler with project's scala-library version: 3.8.4[0m
2026.08.02 00:39:30 INFO  no build target found for /Users/nilayshrivastava/Documents/programming_language/scala/learning_scala/fp_in_scala/inorder.scala. Using presentation compiler with project's scala-library version: 3.8.4[0m
2026.08.02 00:39:30 INFO  no build target found for /Users/nilayshrivastava/Documents/programming_language/scala/learning_scala/fp_in_scala/inorder.scala. Using presentation compiler with project's scala-library version: 3.8.4[0m
2026.08.02 00:39:30 INFO  no build target found for /Users/nilayshrivastava/Documents/programming_language/scala/learning_scala/fp_in_scala/inorder.scala. Using presentation compiler with project's scala-library version: 3.8.4[0m
2026.08.02 00:39:30 INFO  no build target found for /Users/nilayshrivastava/Documents/programming_language/scala/learning_scala/fp_in_scala/inorder.scala. Using presentation compiler with project's scala-library version: 3.8.4[0m
2026.08.02 00:39:30 INFO  no build target found for /Users/nilayshrivastava/Documents/programming_language/scala/learning_scala/fp_in_scala/inorder.scala. Using presentation compiler with project's scala-library version: 3.8.4[0m
2026.08.02 00:39:30 INFO  no build target found for /Users/nilayshrivastava/Documents/programming_language/scala/learning_scala/fp_in_scala/inorder.scala. Using presentation compiler with project's scala-library version: 3.8.4[0m
2026.08.02 00:39:30 INFO  no build target found for /Users/nilayshrivastava/Documents/programming_language/scala/learning_scala/fp_in_scala/inorder.scala. Using presentation compiler with project's scala-library version: 3.8.4[0m
2026.08.02 00:39:31 INFO  no build target found for /Users/nilayshrivastava/Documents/programming_language/scala/learning_scala/fp_in_scala/inorder.scala. Using presentation compiler with project's scala-library version: 3.8.4[0m
2026.08.02 00:39:31 INFO  no build target found for /Users/nilayshrivastava/Documents/programming_language/scala/learning_scala/fp_in_scala/inorder.scala. Using presentation compiler with project's scala-library version: 3.8.4[0m
2026.08.02 00:39:31 INFO  no build target found for /Users/nilayshrivastava/Documents/programming_language/scala/learning_scala/fp_in_scala/inorder.scala. Using presentation compiler with project's scala-library version: 3.8.4[0m
2026.08.02 00:39:31 INFO  no build target found for /Users/nilayshrivastava/Documents/programming_language/scala/learning_scala/fp_in_scala/inorder.scala. Using presentation compiler with project's scala-library version: 3.8.4[0m
2026.08.02 00:39:31 INFO  no build target found for /Users/nilayshrivastava/Documents/programming_language/scala/learning_scala/fp_in_scala/inorder.scala. Using presentation compiler with project's scala-library version: 3.8.4[0m
2026.08.02 00:39:31 INFO  no build target found for /Users/nilayshrivastava/Documents/programming_language/scala/learning_scala/fp_in_scala/inorder.scala. Using presentation compiler with project's scala-library version: 3.8.4[0m
2026.08.02 00:39:31 INFO  no build target found for /Users/nilayshrivastava/Documents/programming_language/scala/learning_scala/fp_in_scala/inorder.scala. Using presentation compiler with project's scala-library version: 3.8.4[0m
2026.08.02 00:39:31 INFO  no build target found for /Users/nilayshrivastava/Documents/programming_language/scala/learning_scala/fp_in_scala/inorder.scala. Using presentation compiler with project's scala-library version: 3.8.4[0m
2026.08.02 00:39:31 INFO  no build target found for /Users/nilayshrivastava/Documents/programming_language/scala/learning_scala/fp_in_scala/inorder.scala. Using presentation compiler with project's scala-library version: 3.8.4[0m
2026.08.02 00:39:31 INFO  no build target found for /Users/nilayshrivastava/Documents/programming_language/scala/learning_scala/fp_in_scala/inorder.scala. Using presentation compiler with project's scala-library version: 3.8.4[0m
2026.08.02 00:39:31 INFO  no build target found for /Users/nilayshrivastava/Documents/programming_language/scala/learning_scala/fp_in_scala/inorder.scala. Using presentation compiler with project's scala-library version: 3.8.4[0m
2026.08.02 00:39:31 INFO  no build target found for /Users/nilayshrivastava/Documents/programming_language/scala/learning_scala/fp_in_scala/inorder.scala. Using presentation compiler with project's scala-library version: 3.8.4[0m
2026.08.02 00:39:31 INFO  no build target found for /Users/nilayshrivastava/Documents/programming_language/scala/learning_scala/fp_in_scala/inorder.scala. Using presentation compiler with project's scala-library version: 3.8.4[0m
2026.08.02 00:39:33 INFO  no build target found for /Users/nilayshrivastava/Documents/programming_language/scala/learning_scala/fp_in_scala/inorder.scala. Using presentation compiler with project's scala-library version: 3.8.4[0m
2026.08.02 00:39:33 INFO  no build target found for /Users/nilayshrivastava/Documents/programming_language/scala/learning_scala/fp_in_scala/inorder.scala. Using presentation compiler with project's scala-library version: 3.8.4[0m
2026.08.02 00:39:35 INFO  no build target found for /Users/nilayshrivastava/Documents/programming_language/scala/learning_scala/fp_in_scala/inorder.scala. Using presentation compiler with project's scala-library version: 3.8.4[0m
2026.08.02 00:39:37 INFO  no build target found for /Users/nilayshrivastava/Documents/programming_language/scala/learning_scala/fp_in_scala/inorder.scala. Using presentation compiler with project's scala-library version: 3.8.4[0m
2026.08.02 00:39:44 INFO  no build target found for /Users/nilayshrivastava/Documents/programming_language/scala/learning_scala/fp_in_scala/inorder.scala. Using presentation compiler with project's scala-library version: 3.8.4[0m
2026.08.02 00:39:44 INFO  no build target found for /Users/nilayshrivastava/Documents/programming_language/scala/learning_scala/fp_in_scala/inorder.scala. Using presentation compiler with project's scala-library version: 3.8.4[0m
2026.08.02 00:39:44 INFO  no build target found for /Users/nilayshrivastava/Documents/programming_language/scala/learning_scala/fp_in_scala/inorder.scala. Using presentation compiler with project's scala-library version: 3.8.4[0m
2026.08.02 00:39:44 INFO  no build target found for /Users/nilayshrivastava/Documents/programming_language/scala/learning_scala/fp_in_scala/inorder.scala. Using presentation compiler with project's scala-library version: 3.8.4[0m
2026.08.02 00:39:44 INFO  no build target found for /Users/nilayshrivastava/Documents/programming_language/scala/learning_scala/fp_in_scala/inorder.scala. Using presentation compiler with project's scala-library version: 3.8.4[0m
2026.08.02 00:39:46 INFO  no build target found for /Users/nilayshrivastava/Documents/programming_language/scala/learning_scala/fp_in_scala/inorder.scala. Using presentation compiler with project's scala-library version: 3.8.4[0m
2026.08.02 00:39:46 INFO  no build target found for /Users/nilayshrivastava/Documents/programming_language/scala/learning_scala/fp_in_scala/inorder.scala. Using presentation compiler with project's scala-library version: 3.8.4[0m
2026.08.02 00:39:46 INFO  no build target found for /Users/nilayshrivastava/Documents/programming_language/scala/learning_scala/fp_in_scala/inorder.scala. Using presentation compiler with project's scala-library version: 3.8.4[0m
2026.08.02 00:39:46 INFO  no build target found for /Users/nilayshrivastava/Documents/programming_language/scala/learning_scala/fp_in_scala/inorder.scala. Using presentation compiler with project's scala-library version: 3.8.4[0m
2026.08.02 00:39:46 INFO  no build target found for /Users/nilayshrivastava/Documents/programming_language/scala/learning_scala/fp_in_scala/inorder.scala. Using presentation compiler with project's scala-library version: 3.8.4[0m
2026.08.02 00:39:46 INFO  no build target found for /Users/nilayshrivastava/Documents/programming_language/scala/learning_scala/fp_in_scala/inorder.scala. Using presentation compiler with project's scala-library version: 3.8.4[0m
2026.08.02 00:39:46 INFO  no build target found for /Users/nilayshrivastava/Documents/programming_language/scala/learning_scala/fp_in_scala/inorder.scala. Using presentation compiler with project's scala-library version: 3.8.4[0m
2026.08.02 00:39:46 INFO  no build target found for /Users/nilayshrivastava/Documents/programming_language/scala/learning_scala/fp_in_scala/inorder.scala. Using presentation compiler with project's scala-library version: 3.8.4[0m
2026.08.02 00:39:46 INFO  no build target found for /Users/nilayshrivastava/Documents/programming_language/scala/learning_scala/fp_in_scala/inorder.scala. Using presentation compiler with project's scala-library version: 3.8.4[0m
2026.08.02 00:39:48 INFO  no build target found for /Users/nilayshrivastava/Documents/programming_language/scala/learning_scala/fp_in_scala/inorder.scala. Using presentation compiler with project's scala-library version: 3.8.4[0m
2026.08.02 00:39:48 INFO  no build target found for /Users/nilayshrivastava/Documents/programming_language/scala/learning_scala/fp_in_scala/inorder.scala. Using presentation compiler with project's scala-library version: 3.8.4[0m
2026.08.02 00:39:48 INFO  no build target found for /Users/nilayshrivastava/Documents/programming_language/scala/learning_scala/fp_in_scala/inorder.scala. Using presentation compiler with project's scala-library version: 3.8.4[0m
2026.08.02 00:39:48 INFO  no build target found for /Users/nilayshrivastava/Documents/programming_language/scala/learning_scala/fp_in_scala/inorder.scala. Using presentation compiler with project's scala-library version: 3.8.4[0m
2026.08.02 00:39:48 INFO  no build target found for /Users/nilayshrivastava/Documents/programming_language/scala/learning_scala/fp_in_scala/inorder.scala. Using presentation compiler with project's scala-library version: 3.8.4[0m
2026.08.02 00:39:48 INFO  no build target found for /Users/nilayshrivastava/Documents/programming_language/scala/learning_scala/fp_in_scala/inorder.scala. Using presentation compiler with project's scala-library version: 3.8.4[0m
2026.08.02 00:39:49 INFO  no build target found for /Users/nilayshrivastava/Documents/programming_language/scala/learning_scala/fp_in_scala/inorder.scala. Using presentation compiler with project's scala-library version: 3.8.4[0m
2026.08.02 00:39:49 INFO  no build target found for /Users/nilayshrivastava/Documents/programming_language/scala/learning_scala/fp_in_scala/inorder.scala. Using presentation compiler with project's scala-library version: 3.8.4[0m
2026.08.02 00:39:49 INFO  no build target found for /Users/nilayshrivastava/Documents/programming_language/scala/learning_scala/fp_in_scala/inorder.scala. Using presentation compiler with project's scala-library version: 3.8.4[0m
2026.08.02 00:39:49 INFO  no build target found for /Users/nilayshrivastava/Documents/programming_language/scala/learning_scala/fp_in_scala/inorder.scala. Using presentation compiler with project's scala-library version: 3.8.4[0m
2026.08.02 00:39:55 INFO  no build target found for /Users/nilayshrivastava/Documents/programming_language/scala/learning_scala/fp_in_scala/inorder.scala. Using presentation compiler with project's scala-library version: 3.8.4[0m
2026.08.02 00:39:55 INFO  no build target found for /Users/nilayshrivastava/Documents/programming_language/scala/learning_scala/fp_in_scala/inorder.scala. Using presentation compiler with project's scala-library version: 3.8.4[0m
2026.08.02 00:39:55 INFO  no build target found for /Users/nilayshrivastava/Documents/programming_language/scala/learning_scala/fp_in_scala/inorder.scala. Using presentation compiler with project's scala-library version: 3.8.4[0m
2026.08.02 00:39:55 INFO  no build target found for /Users/nilayshrivastava/Documents/programming_language/scala/learning_scala/fp_in_scala/inorder.scala. Using presentation compiler with project's scala-library version: 3.8.4[0m
2026.08.02 00:39:55 INFO  no build target found for /Users/nilayshrivastava/Documents/programming_language/scala/learning_scala/fp_in_scala/inorder.scala. Using presentation compiler with project's scala-library version: 3.8.4[0m
2026.08.02 00:39:55 INFO  no build target found for /Users/nilayshrivastava/Documents/programming_language/scala/learning_scala/fp_in_scala/inorder.scala. Using presentation compiler with project's scala-library version: 3.8.4[0m
2026.08.02 00:39:58 INFO  no build target found for /Users/nilayshrivastava/Documents/programming_language/scala/learning_scala/fp_in_scala/inorder.scala. Using presentation compiler with project's scala-library version: 3.8.4[0m
2026.08.02 00:39:58 INFO  no build target found for /Users/nilayshrivastava/Documents/programming_language/scala/learning_scala/fp_in_scala/inorder.scala. Using presentation compiler with project's scala-library version: 3.8.4[0m
2026.08.02 00:39:58 INFO  no build target found for /Users/nilayshrivastava/Documents/programming_language/scala/learning_scala/fp_in_scala/inorder.scala. Using presentation compiler with project's scala-library version: 3.8.4[0m
2026.08.02 00:40:01 INFO  no build target found for /Users/nilayshrivastava/Documents/programming_language/scala/learning_scala/fp_in_scala/inorder.scala. Using presentation compiler with project's scala-library version: 3.8.4[0m
2026.08.02 00:40:01 INFO  no build target found for /Users/nilayshrivastava/Documents/programming_language/scala/learning_scala/fp_in_scala/inorder.scala. Using presentation compiler with project's scala-library version: 3.8.4[0m
2026.08.02 00:40:01 INFO  no build target found for /Users/nilayshrivastava/Documents/programming_language/scala/learning_scala/fp_in_scala/inorder.scala. Using presentation compiler with project's scala-library version: 3.8.4[0m
2026.08.02 00:40:03 INFO  no build target found for /Users/nilayshrivastava/Documents/programming_language/scala/learning_scala/fp_in_scala/inorder.scala. Using presentation compiler with project's scala-library version: 3.8.4[0m
2026.08.02 00:40:06 INFO  no build target found for /Users/nilayshrivastava/Documents/programming_language/scala/learning_scala/fp_in_scala/inorder.scala. Using presentation compiler with project's scala-library version: 3.8.4[0m
2026.08.02 00:40:06 INFO  no build target found for /Users/nilayshrivastava/Documents/programming_language/scala/learning_scala/fp_in_scala/inorder.scala. Using presentation compiler with project's scala-library version: 3.8.4[0m
2026.08.02 00:40:06 INFO  no build target found for /Users/nilayshrivastava/Documents/programming_language/scala/learning_scala/fp_in_scala/inorder.scala. Using presentation compiler with project's scala-library version: 3.8.4[0m
2026.08.02 00:40:06 INFO  no build target found for /Users/nilayshrivastava/Documents/programming_language/scala/learning_scala/fp_in_scala/inorder.scala. Using presentation compiler with project's scala-library version: 3.8.4[0m
2026.08.02 00:40:08 INFO  no build target found for /Users/nilayshrivastava/Documents/programming_language/scala/learning_scala/fp_in_scala/inorder.scala. Using presentation compiler with project's scala-library version: 3.8.4[0m
2026.08.02 00:40:08 INFO  no build target found for /Users/nilayshrivastava/Documents/programming_language/scala/learning_scala/fp_in_scala/inorder.scala. Using presentation compiler with project's scala-library version: 3.8.4[0m
2026.08.02 00:40:11 INFO  no build target found for /Users/nilayshrivastava/Documents/programming_language/scala/learning_scala/fp_in_scala/inorder.scala. Using presentation compiler with project's scala-library version: 3.8.4[0m
2026.08.02 00:40:11 INFO  no build target found for /Users/nilayshrivastava/Documents/programming_language/scala/learning_scala/fp_in_scala/inorder.scala. Using presentation compiler with project's scala-library version: 3.8.4[0m
2026.08.02 00:40:11 INFO  no build target found for /Users/nilayshrivastava/Documents/programming_language/scala/learning_scala/fp_in_scala/inorder.scala. Using presentation compiler with project's scala-library version: 3.8.4[0m
2026.08.02 00:40:22 INFO  no build target found for /Users/nilayshrivastava/Documents/programming_language/scala/learning_scala/fp_in_scala/inorder.scala. Using presentation compiler with project's scala-library version: 3.8.4[0m
2026.08.02 00:40:22 INFO  no build target found for /Users/nilayshrivastava/Documents/programming_language/scala/learning_scala/fp_in_scala/inorder.scala. Using presentation compiler with project's scala-library version: 3.8.4[0m
2026.08.02 00:40:22 INFO  no build target found for /Users/nilayshrivastava/Documents/programming_language/scala/learning_scala/fp_in_scala/inorder.scala. Using presentation compiler with project's scala-library version: 3.8.4[0m
2026.08.02 00:40:25 INFO  no build target found for /Users/nilayshrivastava/Documents/programming_language/scala/learning_scala/fp_in_scala/inorder.scala. Using presentation compiler with project's scala-library version: 3.8.4[0m
2026.08.02 00:40:28 INFO  no build target found for /Users/nilayshrivastava/Documents/programming_language/scala/learning_scala/fp_in_scala/inorder.scala. Using presentation compiler with project's scala-library version: 3.8.4[0m
2026.08.02 00:40:31 INFO  no build target found for /Users/nilayshrivastava/Documents/programming_language/scala/learning_scala/fp_in_scala/inorder.scala. Using presentation compiler with project's scala-library version: 3.8.4[0m
2026.08.02 00:40:31 INFO  no build target found for /Users/nilayshrivastava/Documents/programming_language/scala/learning_scala/fp_in_scala/inorder.scala. Using presentation compiler with project's scala-library version: 3.8.4[0m
2026.08.02 00:40:31 INFO  no build target found for /Users/nilayshrivastava/Documents/programming_language/scala/learning_scala/fp_in_scala/inorder.scala. Using presentation compiler with project's scala-library version: 3.8.4[0m
2026.08.02 00:40:31 INFO  no build target found for /Users/nilayshrivastava/Documents/programming_language/scala/learning_scala/fp_in_scala/inorder.scala. Using presentation compiler with project's scala-library version: 3.8.4[0m
2026.08.02 00:40:31 INFO  no build target found for /Users/nilayshrivastava/Documents/programming_language/scala/learning_scala/fp_in_scala/inorder.scala. Using presentation compiler with project's scala-library version: 3.8.4[0m
2026.08.02 00:40:31 INFO  no build target found for /Users/nilayshrivastava/Documents/programming_language/scala/learning_scala/fp_in_scala/inorder.scala. Using presentation compiler with project's scala-library version: 3.8.4[0m
2026.08.02 00:40:31 INFO  no build target found for /Users/nilayshrivastava/Documents/programming_language/scala/learning_scala/fp_in_scala/inorder.scala. Using presentation compiler with project's scala-library version: 3.8.4[0m
2026.08.02 00:40:31 INFO  no build target found for /Users/nilayshrivastava/Documents/programming_language/scala/learning_scala/fp_in_scala/inorder.scala. Using presentation compiler with project's scala-library version: 3.8.4[0m
2026.08.02 00:40:31 INFO  no build target found for /Users/nilayshrivastava/Documents/programming_language/scala/learning_scala/fp_in_scala/inorder.scala. Using presentation compiler with project's scala-library version: 3.8.4[0m
2026.08.02 00:40:32 INFO  no build target found for /Users/nilayshrivastava/Documents/programming_language/scala/learning_scala/fp_in_scala/inorder.scala. Using presentation compiler with project's scala-library version: 3.8.4[0m
2026.08.02 00:40:32 INFO  no build target found for /Users/nilayshrivastava/Documents/programming_language/scala/learning_scala/fp_in_scala/inorder.scala. Using presentation compiler with project's scala-library version: 3.8.4[0m
2026.08.02 00:40:32 INFO  no build target found for /Users/nilayshrivastava/Documents/programming_language/scala/learning_scala/fp_in_scala/inorder.scala. Using presentation compiler with project's scala-library version: 3.8.4[0m
2026.08.02 00:40:37 INFO  no build target found for /Users/nilayshrivastava/Documents/programming_language/scala/learning_scala/fp_in_scala/inorder.scala. Using presentation compiler with project's scala-library version: 3.8.4[0m
2026.08.02 00:40:37 INFO  no build target found for /Users/nilayshrivastava/Documents/programming_language/scala/learning_scala/fp_in_scala/inorder.scala. Using presentation compiler with project's scala-library version: 3.8.4[0m
2026.08.02 00:40:37 INFO  no build target found for /Users/nilayshrivastava/Documents/programming_language/scala/learning_scala/fp_in_scala/inorder.scala. Using presentation compiler with project's scala-library version: 3.8.4[0m
2026.08.02 00:40:37 INFO  no build target found for /Users/nilayshrivastava/Documents/programming_language/scala/learning_scala/fp_in_scala/inorder.scala. Using presentation compiler with project's scala-library version: 3.8.4[0m
2026.08.02 00:40:37 INFO  no build target found for /Users/nilayshrivastava/Documents/programming_language/scala/learning_scala/fp_in_scala/inorder.scala. Using presentation compiler with project's scala-library version: 3.8.4[0m
2026.08.02 00:40:37 INFO  no build target found for /Users/nilayshrivastava/Documents/programming_language/scala/learning_scala/fp_in_scala/inorder.scala. Using presentation compiler with project's scala-library version: 3.8.4[0m
2026.08.02 00:40:39 INFO  no build target found for /Users/nilayshrivastava/Documents/programming_language/scala/learning_scala/fp_in_scala/inorder.scala. Using presentation compiler with project's scala-library version: 3.8.4[0m
2026.08.02 00:40:39 INFO  no build target found for /Users/nilayshrivastava/Documents/programming_language/scala/learning_scala/fp_in_scala/inorder.scala. Using presentation compiler with project's scala-library version: 3.8.4[0m
2026.08.02 00:40:39 INFO  no build target found for /Users/nilayshrivastava/Documents/programming_language/scala/learning_scala/fp_in_scala/inorder.scala. Using presentation compiler with project's scala-library version: 3.8.4[0m
2026.08.02 00:40:39 INFO  no build target found for /Users/nilayshrivastava/Documents/programming_language/scala/learning_scala/fp_in_scala/inorder.scala. Using presentation compiler with project's scala-library version: 3.8.4[0m
2026.08.02 00:40:39 INFO  no build target found for /Users/nilayshrivastava/Documents/programming_language/scala/learning_scala/fp_in_scala/inorder.scala. Using presentation compiler with project's scala-library version: 3.8.4[0m
2026.08.02 00:40:39 INFO  no build target found for /Users/nilayshrivastava/Documents/programming_language/scala/learning_scala/fp_in_scala/inorder.scala. Using presentation compiler with project's scala-library version: 3.8.4[0m
2026.08.02 00:40:39 INFO  no build target found for /Users/nilayshrivastava/Documents/programming_language/scala/learning_scala/fp_in_scala/inorder.scala. Using presentation compiler with project's scala-library version: 3.8.4[0m
2026.08.02 00:40:40 INFO  no build target found for /Users/nilayshrivastava/Documents/programming_language/scala/learning_scala/fp_in_scala/inorder.scala. Using presentation compiler with project's scala-library version: 3.8.4[0m
2026.08.02 00:40:40 INFO  no build target found for /Users/nilayshrivastava/Documents/programming_language/scala/learning_scala/fp_in_scala/inorder.scala. Using presentation compiler with project's scala-library version: 3.8.4[0m
2026.08.02 00:40:40 INFO  no build target found for /Users/nilayshrivastava/Documents/programming_language/scala/learning_scala/fp_in_scala/inorder.scala. Using presentation compiler with project's scala-library version: 3.8.4[0m
2026.08.02 00:40:40 INFO  no build target found for /Users/nilayshrivastava/Documents/programming_language/scala/learning_scala/fp_in_scala/inorder.scala. Using presentation compiler with project's scala-library version: 3.8.4[0m
2026.08.02 00:40:40 INFO  no build target found for /Users/nilayshrivastava/Documents/programming_language/scala/learning_scala/fp_in_scala/inorder.scala. Using presentation compiler with project's scala-library version: 3.8.4[0m
2026.08.02 00:40:40 INFO  no build target found for /Users/nilayshrivastava/Documents/programming_language/scala/learning_scala/fp_in_scala/inorder.scala. Using presentation compiler with project's scala-library version: 3.8.4[0m
2026.08.02 00:40:41 INFO  no build target found for /Users/nilayshrivastava/Documents/programming_language/scala/learning_scala/fp_in_scala/inorder.scala. Using presentation compiler with project's scala-library version: 3.8.4[0m
2026.08.02 00:40:41 INFO  no build target found for /Users/nilayshrivastava/Documents/programming_language/scala/learning_scala/fp_in_scala/inorder.scala. Using presentation compiler with project's scala-library version: 3.8.4[0m
2026.08.02 00:40:41 INFO  no build target found for /Users/nilayshrivastava/Documents/programming_language/scala/learning_scala/fp_in_scala/inorder.scala. Using presentation compiler with project's scala-library version: 3.8.4[0m
2026.08.02 00:40:43 INFO  no build target found for /Users/nilayshrivastava/Documents/programming_language/scala/learning_scala/fp_in_scala/inorder.scala. Using presentation compiler with project's scala-library version: 3.8.4[0m
2026.08.02 00:40:43 INFO  no build target found for /Users/nilayshrivastava/Documents/programming_language/scala/learning_scala/fp_in_scala/inorder.scala. Using presentation compiler with project's scala-library version: 3.8.4[0m
2026.08.02 00:40:43 INFO  no build target found for /Users/nilayshrivastava/Documents/programming_language/scala/learning_scala/fp_in_scala/inorder.scala. Using presentation compiler with project's scala-library version: 3.8.4[0m
2026.08.02 00:40:43 INFO  no build target found for /Users/nilayshrivastava/Documents/programming_language/scala/learning_scala/fp_in_scala/inorder.scala. Using presentation compiler with project's scala-library version: 3.8.4[0m
2026.08.02 00:40:43 INFO  no build target found for /Users/nilayshrivastava/Documents/programming_language/scala/learning_scala/fp_in_scala/inorder.scala. Using presentation compiler with project's scala-library version: 3.8.4[0m
2026.08.02 00:40:43 INFO  no build target found for /Users/nilayshrivastava/Documents/programming_language/scala/learning_scala/fp_in_scala/inorder.scala. Using presentation compiler with project's scala-library version: 3.8.4[0m
2026.08.02 00:40:43 INFO  no build target found for /Users/nilayshrivastava/Documents/programming_language/scala/learning_scala/fp_in_scala/inorder.scala. Using presentation compiler with project's scala-library version: 3.8.4[0m
2026.08.02 00:40:44 INFO  no build target found for /Users/nilayshrivastava/Documents/programming_language/scala/learning_scala/fp_in_scala/inorder.scala. Using presentation compiler with project's scala-library version: 3.8.4[0m
2026.08.02 00:40:44 INFO  no build target found for /Users/nilayshrivastava/Documents/programming_language/scala/learning_scala/fp_in_scala/inorder.scala. Using presentation compiler with project's scala-library version: 3.8.4[0m
2026.08.02 00:40:45 INFO  no build target found for /Users/nilayshrivastava/Documents/programming_language/scala/learning_scala/fp_in_scala/inorder.scala. Using presentation compiler with project's scala-library version: 3.8.4[0m
2026.08.02 00:40:48 INFO  no build target found for /Users/nilayshrivastava/Documents/programming_language/scala/learning_scala/fp_in_scala/inorder.scala. Using presentation compiler with project's scala-library version: 3.8.4[0m
2026.08.02 00:40:48 INFO  no build target found for /Users/nilayshrivastava/Documents/programming_language/scala/learning_scala/fp_in_scala/inorder.scala. Using presentation compiler with project's scala-library version: 3.8.4[0m
2026.08.02 00:40:48 INFO  no build target found for /Users/nilayshrivastava/Documents/programming_language/scala/learning_scala/fp_in_scala/inorder.scala. Using presentation compiler with project's scala-library version: 3.8.4[0m
2026.08.02 00:40:48 INFO  no build target found for /Users/nilayshrivastava/Documents/programming_language/scala/learning_scala/fp_in_scala/inorder.scala. Using presentation compiler with project's scala-library version: 3.8.4[0m
2026.08.02 00:40:50 INFO  no build target found for /Users/nilayshrivastava/Documents/programming_language/scala/learning_scala/fp_in_scala/inorder.scala. Using presentation compiler with project's scala-library version: 3.8.4[0m
2026.08.02 00:40:50 INFO  no build target found for /Users/nilayshrivastava/Documents/programming_language/scala/learning_scala/fp_in_scala/inorder.scala. Using presentation compiler with project's scala-library version: 3.8.4[0m
2026.08.02 00:40:50 INFO  no build target found for /Users/nilayshrivastava/Documents/programming_language/scala/learning_scala/fp_in_scala/inorder.scala. Using presentation compiler with project's scala-library version: 3.8.4[0m
2026.08.02 00:40:50 INFO  no build target found for /Users/nilayshrivastava/Documents/programming_language/scala/learning_scala/fp_in_scala/inorder.scala. Using presentation compiler with project's scala-library version: 3.8.4[0m
2026.08.02 00:40:50 INFO  no build target found for /Users/nilayshrivastava/Documents/programming_language/scala/learning_scala/fp_in_scala/inorder.scala. Using presentation compiler with project's scala-library version: 3.8.4[0m
2026.08.02 00:40:50 INFO  no build target found for /Users/nilayshrivastava/Documents/programming_language/scala/learning_scala/fp_in_scala/inorder.scala. Using presentation compiler with project's scala-library version: 3.8.4[0m
2026.08.02 00:40:50 INFO  no build target found for /Users/nilayshrivastava/Documents/programming_language/scala/learning_scala/fp_in_scala/inorder.scala. Using presentation compiler with project's scala-library version: 3.8.4[0m
2026.08.02 00:40:50 INFO  no build target found for /Users/nilayshrivastava/Documents/programming_language/scala/learning_scala/fp_in_scala/inorder.scala. Using presentation compiler with project's scala-library version: 3.8.4[0m
2026.08.02 00:40:50 INFO  no build target found for /Users/nilayshrivastava/Documents/programming_language/scala/learning_scala/fp_in_scala/inorder.scala. Using presentation compiler with project's scala-library version: 3.8.4[0m
2026.08.02 00:40:50 INFO  no build target found for /Users/nilayshrivastava/Documents/programming_language/scala/learning_scala/fp_in_scala/inorder.scala. Using presentation compiler with project's scala-library version: 3.8.4[0m
2026.08.02 00:40:51 INFO  no build target found for /Users/nilayshrivastava/Documents/programming_language/scala/learning_scala/fp_in_scala/inorder.scala. Using presentation compiler with project's scala-library version: 3.8.4[0m
2026.08.02 00:40:51 INFO  no build target found for /Users/nilayshrivastava/Documents/programming_language/scala/learning_scala/fp_in_scala/inorder.scala. Using presentation compiler with project's scala-library version: 3.8.4[0m
2026.08.02 00:40:51 INFO  no build target found for /Users/nilayshrivastava/Documents/programming_language/scala/learning_scala/fp_in_scala/inorder.scala. Using presentation compiler with project's scala-library version: 3.8.4[0m
2026.08.02 00:40:51 INFO  no build target found for /Users/nilayshrivastava/Documents/programming_language/scala/learning_scala/fp_in_scala/inorder.scala. Using presentation compiler with project's scala-library version: 3.8.4[0m
2026.08.02 00:40:51 INFO  no build target found for /Users/nilayshrivastava/Documents/programming_language/scala/learning_scala/fp_in_scala/inorder.scala. Using presentation compiler with project's scala-library version: 3.8.4[0m
2026.08.02 00:40:53 INFO  no build target found for /Users/nilayshrivastava/Documents/programming_language/scala/learning_scala/fp_in_scala/inorder.scala. Using presentation compiler with project's scala-library version: 3.8.4[0m
2026.08.02 00:40:53 INFO  no build target found for /Users/nilayshrivastava/Documents/programming_language/scala/learning_scala/fp_in_scala/inorder.scala. Using presentation compiler with project's scala-library version: 3.8.4[0m
2026.08.02 00:40:53 INFO  no build target found for /Users/nilayshrivastava/Documents/programming_language/scala/learning_scala/fp_in_scala/inorder.scala. Using presentation compiler with project's scala-library version: 3.8.4[0m
2026.08.02 00:40:53 INFO  no build target found for /Users/nilayshrivastava/Documents/programming_language/scala/learning_scala/fp_in_scala/inorder.scala. Using presentation compiler with project's scala-library version: 3.8.4[0m
2026.08.02 00:40:53 INFO  no build target found for /Users/nilayshrivastava/Documents/programming_language/scala/learning_scala/fp_in_scala/inorder.scala. Using presentation compiler with project's scala-library version: 3.8.4[0m
2026.08.02 00:40:53 INFO  no build target found for /Users/nilayshrivastava/Documents/programming_language/scala/learning_scala/fp_in_scala/inorder.scala. Using presentation compiler with project's scala-library version: 3.8.4[0m
2026.08.02 00:40:53 INFO  no build target found for /Users/nilayshrivastava/Documents/programming_language/scala/learning_scala/fp_in_scala/inorder.scala. Using presentation compiler with project's scala-library version: 3.8.4[0m
2026.08.02 00:40:53 INFO  no build target found for /Users/nilayshrivastava/Documents/programming_language/scala/learning_scala/fp_in_scala/inorder.scala. Using presentation compiler with project's scala-library version: 3.8.4[0m
2026.08.02 00:40:54 INFO  no build target found for /Users/nilayshrivastava/Documents/programming_language/scala/learning_scala/fp_in_scala/inorder.scala. Using presentation compiler with project's scala-library version: 3.8.4[0m
2026.08.02 00:40:54 INFO  no build target found for /Users/nilayshrivastava/Documents/programming_language/scala/learning_scala/fp_in_scala/inorder.scala. Using presentation compiler with project's scala-library version: 3.8.4[0m
2026.08.02 00:40:54 INFO  no build target found for /Users/nilayshrivastava/Documents/programming_language/scala/learning_scala/fp_in_scala/inorder.scala. Using presentation compiler with project's scala-library version: 3.8.4[0m
2026.08.02 00:40:54 INFO  no build target found for /Users/nilayshrivastava/Documents/programming_language/scala/learning_scala/fp_in_scala/inorder.scala. Using presentation compiler with project's scala-library version: 3.8.4[0m
2026.08.02 00:40:54 INFO  no build target found for /Users/nilayshrivastava/Documents/programming_language/scala/learning_scala/fp_in_scala/inorder.scala. Using presentation compiler with project's scala-library version: 3.8.4[0m
2026.08.02 00:40:54 INFO  no build target found for /Users/nilayshrivastava/Documents/programming_language/scala/learning_scala/fp_in_scala/inorder.scala. Using presentation compiler with project's scala-library version: 3.8.4[0m
2026.08.02 00:40:55 INFO  no build target found for /Users/nilayshrivastava/Documents/programming_language/scala/learning_scala/fp_in_scala/inorder.scala. Using presentation compiler with project's scala-library version: 3.8.4[0m
2026.08.02 00:40:55 INFO  no build target found for /Users/nilayshrivastava/Documents/programming_language/scala/learning_scala/fp_in_scala/inorder.scala. Using presentation compiler with project's scala-library version: 3.8.4[0m
2026.08.02 00:40:55 INFO  no build target found for /Users/nilayshrivastava/Documents/programming_language/scala/learning_scala/fp_in_scala/inorder.scala. Using presentation compiler with project's scala-library version: 3.8.4[0m
2026.08.02 00:40:55 INFO  no build target found for /Users/nilayshrivastava/Documents/programming_language/scala/learning_scala/fp_in_scala/inorder.scala. Using presentation compiler with project's scala-library version: 3.8.4[0m
2026.08.02 00:40:55 INFO  no build target found for /Users/nilayshrivastava/Documents/programming_language/scala/learning_scala/fp_in_scala/inorder.scala. Using presentation compiler with project's scala-library version: 3.8.4[0m
2026.08.02 00:40:55 INFO  no build target found for /Users/nilayshrivastava/Documents/programming_language/scala/learning_scala/fp_in_scala/inorder.scala. Using presentation compiler with project's scala-library version: 3.8.4[0m
2026.08.02 00:40:55 INFO  no build target found for /Users/nilayshrivastava/Documents/programming_language/scala/learning_scala/fp_in_scala/inorder.scala. Using presentation compiler with project's scala-library version: 3.8.4[0m
2026.08.02 00:40:55 INFO  no build target found for /Users/nilayshrivastava/Documents/programming_language/scala/learning_scala/fp_in_scala/inorder.scala. Using presentation compiler with project's scala-library version: 3.8.4[0m
2026.08.02 00:40:57 INFO  no build target found for /Users/nilayshrivastava/Documents/programming_language/scala/learning_scala/fp_in_scala/inorder.scala. Using presentation compiler with project's scala-library version: 3.8.4[0m
2026.08.02 00:40:57 INFO  no build target found for /Users/nilayshrivastava/Documents/programming_language/scala/learning_scala/fp_in_scala/inorder.scala. Using presentation compiler with project's scala-library version: 3.8.4[0m
2026.08.02 00:40:57 INFO  no build target found for /Users/nilayshrivastava/Documents/programming_language/scala/learning_scala/fp_in_scala/inorder.scala. Using presentation compiler with project's scala-library version: 3.8.4[0m
2026.08.02 00:40:57 INFO  no build target found for /Users/nilayshrivastava/Documents/programming_language/scala/learning_scala/fp_in_scala/inorder.scala. Using presentation compiler with project's scala-library version: 3.8.4[0m
2026.08.02 00:40:57 INFO  no build target found for /Users/nilayshrivastava/Documents/programming_language/scala/learning_scala/fp_in_scala/inorder.scala. Using presentation compiler with project's scala-library version: 3.8.4[0m
2026.08.02 00:40:57 INFO  no build target found for /Users/nilayshrivastava/Documents/programming_language/scala/learning_scala/fp_in_scala/inorder.scala. Using presentation compiler with project's scala-library version: 3.8.4[0m
2026.08.02 00:40:57 INFO  no build target found for /Users/nilayshrivastava/Documents/programming_language/scala/learning_scala/fp_in_scala/inorder.scala. Using presentation compiler with project's scala-library version: 3.8.4[0m
2026.08.02 00:40:57 INFO  no build target found for /Users/nilayshrivastava/Documents/programming_language/scala/learning_scala/fp_in_scala/inorder.scala. Using presentation compiler with project's scala-library version: 3.8.4[0m
2026.08.02 00:40:57 INFO  no build target found for /Users/nilayshrivastava/Documents/programming_language/scala/learning_scala/fp_in_scala/inorder.scala. Using presentation compiler with project's scala-library version: 3.8.4[0m
2026.08.02 00:40:57 INFO  no build target found for /Users/nilayshrivastava/Documents/programming_language/scala/learning_scala/fp_in_scala/inorder.scala. Using presentation compiler with project's scala-library version: 3.8.4[0m
2026.08.02 00:40:57 INFO  no build target found for /Users/nilayshrivastava/Documents/programming_language/scala/learning_scala/fp_in_scala/inorder.scala. Using presentation compiler with project's scala-library version: 3.8.4[0m
2026.08.02 00:40:58 INFO  no build target found for /Users/nilayshrivastava/Documents/programming_language/scala/learning_scala/fp_in_scala/inorder.scala. Using presentation compiler with project's scala-library version: 3.8.4[0m
2026.08.02 00:40:58 INFO  no build target found for /Users/nilayshrivastava/Documents/programming_language/scala/learning_scala/fp_in_scala/inorder.scala. Using presentation compiler with project's scala-library version: 3.8.4[0m
2026.08.02 00:40:58 INFO  no build target found for /Users/nilayshrivastava/Documents/programming_language/scala/learning_scala/fp_in_scala/inorder.scala. Using presentation compiler with project's scala-library version: 3.8.4[0m
2026.08.02 00:41:00 INFO  no build target found for /Users/nilayshrivastava/Documents/programming_language/scala/learning_scala/fp_in_scala/inorder.scala. Using presentation compiler with project's scala-library version: 3.8.4[0m
2026.08.02 00:41:03 INFO  no build target found for /Users/nilayshrivastava/Documents/programming_language/scala/learning_scala/fp_in_scala/inorder.scala. Using presentation compiler with project's scala-library version: 3.8.4[0m
2026.08.02 00:41:03 INFO  no build target found for /Users/nilayshrivastava/Documents/programming_language/scala/learning_scala/fp_in_scala/inorder.scala. Using presentation compiler with project's scala-library version: 3.8.4[0m
2026.08.02 00:41:03 INFO  no build target found for /Users/nilayshrivastava/Documents/programming_language/scala/learning_scala/fp_in_scala/inorder.scala. Using presentation compiler with project's scala-library version: 3.8.4[0m
2026.08.02 00:41:03 INFO  no build target found for /Users/nilayshrivastava/Documents/programming_language/scala/learning_scala/fp_in_scala/inorder.scala. Using presentation compiler with project's scala-library version: 3.8.4[0m
2026.08.02 00:41:03 INFO  no build target found for /Users/nilayshrivastava/Documents/programming_language/scala/learning_scala/fp_in_scala/inorder.scala. Using presentation compiler with project's scala-library version: 3.8.4[0m
2026.08.02 00:41:03 INFO  no build target found for /Users/nilayshrivastava/Documents/programming_language/scala/learning_scala/fp_in_scala/inorder.scala. Using presentation compiler with project's scala-library version: 3.8.4[0m
2026.08.02 00:41:03 INFO  no build target found for /Users/nilayshrivastava/Documents/programming_language/scala/learning_scala/fp_in_scala/inorder.scala. Using presentation compiler with project's scala-library version: 3.8.4[0m
2026.08.02 00:41:03 INFO  no build target found for /Users/nilayshrivastava/Documents/programming_language/scala/learning_scala/fp_in_scala/inorder.scala. Using presentation compiler with project's scala-library version: 3.8.4[0m
2026.08.02 00:41:03 INFO  no build target found for /Users/nilayshrivastava/Documents/programming_language/scala/learning_scala/fp_in_scala/inorder.scala. Using presentation compiler with project's scala-library version: 3.8.4[0m
2026.08.02 00:41:05 INFO  no build target found for /Users/nilayshrivastava/Documents/programming_language/scala/learning_scala/fp_in_scala/inorder.scala. Using presentation compiler with project's scala-library version: 3.8.4[0m
2026.08.02 00:41:05 INFO  no build target found for /Users/nilayshrivastava/Documents/programming_language/scala/learning_scala/fp_in_scala/inorder.scala. Using presentation compiler with project's scala-library version: 3.8.4[0m
2026.08.02 00:41:07 INFO  no build target found for /Users/nilayshrivastava/Documents/programming_language/scala/learning_scala/fp_in_scala/inorder.scala. Using presentation compiler with project's scala-library version: 3.8.4[0m
2026.08.02 00:41:07 INFO  no build target found for /Users/nilayshrivastava/Documents/programming_language/scala/learning_scala/fp_in_scala/inorder.scala. Using presentation compiler with project's scala-library version: 3.8.4[0m
2026.08.02 00:41:07 INFO  no build target found for /Users/nilayshrivastava/Documents/programming_language/scala/learning_scala/fp_in_scala/inorder.scala. Using presentation compiler with project's scala-library version: 3.8.4[0m
2026.08.02 00:41:07 INFO  no build target found for /Users/nilayshrivastava/Documents/programming_language/scala/learning_scala/fp_in_scala/inorder.scala. Using presentation compiler with project's scala-library version: 3.8.4[0m
2026.08.02 00:41:08 INFO  no build target found for /Users/nilayshrivastava/Documents/programming_language/scala/learning_scala/fp_in_scala/inorder.scala. Using presentation compiler with project's scala-library version: 3.8.4[0m
2026.08.02 00:41:08 INFO  no build target found for /Users/nilayshrivastava/Documents/programming_language/scala/learning_scala/fp_in_scala/inorder.scala. Using presentation compiler with project's scala-library version: 3.8.4[0m
2026.08.02 00:41:08 INFO  no build target found for /Users/nilayshrivastava/Documents/programming_language/scala/learning_scala/fp_in_scala/inorder.scala. Using presentation compiler with project's scala-library version: 3.8.4[0m
2026.08.02 00:41:08 INFO  no build target found for /Users/nilayshrivastava/Documents/programming_language/scala/learning_scala/fp_in_scala/inorder.scala. Using presentation compiler with project's scala-library version: 3.8.4[0m
2026.08.02 00:41:08 INFO  no build target found for /Users/nilayshrivastava/Documents/programming_language/scala/learning_scala/fp_in_scala/inorder.scala. Using presentation compiler with project's scala-library version: 3.8.4[0m
2026.08.02 00:41:08 INFO  no build target found for /Users/nilayshrivastava/Documents/programming_language/scala/learning_scala/fp_in_scala/inorder.scala. Using presentation compiler with project's scala-library version: 3.8.4[0m
2026.08.02 00:41:08 INFO  no build target found for /Users/nilayshrivastava/Documents/programming_language/scala/learning_scala/fp_in_scala/inorder.scala. Using presentation compiler with project's scala-library version: 3.8.4[0m
2026.08.02 00:41:08 INFO  no build target found for /Users/nilayshrivastava/Documents/programming_language/scala/learning_scala/fp_in_scala/inorder.scala. Using presentation compiler with project's scala-library version: 3.8.4[0m
2026.08.02 00:41:08 INFO  no build target found for /Users/nilayshrivastava/Documents/programming_language/scala/learning_scala/fp_in_scala/inorder.scala. Using presentation compiler with project's scala-library version: 3.8.4[0m
2026.08.02 00:41:08 INFO  no build target found for /Users/nilayshrivastava/Documents/programming_language/scala/learning_scala/fp_in_scala/inorder.scala. Using presentation compiler with project's scala-library version: 3.8.4[0m
2026.08.02 00:41:09 INFO  no build target found for /Users/nilayshrivastava/Documents/programming_language/scala/learning_scala/fp_in_scala/inorder.scala. Using presentation compiler with project's scala-library version: 3.8.4[0m
2026.08.02 00:41:09 INFO  no build target found for /Users/nilayshrivastava/Documents/programming_language/scala/learning_scala/fp_in_scala/inorder.scala. Using presentation compiler with project's scala-library version: 3.8.4[0m
2026.08.02 00:41:09 INFO  no build target found for /Users/nilayshrivastava/Documents/programming_language/scala/learning_scala/fp_in_scala/inorder.scala. Using presentation compiler with project's scala-library version: 3.8.4[0m
2026.08.02 00:41:09 INFO  no build target found for /Users/nilayshrivastava/Documents/programming_language/scala/learning_scala/fp_in_scala/inorder.scala. Using presentation compiler with project's scala-library version: 3.8.4[0m
2026.08.02 00:41:09 INFO  no build target found for /Users/nilayshrivastava/Documents/programming_language/scala/learning_scala/fp_in_scala/inorder.scala. Using presentation compiler with project's scala-library version: 3.8.4[0m
2026.08.02 00:41:09 INFO  no build target found for /Users/nilayshrivastava/Documents/programming_language/scala/learning_scala/fp_in_scala/inorder.scala. Using presentation compiler with project's scala-library version: 3.8.4[0m
2026.08.02 00:41:09 INFO  no build target found for /Users/nilayshrivastava/Documents/programming_language/scala/learning_scala/fp_in_scala/inorder.scala. Using presentation compiler with project's scala-library version: 3.8.4[0m
2026.08.02 00:41:09 INFO  no build target found for /Users/nilayshrivastava/Documents/programming_language/scala/learning_scala/fp_in_scala/inorder.scala. Using presentation compiler with project's scala-library version: 3.8.4[0m
2026.08.02 00:41:09 INFO  no build target found for /Users/nilayshrivastava/Documents/programming_language/scala/learning_scala/fp_in_scala/inorder.scala. Using presentation compiler with project's scala-library version: 3.8.4[0m
2026.08.02 00:41:09 INFO  no build target found for /Users/nilayshrivastava/Documents/programming_language/scala/learning_scala/fp_in_scala/inorder.scala. Using presentation compiler with project's scala-library version: 3.8.4[0m
2026.08.02 00:41:10 INFO  no build target found for /Users/nilayshrivastava/Documents/programming_language/scala/learning_scala/fp_in_scala/inorder.scala. Using presentation compiler with project's scala-library version: 3.8.4[0m
2026.08.02 00:41:10 INFO  no build target found for /Users/nilayshrivastava/Documents/programming_language/scala/learning_scala/fp_in_scala/inorder.scala. Using presentation compiler with project's scala-library version: 3.8.4[0m
2026.08.02 00:41:10 INFO  no build target found for /Users/nilayshrivastava/Documents/programming_language/scala/learning_scala/fp_in_scala/inorder.scala. Using presentation compiler with project's scala-library version: 3.8.4[0m
2026.08.02 00:41:12 INFO  no build target found for /Users/nilayshrivastava/Documents/programming_language/scala/learning_scala/fp_in_scala/inorder.scala. Using presentation compiler with project's scala-library version: 3.8.4[0m
2026.08.02 00:41:12 INFO  no build target found for /Users/nilayshrivastava/Documents/programming_language/scala/learning_scala/fp_in_scala/inorder.scala. Using presentation compiler with project's scala-library version: 3.8.4[0m
2026.08.02 00:41:12 INFO  no build target found for /Users/nilayshrivastava/Documents/programming_language/scala/learning_scala/fp_in_scala/inorder.scala. Using presentation compiler with project's scala-library version: 3.8.4[0m
2026.08.02 00:41:12 INFO  no build target found for /Users/nilayshrivastava/Documents/programming_language/scala/learning_scala/fp_in_scala/inorder.scala. Using presentation compiler with project's scala-library version: 3.8.4[0m
2026.08.02 00:41:12 INFO  no build target found for /Users/nilayshrivastava/Documents/programming_language/scala/learning_scala/fp_in_scala/inorder.scala. Using presentation compiler with project's scala-library version: 3.8.4[0m
2026.08.02 00:41:12 INFO  no build target found for /Users/nilayshrivastava/Documents/programming_language/scala/learning_scala/fp_in_scala/inorder.scala. Using presentation compiler with project's scala-library version: 3.8.4[0m
2026.08.02 00:41:12 INFO  no build target found for /Users/nilayshrivastava/Documents/programming_language/scala/learning_scala/fp_in_scala/inorder.scala. Using presentation compiler with project's scala-library version: 3.8.4[0m
2026.08.02 00:41:12 INFO  no build target found for /Users/nilayshrivastava/Documents/programming_language/scala/learning_scala/fp_in_scala/inorder.scala. Using presentation compiler with project's scala-library version: 3.8.4[0m
2026.08.02 00:41:28 INFO  no build target found for /Users/nilayshrivastava/Documents/programming_language/scala/learning_scala/fp_in_scala/inorder.scala. Using presentation compiler with project's scala-library version: 3.8.4[0m
2026.08.02 00:41:28 INFO  no build target found for /Users/nilayshrivastava/Documents/programming_language/scala/learning_scala/fp_in_scala/inorder.scala. Using presentation compiler with project's scala-library version: 3.8.4[0m
2026.08.02 00:41:28 INFO  no build target found for /Users/nilayshrivastava/Documents/programming_language/scala/learning_scala/fp_in_scala/inorder.scala. Using presentation compiler with project's scala-library version: 3.8.4[0m
2026.08.02 00:41:28 INFO  no build target found for /Users/nilayshrivastava/Documents/programming_language/scala/learning_scala/fp_in_scala/inorder.scala. Using presentation compiler with project's scala-library version: 3.8.4[0m
2026.08.02 00:41:28 INFO  no build target found for /Users/nilayshrivastava/Documents/programming_language/scala/learning_scala/fp_in_scala/inorder.scala. Using presentation compiler with project's scala-library version: 3.8.4[0m
2026.08.02 00:41:28 INFO  no build target found for /Users/nilayshrivastava/Documents/programming_language/scala/learning_scala/fp_in_scala/inorder.scala. Using presentation compiler with project's scala-library version: 3.8.4[0m
2026.08.02 00:41:28 INFO  no build target found for /Users/nilayshrivastava/Documents/programming_language/scala/learning_scala/fp_in_scala/inorder.scala. Using presentation compiler with project's scala-library version: 3.8.4[0m
2026.08.02 00:41:28 INFO  no build target found for /Users/nilayshrivastava/Documents/programming_language/scala/learning_scala/fp_in_scala/inorder.scala. Using presentation compiler with project's scala-library version: 3.8.4[0m
2026.08.02 00:41:28 INFO  no build target found for /Users/nilayshrivastava/Documents/programming_language/scala/learning_scala/fp_in_scala/inorder.scala. Using presentation compiler with project's scala-library version: 3.8.4[0m
2026.08.02 00:41:28 INFO  no build target found for /Users/nilayshrivastava/Documents/programming_language/scala/learning_scala/fp_in_scala/inorder.scala. Using presentation compiler with project's scala-library version: 3.8.4[0m
2026.08.02 00:41:28 INFO  no build target found for /Users/nilayshrivastava/Documents/programming_language/scala/learning_scala/fp_in_scala/inorder.scala. Using presentation compiler with project's scala-library version: 3.8.4[0m
2026.08.02 00:41:29 INFO  no build target found for /Users/nilayshrivastava/Documents/programming_language/scala/learning_scala/fp_in_scala/inorder.scala. Using presentation compiler with project's scala-library version: 3.8.4[0m
2026.08.02 00:41:29 INFO  no build target found for /Users/nilayshrivastava/Documents/programming_language/scala/learning_scala/fp_in_scala/inorder.scala. Using presentation compiler with project's scala-library version: 3.8.4[0m
2026.08.02 00:41:29 INFO  no build target found for /Users/nilayshrivastava/Documents/programming_language/scala/learning_scala/fp_in_scala/inorder.scala. Using presentation compiler with project's scala-library version: 3.8.4[0m
2026.08.02 00:41:29 INFO  no build target found for /Users/nilayshrivastava/Documents/programming_language/scala/learning_scala/fp_in_scala/inorder.scala. Using presentation compiler with project's scala-library version: 3.8.4[0m
2026.08.02 00:41:29 INFO  no build target found for /Users/nilayshrivastava/Documents/programming_language/scala/learning_scala/fp_in_scala/inorder.scala. Using presentation compiler with project's scala-library version: 3.8.4[0m
2026.08.02 00:41:29 INFO  no build target found for /Users/nilayshrivastava/Documents/programming_language/scala/learning_scala/fp_in_scala/inorder.scala. Using presentation compiler with project's scala-library version: 3.8.4[0m
2026.08.02 00:41:29 INFO  no build target found for /Users/nilayshrivastava/Documents/programming_language/scala/learning_scala/fp_in_scala/inorder.scala. Using presentation compiler with project's scala-library version: 3.8.4[0m
2026.08.02 00:41:29 INFO  no build target found for /Users/nilayshrivastava/Documents/programming_language/scala/learning_scala/fp_in_scala/inorder.scala. Using presentation compiler with project's scala-library version: 3.8.4[0m
2026.08.02 00:41:29 INFO  no build target found for /Users/nilayshrivastava/Documents/programming_language/scala/learning_scala/fp_in_scala/inorder.scala. Using presentation compiler with project's scala-library version: 3.8.4[0m
2026.08.02 00:41:29 INFO  no build target found for /Users/nilayshrivastava/Documents/programming_language/scala/learning_scala/fp_in_scala/inorder.scala. Using presentation compiler with project's scala-library version: 3.8.4[0m
2026.08.02 00:41:29 INFO  no build target found for /Users/nilayshrivastava/Documents/programming_language/scala/learning_scala/fp_in_scala/inorder.scala. Using presentation compiler with project's scala-library version: 3.8.4[0m
2026.08.02 00:41:30 INFO  no build target found for /Users/nilayshrivastava/Documents/programming_language/scala/learning_scala/fp_in_scala/inorder.scala. Using presentation compiler with project's scala-library version: 3.8.4[0m
2026.08.02 00:41:30 INFO  no build target found for /Users/nilayshrivastava/Documents/programming_language/scala/learning_scala/fp_in_scala/inorder.scala. Using presentation compiler with project's scala-library version: 3.8.4[0m
2026.08.02 00:41:30 INFO  no build target found for /Users/nilayshrivastava/Documents/programming_language/scala/learning_scala/fp_in_scala/inorder.scala. Using presentation compiler with project's scala-library version: 3.8.4[0m
2026.08.02 00:41:30 INFO  no build target found for /Users/nilayshrivastava/Documents/programming_language/scala/learning_scala/fp_in_scala/inorder.scala. Using presentation compiler with project's scala-library version: 3.8.4[0m
2026.08.02 00:41:30 INFO  no build target found for /Users/nilayshrivastava/Documents/programming_language/scala/learning_scala/fp_in_scala/inorder.scala. Using presentation compiler with project's scala-library version: 3.8.4[0m
2026.08.02 00:41:30 INFO  no build target found for /Users/nilayshrivastava/Documents/programming_language/scala/learning_scala/fp_in_scala/inorder.scala. Using presentation compiler with project's scala-library version: 3.8.4[0m
2026.08.02 00:41:30 INFO  no build target found for /Users/nilayshrivastava/Documents/programming_language/scala/learning_scala/fp_in_scala/inorder.scala. Using presentation compiler with project's scala-library version: 3.8.4[0m
2026.08.02 00:41:30 INFO  no build target found for /Users/nilayshrivastava/Documents/programming_language/scala/learning_scala/fp_in_scala/inorder.scala. Using presentation compiler with project's scala-library version: 3.8.4[0m
2026.08.02 00:41:30 INFO  no build target found for /Users/nilayshrivastava/Documents/programming_language/scala/learning_scala/fp_in_scala/inorder.scala. Using presentation compiler with project's scala-library version: 3.8.4[0m
2026.08.02 00:41:32 INFO  no build target found for /Users/nilayshrivastava/Documents/programming_language/scala/learning_scala/fp_in_scala/inorder.scala. Using presentation compiler with project's scala-library version: 3.8.4[0m
2026.08.02 00:41:32 INFO  no build target found for /Users/nilayshrivastava/Documents/programming_language/scala/learning_scala/fp_in_scala/inorder.scala. Using presentation compiler with project's scala-library version: 3.8.4[0m
2026.08.02 00:41:32 INFO  no build target found for /Users/nilayshrivastava/Documents/programming_language/scala/learning_scala/fp_in_scala/inorder.scala. Using presentation compiler with project's scala-library version: 3.8.4[0m
2026.08.02 00:41:32 INFO  no build target found for /Users/nilayshrivastava/Documents/programming_language/scala/learning_scala/fp_in_scala/inorder.scala. Using presentation compiler with project's scala-library version: 3.8.4[0m
2026.08.02 00:41:32 INFO  no build target found for /Users/nilayshrivastava/Documents/programming_language/scala/learning_scala/fp_in_scala/inorder.scala. Using presentation compiler with project's scala-library version: 3.8.4[0m
2026.08.02 00:41:32 INFO  no build target found for /Users/nilayshrivastava/Documents/programming_language/scala/learning_scala/fp_in_scala/inorder.scala. Using presentation compiler with project's scala-library version: 3.8.4[0m
2026.08.02 00:41:32 INFO  no build target found for /Users/nilayshrivastava/Documents/programming_language/scala/learning_scala/fp_in_scala/inorder.scala. Using presentation compiler with project's scala-library version: 3.8.4[0m
2026.08.02 00:41:32 INFO  no build target found for /Users/nilayshrivastava/Documents/programming_language/scala/learning_scala/fp_in_scala/inorder.scala. Using presentation compiler with project's scala-library version: 3.8.4[0m
2026.08.02 00:41:32 INFO  no build target found for /Users/nilayshrivastava/Documents/programming_language/scala/learning_scala/fp_in_scala/inorder.scala. Using presentation compiler with project's scala-library version: 3.8.4[0m
2026.08.02 00:41:32 INFO  no build target found for /Users/nilayshrivastava/Documents/programming_language/scala/learning_scala/fp_in_scala/inorder.scala. Using presentation compiler with project's scala-library version: 3.8.4[0m
2026.08.02 00:41:32 INFO  no build target found for /Users/nilayshrivastava/Documents/programming_language/scala/learning_scala/fp_in_scala/inorder.scala. Using presentation compiler with project's scala-library version: 3.8.4[0m
2026.08.02 00:41:32 INFO  no build target found for /Users/nilayshrivastava/Documents/programming_language/scala/learning_scala/fp_in_scala/inorder.scala. Using presentation compiler with project's scala-library version: 3.8.4[0m
2026.08.02 00:41:32 INFO  no build target found for /Users/nilayshrivastava/Documents/programming_language/scala/learning_scala/fp_in_scala/inorder.scala. Using presentation compiler with project's scala-library version: 3.8.4[0m
2026.08.02 00:41:32 INFO  no build target found for /Users/nilayshrivastava/Documents/programming_language/scala/learning_scala/fp_in_scala/inorder.scala. Using presentation compiler with project's scala-library version: 3.8.4[0m
2026.08.02 00:41:32 INFO  no build target found for /Users/nilayshrivastava/Documents/programming_language/scala/learning_scala/fp_in_scala/inorder.scala. Using presentation compiler with project's scala-library version: 3.8.4[0m
2026.08.02 00:41:32 INFO  no build target found for /Users/nilayshrivastava/Documents/programming_language/scala/learning_scala/fp_in_scala/inorder.scala. Using presentation compiler with project's scala-library version: 3.8.4[0m
2026.08.02 00:41:32 INFO  no build target found for /Users/nilayshrivastava/Documents/programming_language/scala/learning_scala/fp_in_scala/inorder.scala. Using presentation compiler with project's scala-library version: 3.8.4[0m
2026.08.02 00:41:32 INFO  no build target found for /Users/nilayshrivastava/Documents/programming_language/scala/learning_scala/fp_in_scala/inorder.scala. Using presentation compiler with project's scala-library version: 3.8.4[0m
2026.08.02 00:41:32 INFO  no build target found for /Users/nilayshrivastava/Documents/programming_language/scala/learning_scala/fp_in_scala/inorder.scala. Using presentation compiler with project's scala-library version: 3.8.4[0m
2026.08.02 00:41:32 INFO  no build target found for /Users/nilayshrivastava/Documents/programming_language/scala/learning_scala/fp_in_scala/inorder.scala. Using presentation compiler with project's scala-library version: 3.8.4[0m
2026.08.02 00:41:33 INFO  no build target found for /Users/nilayshrivastava/Documents/programming_language/scala/learning_scala/fp_in_scala/inorder.scala. Using presentation compiler with project's scala-library version: 3.8.4[0m
2026.08.02 00:41:33 INFO  no build target found for /Users/nilayshrivastava/Documents/programming_language/scala/learning_scala/fp_in_scala/inorder.scala. Using presentation compiler with project's scala-library version: 3.8.4[0m
2026.08.02 00:41:35 INFO  no build target found for /Users/nilayshrivastava/Documents/programming_language/scala/learning_scala/fp_in_scala/inorder.scala. Using presentation compiler with project's scala-library version: 3.8.4[0m
2026.08.02 00:41:35 INFO  no build target found for /Users/nilayshrivastava/Documents/programming_language/scala/learning_scala/fp_in_scala/inorder.scala. Using presentation compiler with project's scala-library version: 3.8.4[0m
2026.08.02 00:41:35 INFO  no build target found for /Users/nilayshrivastava/Documents/programming_language/scala/learning_scala/fp_in_scala/inorder.scala. Using presentation compiler with project's scala-library version: 3.8.4[0m
2026.08.02 00:41:35 INFO  no build target found for /Users/nilayshrivastava/Documents/programming_language/scala/learning_scala/fp_in_scala/inorder.scala. Using presentation compiler with project's scala-library version: 3.8.4[0m
2026.08.02 00:41:35 INFO  no build target found for /Users/nilayshrivastava/Documents/programming_language/scala/learning_scala/fp_in_scala/inorder.scala. Using presentation compiler with project's scala-library version: 3.8.4[0m
2026.08.02 00:41:35 INFO  no build target found for /Users/nilayshrivastava/Documents/programming_language/scala/learning_scala/fp_in_scala/inorder.scala. Using presentation compiler with project's scala-library version: 3.8.4[0m
2026.08.02 00:41:35 INFO  no build target found for /Users/nilayshrivastava/Documents/programming_language/scala/learning_scala/fp_in_scala/inorder.scala. Using presentation compiler with project's scala-library version: 3.8.4[0m
2026.08.02 00:41:35 INFO  no build target found for /Users/nilayshrivastava/Documents/programming_language/scala/learning_scala/fp_in_scala/inorder.scala. Using presentation compiler with project's scala-library version: 3.8.4[0m
2026.08.02 00:41:35 INFO  no build target found for /Users/nilayshrivastava/Documents/programming_language/scala/learning_scala/fp_in_scala/inorder.scala. Using presentation compiler with project's scala-library version: 3.8.4[0m
2026.08.02 00:41:35 INFO  no build target found for /Users/nilayshrivastava/Documents/programming_language/scala/learning_scala/fp_in_scala/inorder.scala. Using presentation compiler with project's scala-library version: 3.8.4[0m
2026.08.02 00:41:35 INFO  no build target found for /Users/nilayshrivastava/Documents/programming_language/scala/learning_scala/fp_in_scala/inorder.scala. Using presentation compiler with project's scala-library version: 3.8.4[0m
2026.08.02 00:41:35 INFO  no build target found for /Users/nilayshrivastava/Documents/programming_language/scala/learning_scala/fp_in_scala/inorder.scala. Using presentation compiler with project's scala-library version: 3.8.4[0m
2026.08.02 00:41:35 INFO  no build target found for /Users/nilayshrivastava/Documents/programming_language/scala/learning_scala/fp_in_scala/inorder.scala. Using presentation compiler with project's scala-library version: 3.8.4[0m
2026.08.02 00:41:36 INFO  no build target found for /Users/nilayshrivastava/Documents/programming_language/scala/learning_scala/fp_in_scala/inorder.scala. Using presentation compiler with project's scala-library version: 3.8.4[0m
2026.08.02 00:41:36 INFO  no build target found for /Users/nilayshrivastava/Documents/programming_language/scala/learning_scala/fp_in_scala/inorder.scala. Using presentation compiler with project's scala-library version: 3.8.4[0m
2026.08.02 00:41:36 INFO  no build target found for /Users/nilayshrivastava/Documents/programming_language/scala/learning_scala/fp_in_scala/inorder.scala. Using presentation compiler with project's scala-library version: 3.8.4[0m
2026.08.02 00:41:41 INFO  no build target found for /Users/nilayshrivastava/Documents/programming_language/scala/learning_scala/fp_in_scala/inorder.scala. Using presentation compiler with project's scala-library version: 3.8.4[0m
2026.08.02 00:41:41 INFO  no build target found for /Users/nilayshrivastava/Documents/programming_language/scala/learning_scala/fp_in_scala/inorder.scala. Using presentation compiler with project's scala-library version: 3.8.4[0m
2026.08.02 00:41:41 INFO  no build target found for /Users/nilayshrivastava/Documents/programming_language/scala/learning_scala/fp_in_scala/inorder.scala. Using presentation compiler with project's scala-library version: 3.8.4[0m
2026.08.02 00:41:41 INFO  no build target found for /Users/nilayshrivastava/Documents/programming_language/scala/learning_scala/fp_in_scala/inorder.scala. Using presentation compiler with project's scala-library version: 3.8.4[0m
2026.08.02 00:41:41 INFO  no build target found for /Users/nilayshrivastava/Documents/programming_language/scala/learning_scala/fp_in_scala/inorder.scala. Using presentation compiler with project's scala-library version: 3.8.4[0m
2026.08.02 00:41:41 INFO  no build target found for /Users/nilayshrivastava/Documents/programming_language/scala/learning_scala/fp_in_scala/inorder.scala. Using presentation compiler with project's scala-library version: 3.8.4[0m
2026.08.02 00:41:41 INFO  no build target found for /Users/nilayshrivastava/Documents/programming_language/scala/learning_scala/fp_in_scala/inorder.scala. Using presentation compiler with project's scala-library version: 3.8.4[0m
2026.08.02 00:41:56 INFO  no build target found for /Users/nilayshrivastava/Documents/programming_language/scala/learning_scala/fp_in_scala/inorder.scala. Using presentation compiler with project's scala-library version: 3.8.4[0m
2026.08.02 00:41:56 WARN  no build target for: /Users/nilayshrivastava/Documents/programming_language/scala/learning_scala/fp_in_scala/inorder.scala[0m
2026.08.02 00:41:59 INFO  Shutting down server[0m
2026.08.02 00:41:59 INFO  Memory monitor stopped[0m
2026.08.02 00:41:59 INFO  shutting down Metals[0m
2026.08.02 00:41:59 WARN  no build target for: /Users/nilayshrivastava/Documents/programming_language/scala/learning_scala/fp_in_scala/inorder.scala[0m
2026.08.02 00:41:59 INFO  Shut down connection with build server.[0m
2026.08.02 00:41:59 INFO  BSP server: Aug 02, 2026 12:41:59 AM org.eclipse.lsp4j.jsonrpc.RemoteEndpoint handleNotification[0m
2026.08.02 00:41:59 INFO  BSP server: WARNING: Notification threw an exception: {[0m
2026.08.02 00:41:59 INFO  BSP server:   "jsonrpc": "2.0",[0m
2026.08.02 00:41:59 INFO  BSP server:   "method": "build/exit",[0m
2026.08.02 00:41:59 INFO  BSP server:   "params": null[0m
2026.08.02 00:41:59 INFO  Exiting server[0m
2026.08.02 00:43:16 INFO  Started: Metals version 1.6.8 in folders '/Users/nilayshrivastava/Documents/programming_language/scala/learning_scala/fp_in_scala' for client Vim 9020850.[0m
2026.08.02 00:43:16 INFO  Memory monitor started[0m
2026.08.02 00:43:16 WARN  Using H2 2.4.240 which is newer than the version Flyway has been verified with. The latest verified version of H2 is 2.3.232.[0m
2026.08.02 00:43:17 INFO  Attempting to connect to the build server...[0m
2026.08.02 00:43:17 INFO  Running BSP server List(/Users/nilayshrivastava/Library/Application Support/Coursier/bin/.scala-cli.aux, bsp, --json-options, /Users/nilayshrivastava/Documents/programming_language/scala/learning_scala/fp_in_scala/.scala-build/ide-options-v2.json, --json-launcher-options, /Users/nilayshrivastava/Documents/programming_language/scala/learning_scala/fp_in_scala/.scala-build/ide-launcher-options.json, --envs-file, /Users/nilayshrivastava/Documents/programming_language/scala/learning_scala/fp_in_scala/.scala-build/ide-envs.json, /Users/nilayshrivastava/Documents/programming_language/scala/learning_scala/fp_in_scala/fib.scala)[0m
2026.08.02 00:43:17 INFO  Tracing is disabled for protocol BSP. To enable tracing of incoming and outgoing JSON messages, create an empty file at /Users/nilayshrivastava/Documents/programming_language/scala/learning_scala/fp_in_scala/.metals/bsp.trace.json or /Users/nilayshrivastava/Library/Caches/org.scalameta.metals/bsp.trace.json[0m
2026.08.02 00:43:17 INFO  time: Connected to build server in 0.45s[0m
2026.08.02 00:43:17 INFO  Connected to Build server: scala-cli v1.15.0[0m
2026.08.02 00:43:17 WARN  Using H2 2.4.240 which is newer than the version Flyway has been verified with. The latest verified version of H2 is 2.3.232.[0m
2026.08.02 00:43:18 INFO  time: indexed workspace in 0.99s[0m
2026.08.02 00:43:18 WARN  no build target for: /Users/nilayshrivastava/Documents/programming_language/scala/learning_scala/fp_in_scala/inorder.scala[0m
2026.08.02 00:43:18 INFO  no build target found for /Users/nilayshrivastava/Documents/programming_language/scala/learning_scala/fp_in_scala/inorder.scala. Using presentation compiler with project's scala-library version: 3.8.4[0m
2026.08.02 00:43:25 WARN  no build target for: /Users/nilayshrivastava/Documents/programming_language/scala/learning_scala/fp_in_scala/inorder.scala[0m
2026.08.02 00:43:33 WARN  Unable to run doctor. Make sure `isHttpEnabled` is set to `true`.[0m
2026.08.02 00:43:40 INFO  no build target found for /Users/nilayshrivastava/Documents/programming_language/scala/learning_scala/fp_in_scala/inorder.scala. Using presentation compiler with project's scala-library version: 3.8.4[0m
2026.08.02 00:43:40 INFO  no build target found for /Users/nilayshrivastava/Documents/programming_language/scala/learning_scala/fp_in_scala/inorder.scala. Using presentation compiler with project's scala-library version: 3.8.4[0m
2026.08.02 00:43:44 INFO  no build target found for /Users/nilayshrivastava/Documents/programming_language/scala/learning_scala/fp_in_scala/inorder.scala. Using presentation compiler with project's scala-library version: 3.8.4[0m
2026.08.02 00:43:44 INFO  no build target found for /Users/nilayshrivastava/Documents/programming_language/scala/learning_scala/fp_in_scala/inorder.scala. Using presentation compiler with project's scala-library version: 3.8.4[0m
2026.08.02 00:43:48 INFO  no build target found for /Users/nilayshrivastava/Documents/programming_language/scala/learning_scala/fp_in_scala/inorder.scala. Using presentation compiler with project's scala-library version: 3.8.4[0m
2026.08.02 00:43:48 WARN  no build target for: /Users/nilayshrivastava/Documents/programming_language/scala/learning_scala/fp_in_scala/inorder.scala[0m
2026.08.02 00:44:03 INFO  no build target found for /Users/nilayshrivastava/Documents/programming_language/scala/learning_scala/fp_in_scala/inorder.scala. Using presentation compiler with project's scala-library version: 3.8.4[0m
2026.08.02 00:44:03 INFO  no build target found for /Users/nilayshrivastava/Documents/programming_language/scala/learning_scala/fp_in_scala/inorder.scala. Using presentation compiler with project's scala-library version: 3.8.4[0m
2026.08.02 00:44:03 INFO  no build target found for /Users/nilayshrivastava/Documents/programming_language/scala/learning_scala/fp_in_scala/inorder.scala. Using presentation compiler with project's scala-library version: 3.8.4[0m
2026.08.02 00:44:03 INFO  no build target found for /Users/nilayshrivastava/Documents/programming_language/scala/learning_scala/fp_in_scala/inorder.scala. Using presentation compiler with project's scala-library version: 3.8.4[0m
2026.08.02 00:44:03 INFO  no build target found for /Users/nilayshrivastava/Documents/programming_language/scala/learning_scala/fp_in_scala/inorder.scala. Using presentation compiler with project's scala-library version: 3.8.4[0m
2026.08.02 00:44:03 INFO  no build target found for /Users/nilayshrivastava/Documents/programming_language/scala/learning_scala/fp_in_scala/inorder.scala. Using presentation compiler with project's scala-library version: 3.8.4[0m
2026.08.02 00:44:03 INFO  no build target found for /Users/nilayshrivastava/Documents/programming_language/scala/learning_scala/fp_in_scala/inorder.scala. Using presentation compiler with project's scala-library version: 3.8.4[0m
2026.08.02 00:44:03 INFO  no build target found for /Users/nilayshrivastava/Documents/programming_language/scala/learning_scala/fp_in_scala/inorder.scala. Using presentation compiler with project's scala-library version: 3.8.4[0m
2026.08.02 00:44:03 INFO  no build target found for /Users/nilayshrivastava/Documents/programming_language/scala/learning_scala/fp_in_scala/inorder.scala. Using presentation compiler with project's scala-library version: 3.8.4[0m
2026.08.02 00:44:07 INFO  no build target found for /Users/nilayshrivastava/Documents/programming_language/scala/learning_scala/fp_in_scala/inorder.scala. Using presentation compiler with project's scala-library version: 3.8.4[0m
2026.08.02 00:44:07 INFO  no build target found for /Users/nilayshrivastava/Documents/programming_language/scala/learning_scala/fp_in_scala/inorder.scala. Using presentation compiler with project's scala-library version: 3.8.4[0m
2026.08.02 00:44:07 INFO  no build target found for /Users/nilayshrivastava/Documents/programming_language/scala/learning_scala/fp_in_scala/inorder.scala. Using presentation compiler with project's scala-library version: 3.8.4[0m
2026.08.02 00:44:07 INFO  no build target found for /Users/nilayshrivastava/Documents/programming_language/scala/learning_scala/fp_in_scala/inorder.scala. Using presentation compiler with project's scala-library version: 3.8.4[0m
2026.08.02 00:44:07 INFO  no build target found for /Users/nilayshrivastava/Documents/programming_language/scala/learning_scala/fp_in_scala/inorder.scala. Using presentation compiler with project's scala-library version: 3.8.4[0m
2026.08.02 00:44:07 INFO  no build target found for /Users/nilayshrivastava/Documents/programming_language/scala/learning_scala/fp_in_scala/inorder.scala. Using presentation compiler with project's scala-library version: 3.8.4[0m
2026.08.02 00:44:07 INFO  no build target found for /Users/nilayshrivastava/Documents/programming_language/scala/learning_scala/fp_in_scala/inorder.scala. Using presentation compiler with project's scala-library version: 3.8.4[0m
2026.08.02 00:44:08 INFO  no build target found for /Users/nilayshrivastava/Documents/programming_language/scala/learning_scala/fp_in_scala/inorder.scala. Using presentation compiler with project's scala-library version: 3.8.4[0m
2026.08.02 00:44:08 INFO  no build target found for /Users/nilayshrivastava/Documents/programming_language/scala/learning_scala/fp_in_scala/inorder.scala. Using presentation compiler with project's scala-library version: 3.8.4[0m
2026.08.02 00:44:08 INFO  no build target found for /Users/nilayshrivastava/Documents/programming_language/scala/learning_scala/fp_in_scala/inorder.scala. Using presentation compiler with project's scala-library version: 3.8.4[0m
2026.08.02 00:44:08 INFO  no build target found for /Users/nilayshrivastava/Documents/programming_language/scala/learning_scala/fp_in_scala/inorder.scala. Using presentation compiler with project's scala-library version: 3.8.4[0m
2026.08.02 00:44:10 INFO  no build target found for /Users/nilayshrivastava/Documents/programming_language/scala/learning_scala/fp_in_scala/inorder.scala. Using presentation compiler with project's scala-library version: 3.8.4[0m
2026.08.02 00:44:10 WARN  no build target for: /Users/nilayshrivastava/Documents/programming_language/scala/learning_scala/fp_in_scala/inorder.scala[0m
2026.08.02 00:46:37 INFO  no build target found for /Users/nilayshrivastava/Documents/programming_language/scala/learning_scala/fp_in_scala/inorder.scala. Using presentation compiler with project's scala-library version: 3.8.4[0m
2026.08.02 00:46:37 INFO  no build target found for /Users/nilayshrivastava/Documents/programming_language/scala/learning_scala/fp_in_scala/inorder.scala. Using presentation compiler with project's scala-library version: 3.8.4[0m
2026.08.02 00:46:37 INFO  no build target found for /Users/nilayshrivastava/Documents/programming_language/scala/learning_scala/fp_in_scala/inorder.scala. Using presentation compiler with project's scala-library version: 3.8.4[0m
2026.08.02 00:46:37 INFO  no build target found for /Users/nilayshrivastava/Documents/programming_language/scala/learning_scala/fp_in_scala/inorder.scala. Using presentation compiler with project's scala-library version: 3.8.4[0m
2026.08.02 00:46:37 INFO  no build target found for /Users/nilayshrivastava/Documents/programming_language/scala/learning_scala/fp_in_scala/inorder.scala. Using presentation compiler with project's scala-library version: 3.8.4[0m
2026.08.02 00:46:40 INFO  no build target found for /Users/nilayshrivastava/Documents/programming_language/scala/learning_scala/fp_in_scala/inorder.scala. Using presentation compiler with project's scala-library version: 3.8.4[0m
2026.08.02 00:46:40 WARN  no build target for: /Users/nilayshrivastava/Documents/programming_language/scala/learning_scala/fp_in_scala/inorder.scala[0m
2026.08.02 00:48:22 INFO  no build target found for /Users/nilayshrivastava/Documents/programming_language/scala/learning_scala/fp_in_scala/inorder.scala. Using presentation compiler with project's scala-library version: 3.8.4[0m
2026.08.02 00:48:22 INFO  no build target found for /Users/nilayshrivastava/Documents/programming_language/scala/learning_scala/fp_in_scala/inorder.scala. Using presentation compiler with project's scala-library version: 3.8.4[0m
2026.08.02 00:48:22 INFO  no build target found for /Users/nilayshrivastava/Documents/programming_language/scala/learning_scala/fp_in_scala/inorder.scala. Using presentation compiler with project's scala-library version: 3.8.4[0m
2026.08.02 00:48:22 INFO  no build target found for /Users/nilayshrivastava/Documents/programming_language/scala/learning_scala/fp_in_scala/inorder.scala. Using presentation compiler with project's scala-library version: 3.8.4[0m
2026.08.02 00:48:28 INFO  no build target found for /Users/nilayshrivastava/Documents/programming_language/scala/learning_scala/fp_in_scala/inorder.scala. Using presentation compiler with project's scala-library version: 3.8.4[0m
2026.08.02 00:48:28 WARN  no build target for: /Users/nilayshrivastava/Documents/programming_language/scala/learning_scala/fp_in_scala/inorder.scala[0m
2026.08.02 00:51:14 INFO  no build target found for /Users/nilayshrivastava/Documents/programming_language/scala/learning_scala/fp_in_scala/inorder.scala. Using presentation compiler with project's scala-library version: 3.8.4[0m
2026.08.02 00:51:14 INFO  no build target found for /Users/nilayshrivastava/Documents/programming_language/scala/learning_scala/fp_in_scala/inorder.scala. Using presentation compiler with project's scala-library version: 3.8.4[0m
2026.08.02 00:51:14 INFO  no build target found for /Users/nilayshrivastava/Documents/programming_language/scala/learning_scala/fp_in_scala/inorder.scala. Using presentation compiler with project's scala-library version: 3.8.4[0m
2026.08.02 00:51:14 INFO  no build target found for /Users/nilayshrivastava/Documents/programming_language/scala/learning_scala/fp_in_scala/inorder.scala. Using presentation compiler with project's scala-library version: 3.8.4[0m
2026.08.02 00:51:14 INFO  no build target found for /Users/nilayshrivastava/Documents/programming_language/scala/learning_scala/fp_in_scala/inorder.scala. Using presentation compiler with project's scala-library version: 3.8.4[0m
2026.08.02 00:51:14 INFO  no build target found for /Users/nilayshrivastava/Documents/programming_language/scala/learning_scala/fp_in_scala/inorder.scala. Using presentation compiler with project's scala-library version: 3.8.4[0m
2026.08.02 00:51:14 INFO  no build target found for /Users/nilayshrivastava/Documents/programming_language/scala/learning_scala/fp_in_scala/inorder.scala. Using presentation compiler with project's scala-library version: 3.8.4[0m
2026.08.02 00:51:14 INFO  no build target found for /Users/nilayshrivastava/Documents/programming_language/scala/learning_scala/fp_in_scala/inorder.scala. Using presentation compiler with project's scala-library version: 3.8.4[0m
2026.08.02 00:51:17 INFO  no build target found for /Users/nilayshrivastava/Documents/programming_language/scala/learning_scala/fp_in_scala/inorder.scala. Using presentation compiler with project's scala-library version: 3.8.4[0m
2026.08.02 00:51:17 WARN  no build target for: /Users/nilayshrivastava/Documents/programming_language/scala/learning_scala/fp_in_scala/inorder.scala[0m
2026.08.02 00:51:58 INFO  no build target found for /Users/nilayshrivastava/Documents/programming_language/scala/learning_scala/fp_in_scala/inorder.scala. Using presentation compiler with project's scala-library version: 3.8.4[0m
2026.08.02 00:52:01 INFO  no build target found for /Users/nilayshrivastava/Documents/programming_language/scala/learning_scala/fp_in_scala/inorder.scala. Using presentation compiler with project's scala-library version: 3.8.4[0m
2026.08.02 00:52:01 INFO  no build target found for /Users/nilayshrivastava/Documents/programming_language/scala/learning_scala/fp_in_scala/inorder.scala. Using presentation compiler with project's scala-library version: 3.8.4[0m
2026.08.02 00:52:02 INFO  no build target found for /Users/nilayshrivastava/Documents/programming_language/scala/learning_scala/fp_in_scala/inorder.scala. Using presentation compiler with project's scala-library version: 3.8.4[0m
2026.08.02 00:52:02 INFO  no build target found for /Users/nilayshrivastava/Documents/programming_language/scala/learning_scala/fp_in_scala/inorder.scala. Using presentation compiler with project's scala-library version: 3.8.4[0m
2026.08.02 00:52:02 INFO  no build target found for /Users/nilayshrivastava/Documents/programming_language/scala/learning_scala/fp_in_scala/inorder.scala. Using presentation compiler with project's scala-library version: 3.8.4[0m
2026.08.02 00:52:03 INFO  no build target found for /Users/nilayshrivastava/Documents/programming_language/scala/learning_scala/fp_in_scala/inorder.scala. Using presentation compiler with project's scala-library version: 3.8.4[0m
2026.08.02 00:52:03 INFO  no build target found for /Users/nilayshrivastava/Documents/programming_language/scala/learning_scala/fp_in_scala/inorder.scala. Using presentation compiler with project's scala-library version: 3.8.4[0m
2026.08.02 00:52:03 INFO  no build target found for /Users/nilayshrivastava/Documents/programming_language/scala/learning_scala/fp_in_scala/inorder.scala. Using presentation compiler with project's scala-library version: 3.8.4[0m
2026.08.02 00:52:03 INFO  no build target found for /Users/nilayshrivastava/Documents/programming_language/scala/learning_scala/fp_in_scala/inorder.scala. Using presentation compiler with project's scala-library version: 3.8.4[0m
2026.08.02 00:52:03 INFO  no build target found for /Users/nilayshrivastava/Documents/programming_language/scala/learning_scala/fp_in_scala/inorder.scala. Using presentation compiler with project's scala-library version: 3.8.4[0m
2026.08.02 00:52:03 INFO  no build target found for /Users/nilayshrivastava/Documents/programming_language/scala/learning_scala/fp_in_scala/inorder.scala. Using presentation compiler with project's scala-library version: 3.8.4[0m
2026.08.02 00:52:03 INFO  no build target found for /Users/nilayshrivastava/Documents/programming_language/scala/learning_scala/fp_in_scala/inorder.scala. Using presentation compiler with project's scala-library version: 3.8.4[0m
2026.08.02 00:52:03 INFO  no build target found for /Users/nilayshrivastava/Documents/programming_language/scala/learning_scala/fp_in_scala/inorder.scala. Using presentation compiler with project's scala-library version: 3.8.4[0m
2026.08.02 00:52:04 INFO  no build target found for /Users/nilayshrivastava/Documents/programming_language/scala/learning_scala/fp_in_scala/inorder.scala. Using presentation compiler with project's scala-library version: 3.8.4[0m
2026.08.02 00:52:04 INFO  no build target found for /Users/nilayshrivastava/Documents/programming_language/scala/learning_scala/fp_in_scala/inorder.scala. Using presentation compiler with project's scala-library version: 3.8.4[0m
2026.08.02 00:52:04 INFO  no build target found for /Users/nilayshrivastava/Documents/programming_language/scala/learning_scala/fp_in_scala/inorder.scala. Using presentation compiler with project's scala-library version: 3.8.4[0m
2026.08.02 00:52:04 INFO  no build target found for /Users/nilayshrivastava/Documents/programming_language/scala/learning_scala/fp_in_scala/inorder.scala. Using presentation compiler with project's scala-library version: 3.8.4[0m
2026.08.02 00:52:05 INFO  no build target found for /Users/nilayshrivastava/Documents/programming_language/scala/learning_scala/fp_in_scala/inorder.scala. Using presentation compiler with project's scala-library version: 3.8.4[0m
2026.08.02 00:52:05 INFO  no build target found for /Users/nilayshrivastava/Documents/programming_language/scala/learning_scala/fp_in_scala/inorder.scala. Using presentation compiler with project's scala-library version: 3.8.4[0m
2026.08.02 00:52:05 INFO  no build target found for /Users/nilayshrivastava/Documents/programming_language/scala/learning_scala/fp_in_scala/inorder.scala. Using presentation compiler with project's scala-library version: 3.8.4[0m
2026.08.02 00:52:08 INFO  no build target found for /Users/nilayshrivastava/Documents/programming_language/scala/learning_scala/fp_in_scala/inorder.scala. Using presentation compiler with project's scala-library version: 3.8.4[0m
2026.08.02 00:52:08 INFO  no build target found for /Users/nilayshrivastava/Documents/programming_language/scala/learning_scala/fp_in_scala/inorder.scala. Using presentation compiler with project's scala-library version: 3.8.4[0m
2026.08.02 00:52:08 INFO  no build target found for /Users/nilayshrivastava/Documents/programming_language/scala/learning_scala/fp_in_scala/inorder.scala. Using presentation compiler with project's scala-library version: 3.8.4[0m
2026.08.02 00:52:08 INFO  no build target found for /Users/nilayshrivastava/Documents/programming_language/scala/learning_scala/fp_in_scala/inorder.scala. Using presentation compiler with project's scala-library version: 3.8.4[0m
2026.08.02 00:52:08 INFO  no build target found for /Users/nilayshrivastava/Documents/programming_language/scala/learning_scala/fp_in_scala/inorder.scala. Using presentation compiler with project's scala-library version: 3.8.4[0m
2026.08.02 00:52:08 INFO  no build target found for /Users/nilayshrivastava/Documents/programming_language/scala/learning_scala/fp_in_scala/inorder.scala. Using presentation compiler with project's scala-library version: 3.8.4[0m
2026.08.02 00:52:09 INFO  no build target found for /Users/nilayshrivastava/Documents/programming_language/scala/learning_scala/fp_in_scala/inorder.scala. Using presentation compiler with project's scala-library version: 3.8.4[0m
2026.08.02 00:52:09 INFO  no build target found for /Users/nilayshrivastava/Documents/programming_language/scala/learning_scala/fp_in_scala/inorder.scala. Using presentation compiler with project's scala-library version: 3.8.4[0m
2026.08.02 00:52:09 INFO  no build target found for /Users/nilayshrivastava/Documents/programming_language/scala/learning_scala/fp_in_scala/inorder.scala. Using presentation compiler with project's scala-library version: 3.8.4[0m
2026.08.02 00:52:09 INFO  no build target found for /Users/nilayshrivastava/Documents/programming_language/scala/learning_scala/fp_in_scala/inorder.scala. Using presentation compiler with project's scala-library version: 3.8.4[0m
2026.08.02 00:52:09 INFO  no build target found for /Users/nilayshrivastava/Documents/programming_language/scala/learning_scala/fp_in_scala/inorder.scala. Using presentation compiler with project's scala-library version: 3.8.4[0m
2026.08.02 00:52:09 INFO  no build target found for /Users/nilayshrivastava/Documents/programming_language/scala/learning_scala/fp_in_scala/inorder.scala. Using presentation compiler with project's scala-library version: 3.8.4[0m
2026.08.02 00:52:09 INFO  no build target found for /Users/nilayshrivastava/Documents/programming_language/scala/learning_scala/fp_in_scala/inorder.scala. Using presentation compiler with project's scala-library version: 3.8.4[0m
2026.08.02 00:52:09 INFO  no build target found for /Users/nilayshrivastava/Documents/programming_language/scala/learning_scala/fp_in_scala/inorder.scala. Using presentation compiler with project's scala-library version: 3.8.4[0m
2026.08.02 00:52:09 INFO  no build target found for /Users/nilayshrivastava/Documents/programming_language/scala/learning_scala/fp_in_scala/inorder.scala. Using presentation compiler with project's scala-library version: 3.8.4[0m
2026.08.02 00:52:09 INFO  no build target found for /Users/nilayshrivastava/Documents/programming_language/scala/learning_scala/fp_in_scala/inorder.scala. Using presentation compiler with project's scala-library version: 3.8.4[0m
2026.08.02 00:52:09 INFO  no build target found for /Users/nilayshrivastava/Documents/programming_language/scala/learning_scala/fp_in_scala/inorder.scala. Using presentation compiler with project's scala-library version: 3.8.4[0m
2026.08.02 00:52:10 INFO  no build target found for /Users/nilayshrivastava/Documents/programming_language/scala/learning_scala/fp_in_scala/inorder.scala. Using presentation compiler with project's scala-library version: 3.8.4[0m
2026.08.02 00:52:10 INFO  no build target found for /Users/nilayshrivastava/Documents/programming_language/scala/learning_scala/fp_in_scala/inorder.scala. Using presentation compiler with project's scala-library version: 3.8.4[0m
2026.08.02 00:52:10 INFO  no build target found for /Users/nilayshrivastava/Documents/programming_language/scala/learning_scala/fp_in_scala/inorder.scala. Using presentation compiler with project's scala-library version: 3.8.4[0m
2026.08.02 00:52:10 INFO  no build target found for /Users/nilayshrivastava/Documents/programming_language/scala/learning_scala/fp_in_scala/inorder.scala. Using presentation compiler with project's scala-library version: 3.8.4[0m
2026.08.02 00:52:10 INFO  no build target found for /Users/nilayshrivastava/Documents/programming_language/scala/learning_scala/fp_in_scala/inorder.scala. Using presentation compiler with project's scala-library version: 3.8.4[0m
2026.08.02 00:52:10 INFO  no build target found for /Users/nilayshrivastava/Documents/programming_language/scala/learning_scala/fp_in_scala/inorder.scala. Using presentation compiler with project's scala-library version: 3.8.4[0m
2026.08.02 00:52:10 INFO  no build target found for /Users/nilayshrivastava/Documents/programming_language/scala/learning_scala/fp_in_scala/inorder.scala. Using presentation compiler with project's scala-library version: 3.8.4[0m
2026.08.02 00:52:11 INFO  no build target found for /Users/nilayshrivastava/Documents/programming_language/scala/learning_scala/fp_in_scala/inorder.scala. Using presentation compiler with project's scala-library version: 3.8.4[0m
2026.08.02 00:52:11 INFO  no build target found for /Users/nilayshrivastava/Documents/programming_language/scala/learning_scala/fp_in_scala/inorder.scala. Using presentation compiler with project's scala-library version: 3.8.4[0m
2026.08.02 00:52:14 WARN  no build target for: /Users/nilayshrivastava/Documents/programming_language/scala/learning_scala/fp_in_scala/inorder.scala[0m
2026.08.02 00:52:29 INFO  no build target found for /Users/nilayshrivastava/Documents/programming_language/scala/learning_scala/fp_in_scala/inorder.scala. Using presentation compiler with project's scala-library version: 3.8.4[0m
2026.08.02 00:52:29 INFO  no build target found for /Users/nilayshrivastava/Documents/programming_language/scala/learning_scala/fp_in_scala/inorder.scala. Using presentation compiler with project's scala-library version: 3.8.4[0m
2026.08.02 00:52:29 INFO  no build target found for /Users/nilayshrivastava/Documents/programming_language/scala/learning_scala/fp_in_scala/inorder.scala. Using presentation compiler with project's scala-library version: 3.8.4[0m
2026.08.02 00:52:29 INFO  no build target found for /Users/nilayshrivastava/Documents/programming_language/scala/learning_scala/fp_in_scala/inorder.scala. Using presentation compiler with project's scala-library version: 3.8.4[0m
2026.08.02 00:52:30 INFO  no build target found for /Users/nilayshrivastava/Documents/programming_language/scala/learning_scala/fp_in_scala/inorder.scala. Using presentation compiler with project's scala-library version: 3.8.4[0m
2026.08.02 00:52:35 INFO  no build target found for /Users/nilayshrivastava/Documents/programming_language/scala/learning_scala/fp_in_scala/inorder.scala. Using presentation compiler with project's scala-library version: 3.8.4[0m
2026.08.02 00:52:35 INFO  no build target found for /Users/nilayshrivastava/Documents/programming_language/scala/learning_scala/fp_in_scala/inorder.scala. Using presentation compiler with project's scala-library version: 3.8.4[0m
2026.08.02 00:52:35 INFO  no build target found for /Users/nilayshrivastava/Documents/programming_language/scala/learning_scala/fp_in_scala/inorder.scala. Using presentation compiler with project's scala-library version: 3.8.4[0m
2026.08.02 00:52:35 INFO  no build target found for /Users/nilayshrivastava/Documents/programming_language/scala/learning_scala/fp_in_scala/inorder.scala. Using presentation compiler with project's scala-library version: 3.8.4[0m
2026.08.02 00:52:51 INFO  no build target found for /Users/nilayshrivastava/Documents/programming_language/scala/learning_scala/fp_in_scala/inorder.scala. Using presentation compiler with project's scala-library version: 3.8.4[0m
2026.08.02 00:52:51 WARN  no build target for: /Users/nilayshrivastava/Documents/programming_language/scala/learning_scala/fp_in_scala/inorder.scala[0m
2026.08.02 00:55:20 INFO  no build target found for /Users/nilayshrivastava/Documents/programming_language/scala/learning_scala/fp_in_scala/inorder.scala. Using presentation compiler with project's scala-library version: 3.8.4[0m
2026.08.02 00:55:20 INFO  no build target found for /Users/nilayshrivastava/Documents/programming_language/scala/learning_scala/fp_in_scala/inorder.scala. Using presentation compiler with project's scala-library version: 3.8.4[0m
2026.08.02 00:55:21 INFO  no build target found for /Users/nilayshrivastava/Documents/programming_language/scala/learning_scala/fp_in_scala/inorder.scala. Using presentation compiler with project's scala-library version: 3.8.4[0m
2026.08.02 00:55:21 INFO  no build target found for /Users/nilayshrivastava/Documents/programming_language/scala/learning_scala/fp_in_scala/inorder.scala. Using presentation compiler with project's scala-library version: 3.8.4[0m
2026.08.02 00:55:21 INFO  no build target found for /Users/nilayshrivastava/Documents/programming_language/scala/learning_scala/fp_in_scala/inorder.scala. Using presentation compiler with project's scala-library version: 3.8.4[0m
2026.08.02 00:55:21 INFO  no build target found for /Users/nilayshrivastava/Documents/programming_language/scala/learning_scala/fp_in_scala/inorder.scala. Using presentation compiler with project's scala-library version: 3.8.4[0m
2026.08.02 00:55:21 INFO  no build target found for /Users/nilayshrivastava/Documents/programming_language/scala/learning_scala/fp_in_scala/inorder.scala. Using presentation compiler with project's scala-library version: 3.8.4[0m
2026.08.02 00:55:21 INFO  no build target found for /Users/nilayshrivastava/Documents/programming_language/scala/learning_scala/fp_in_scala/inorder.scala. Using presentation compiler with project's scala-library version: 3.8.4[0m
2026.08.02 00:55:21 INFO  no build target found for /Users/nilayshrivastava/Documents/programming_language/scala/learning_scala/fp_in_scala/inorder.scala. Using presentation compiler with project's scala-library version: 3.8.4[0m
2026.08.02 00:55:21 INFO  no build target found for /Users/nilayshrivastava/Documents/programming_language/scala/learning_scala/fp_in_scala/inorder.scala. Using presentation compiler with project's scala-library version: 3.8.4[0m
2026.08.02 00:55:27 INFO  no build target found for /Users/nilayshrivastava/Documents/programming_language/scala/learning_scala/fp_in_scala/inorder.scala. Using presentation compiler with project's scala-library version: 3.8.4[0m
2026.08.02 00:55:27 INFO  no build target found for /Users/nilayshrivastava/Documents/programming_language/scala/learning_scala/fp_in_scala/inorder.scala. Using presentation compiler with project's scala-library version: 3.8.4[0m
2026.08.02 00:55:27 INFO  no build target found for /Users/nilayshrivastava/Documents/programming_language/scala/learning_scala/fp_in_scala/inorder.scala. Using presentation compiler with project's scala-library version: 3.8.4[0m
2026.08.02 00:55:28 INFO  no build target found for /Users/nilayshrivastava/Documents/programming_language/scala/learning_scala/fp_in_scala/inorder.scala. Using presentation compiler with project's scala-library version: 3.8.4[0m
2026.08.02 00:55:28 INFO  no build target found for /Users/nilayshrivastava/Documents/programming_language/scala/learning_scala/fp_in_scala/inorder.scala. Using presentation compiler with project's scala-library version: 3.8.4[0m
2026.08.02 00:55:28 INFO  no build target found for /Users/nilayshrivastava/Documents/programming_language/scala/learning_scala/fp_in_scala/inorder.scala. Using presentation compiler with project's scala-library version: 3.8.4[0m
2026.08.02 00:55:28 INFO  no build target found for /Users/nilayshrivastava/Documents/programming_language/scala/learning_scala/fp_in_scala/inorder.scala. Using presentation compiler with project's scala-library version: 3.8.4[0m
2026.08.02 00:55:28 INFO  no build target found for /Users/nilayshrivastava/Documents/programming_language/scala/learning_scala/fp_in_scala/inorder.scala. Using presentation compiler with project's scala-library version: 3.8.4[0m
2026.08.02 00:55:30 INFO  no build target found for /Users/nilayshrivastava/Documents/programming_language/scala/learning_scala/fp_in_scala/inorder.scala. Using presentation compiler with project's scala-library version: 3.8.4[0m
2026.08.02 00:55:30 INFO  no build target found for /Users/nilayshrivastava/Documents/programming_language/scala/learning_scala/fp_in_scala/inorder.scala. Using presentation compiler with project's scala-library version: 3.8.4[0m
2026.08.02 00:55:30 INFO  no build target found for /Users/nilayshrivastava/Documents/programming_language/scala/learning_scala/fp_in_scala/inorder.scala. Using presentation compiler with project's scala-library version: 3.8.4[0m
2026.08.02 00:55:30 INFO  no build target found for /Users/nilayshrivastava/Documents/programming_language/scala/learning_scala/fp_in_scala/inorder.scala. Using presentation compiler with project's scala-library version: 3.8.4[0m
2026.08.02 00:55:30 INFO  no build target found for /Users/nilayshrivastava/Documents/programming_language/scala/learning_scala/fp_in_scala/inorder.scala. Using presentation compiler with project's scala-library version: 3.8.4[0m
2026.08.02 00:55:30 INFO  no build target found for /Users/nilayshrivastava/Documents/programming_language/scala/learning_scala/fp_in_scala/inorder.scala. Using presentation compiler with project's scala-library version: 3.8.4[0m
2026.08.02 00:55:30 INFO  no build target found for /Users/nilayshrivastava/Documents/programming_language/scala/learning_scala/fp_in_scala/inorder.scala. Using presentation compiler with project's scala-library version: 3.8.4[0m
2026.08.02 00:55:30 INFO  no build target found for /Users/nilayshrivastava/Documents/programming_language/scala/learning_scala/fp_in_scala/inorder.scala. Using presentation compiler with project's scala-library version: 3.8.4[0m
2026.08.02 00:55:30 INFO  no build target found for /Users/nilayshrivastava/Documents/programming_language/scala/learning_scala/fp_in_scala/inorder.scala. Using presentation compiler with project's scala-library version: 3.8.4[0m
2026.08.02 00:55:30 INFO  no build target found for /Users/nilayshrivastava/Documents/programming_language/scala/learning_scala/fp_in_scala/inorder.scala. Using presentation compiler with project's scala-library version: 3.8.4[0m
2026.08.02 00:55:30 INFO  no build target found for /Users/nilayshrivastava/Documents/programming_language/scala/learning_scala/fp_in_scala/inorder.scala. Using presentation compiler with project's scala-library version: 3.8.4[0m
2026.08.02 00:55:30 INFO  no build target found for /Users/nilayshrivastava/Documents/programming_language/scala/learning_scala/fp_in_scala/inorder.scala. Using presentation compiler with project's scala-library version: 3.8.4[0m
2026.08.02 00:55:31 INFO  no build target found for /Users/nilayshrivastava/Documents/programming_language/scala/learning_scala/fp_in_scala/inorder.scala. Using presentation compiler with project's scala-library version: 3.8.4[0m
2026.08.02 00:55:31 INFO  no build target found for /Users/nilayshrivastava/Documents/programming_language/scala/learning_scala/fp_in_scala/inorder.scala. Using presentation compiler with project's scala-library version: 3.8.4[0m
2026.08.02 00:55:31 INFO  no build target found for /Users/nilayshrivastava/Documents/programming_language/scala/learning_scala/fp_in_scala/inorder.scala. Using presentation compiler with project's scala-library version: 3.8.4[0m
2026.08.02 00:55:31 INFO  no build target found for /Users/nilayshrivastava/Documents/programming_language/scala/learning_scala/fp_in_scala/inorder.scala. Using presentation compiler with project's scala-library version: 3.8.4[0m
2026.08.02 00:55:31 INFO  no build target found for /Users/nilayshrivastava/Documents/programming_language/scala/learning_scala/fp_in_scala/inorder.scala. Using presentation compiler with project's scala-library version: 3.8.4[0m
2026.08.02 00:55:33 INFO  no build target found for /Users/nilayshrivastava/Documents/programming_language/scala/learning_scala/fp_in_scala/inorder.scala. Using presentation compiler with project's scala-library version: 3.8.4[0m
2026.08.02 00:55:33 INFO  no build target found for /Users/nilayshrivastava/Documents/programming_language/scala/learning_scala/fp_in_scala/inorder.scala. Using presentation compiler with project's scala-library version: 3.8.4[0m
2026.08.02 00:55:33 INFO  no build target found for /Users/nilayshrivastava/Documents/programming_language/scala/learning_scala/fp_in_scala/inorder.scala. Using presentation compiler with project's scala-library version: 3.8.4[0m
2026.08.02 00:55:33 INFO  no build target found for /Users/nilayshrivastava/Documents/programming_language/scala/learning_scala/fp_in_scala/inorder.scala. Using presentation compiler with project's scala-library version: 3.8.4[0m
2026.08.02 00:55:33 INFO  no build target found for /Users/nilayshrivastava/Documents/programming_language/scala/learning_scala/fp_in_scala/inorder.scala. Using presentation compiler with project's scala-library version: 3.8.4[0m
2026.08.02 00:55:35 INFO  no build target found for /Users/nilayshrivastava/Documents/programming_language/scala/learning_scala/fp_in_scala/inorder.scala. Using presentation compiler with project's scala-library version: 3.8.4[0m
2026.08.02 00:55:35 INFO  no build target found for /Users/nilayshrivastava/Documents/programming_language/scala/learning_scala/fp_in_scala/inorder.scala. Using presentation compiler with project's scala-library version: 3.8.4[0m
2026.08.02 00:55:35 INFO  no build target found for /Users/nilayshrivastava/Documents/programming_language/scala/learning_scala/fp_in_scala/inorder.scala. Using presentation compiler with project's scala-library version: 3.8.4[0m
2026.08.02 00:55:35 INFO  no build target found for /Users/nilayshrivastava/Documents/programming_language/scala/learning_scala/fp_in_scala/inorder.scala. Using presentation compiler with project's scala-library version: 3.8.4[0m
2026.08.02 00:55:35 INFO  no build target found for /Users/nilayshrivastava/Documents/programming_language/scala/learning_scala/fp_in_scala/inorder.scala. Using presentation compiler with project's scala-library version: 3.8.4[0m
2026.08.02 00:55:35 INFO  no build target found for /Users/nilayshrivastava/Documents/programming_language/scala/learning_scala/fp_in_scala/inorder.scala. Using presentation compiler with project's scala-library version: 3.8.4[0m
2026.08.02 00:55:35 INFO  no build target found for /Users/nilayshrivastava/Documents/programming_language/scala/learning_scala/fp_in_scala/inorder.scala. Using presentation compiler with project's scala-library version: 3.8.4[0m
2026.08.02 00:55:36 INFO  no build target found for /Users/nilayshrivastava/Documents/programming_language/scala/learning_scala/fp_in_scala/inorder.scala. Using presentation compiler with project's scala-library version: 3.8.4[0m
2026.08.02 00:55:36 INFO  no build target found for /Users/nilayshrivastava/Documents/programming_language/scala/learning_scala/fp_in_scala/inorder.scala. Using presentation compiler with project's scala-library version: 3.8.4[0m
2026.08.02 00:55:36 INFO  no build target found for /Users/nilayshrivastava/Documents/programming_language/scala/learning_scala/fp_in_scala/inorder.scala. Using presentation compiler with project's scala-library version: 3.8.4[0m
2026.08.02 00:55:36 INFO  no build target found for /Users/nilayshrivastava/Documents/programming_language/scala/learning_scala/fp_in_scala/inorder.scala. Using presentation compiler with project's scala-library version: 3.8.4[0m
2026.08.02 00:55:36 INFO  no build target found for /Users/nilayshrivastava/Documents/programming_language/scala/learning_scala/fp_in_scala/inorder.scala. Using presentation compiler with project's scala-library version: 3.8.4[0m
2026.08.02 00:55:36 INFO  no build target found for /Users/nilayshrivastava/Documents/programming_language/scala/learning_scala/fp_in_scala/inorder.scala. Using presentation compiler with project's scala-library version: 3.8.4[0m
2026.08.02 00:55:36 INFO  no build target found for /Users/nilayshrivastava/Documents/programming_language/scala/learning_scala/fp_in_scala/inorder.scala. Using presentation compiler with project's scala-library version: 3.8.4[0m
2026.08.02 00:55:37 INFO  no build target found for /Users/nilayshrivastava/Documents/programming_language/scala/learning_scala/fp_in_scala/inorder.scala. Using presentation compiler with project's scala-library version: 3.8.4[0m
2026.08.02 00:55:37 INFO  no build target found for /Users/nilayshrivastava/Documents/programming_language/scala/learning_scala/fp_in_scala/inorder.scala. Using presentation compiler with project's scala-library version: 3.8.4[0m
2026.08.02 00:55:37 INFO  no build target found for /Users/nilayshrivastava/Documents/programming_language/scala/learning_scala/fp_in_scala/inorder.scala. Using presentation compiler with project's scala-library version: 3.8.4[0m
2026.08.02 00:55:37 INFO  no build target found for /Users/nilayshrivastava/Documents/programming_language/scala/learning_scala/fp_in_scala/inorder.scala. Using presentation compiler with project's scala-library version: 3.8.4[0m
2026.08.02 00:55:37 INFO  no build target found for /Users/nilayshrivastava/Documents/programming_language/scala/learning_scala/fp_in_scala/inorder.scala. Using presentation compiler with project's scala-library version: 3.8.4[0m
2026.08.02 00:55:37 INFO  no build target found for /Users/nilayshrivastava/Documents/programming_language/scala/learning_scala/fp_in_scala/inorder.scala. Using presentation compiler with project's scala-library version: 3.8.4[0m
2026.08.02 00:55:37 INFO  no build target found for /Users/nilayshrivastava/Documents/programming_language/scala/learning_scala/fp_in_scala/inorder.scala. Using presentation compiler with project's scala-library version: 3.8.4[0m
2026.08.02 00:55:37 INFO  no build target found for /Users/nilayshrivastava/Documents/programming_language/scala/learning_scala/fp_in_scala/inorder.scala. Using presentation compiler with project's scala-library version: 3.8.4[0m
2026.08.02 00:55:38 INFO  no build target found for /Users/nilayshrivastava/Documents/programming_language/scala/learning_scala/fp_in_scala/inorder.scala. Using presentation compiler with project's scala-library version: 3.8.4[0m
2026.08.02 00:55:38 INFO  no build target found for /Users/nilayshrivastava/Documents/programming_language/scala/learning_scala/fp_in_scala/inorder.scala. Using presentation compiler with project's scala-library version: 3.8.4[0m
2026.08.02 00:55:39 INFO  no build target found for /Users/nilayshrivastava/Documents/programming_language/scala/learning_scala/fp_in_scala/inorder.scala. Using presentation compiler with project's scala-library version: 3.8.4[0m
2026.08.02 00:55:39 INFO  no build target found for /Users/nilayshrivastava/Documents/programming_language/scala/learning_scala/fp_in_scala/inorder.scala. Using presentation compiler with project's scala-library version: 3.8.4[0m
2026.08.02 00:55:41 INFO  no build target found for /Users/nilayshrivastava/Documents/programming_language/scala/learning_scala/fp_in_scala/inorder.scala. Using presentation compiler with project's scala-library version: 3.8.4[0m
2026.08.02 00:55:41 INFO  no build target found for /Users/nilayshrivastava/Documents/programming_language/scala/learning_scala/fp_in_scala/inorder.scala. Using presentation compiler with project's scala-library version: 3.8.4[0m
2026.08.02 00:55:41 INFO  no build target found for /Users/nilayshrivastava/Documents/programming_language/scala/learning_scala/fp_in_scala/inorder.scala. Using presentation compiler with project's scala-library version: 3.8.4[0m
2026.08.02 00:55:41 INFO  no build target found for /Users/nilayshrivastava/Documents/programming_language/scala/learning_scala/fp_in_scala/inorder.scala. Using presentation compiler with project's scala-library version: 3.8.4[0m
2026.08.02 00:55:41 INFO  no build target found for /Users/nilayshrivastava/Documents/programming_language/scala/learning_scala/fp_in_scala/inorder.scala. Using presentation compiler with project's scala-library version: 3.8.4[0m
2026.08.02 00:55:41 INFO  no build target found for /Users/nilayshrivastava/Documents/programming_language/scala/learning_scala/fp_in_scala/inorder.scala. Using presentation compiler with project's scala-library version: 3.8.4[0m
2026.08.02 00:55:41 INFO  no build target found for /Users/nilayshrivastava/Documents/programming_language/scala/learning_scala/fp_in_scala/inorder.scala. Using presentation compiler with project's scala-library version: 3.8.4[0m
2026.08.02 00:55:41 INFO  no build target found for /Users/nilayshrivastava/Documents/programming_language/scala/learning_scala/fp_in_scala/inorder.scala. Using presentation compiler with project's scala-library version: 3.8.4[0m
2026.08.02 00:55:42 INFO  no build target found for /Users/nilayshrivastava/Documents/programming_language/scala/learning_scala/fp_in_scala/inorder.scala. Using presentation compiler with project's scala-library version: 3.8.4[0m
2026.08.02 00:55:42 INFO  no build target found for /Users/nilayshrivastava/Documents/programming_language/scala/learning_scala/fp_in_scala/inorder.scala. Using presentation compiler with project's scala-library version: 3.8.4[0m
2026.08.02 00:55:42 INFO  no build target found for /Users/nilayshrivastava/Documents/programming_language/scala/learning_scala/fp_in_scala/inorder.scala. Using presentation compiler with project's scala-library version: 3.8.4[0m
2026.08.02 00:55:51 INFO  no build target found for /Users/nilayshrivastava/Documents/programming_language/scala/learning_scala/fp_in_scala/inorder.scala. Using presentation compiler with project's scala-library version: 3.8.4[0m
2026.08.02 00:55:51 INFO  no build target found for /Users/nilayshrivastava/Documents/programming_language/scala/learning_scala/fp_in_scala/inorder.scala. Using presentation compiler with project's scala-library version: 3.8.4[0m
2026.08.02 00:55:55 INFO  no build target found for /Users/nilayshrivastava/Documents/programming_language/scala/learning_scala/fp_in_scala/inorder.scala. Using presentation compiler with project's scala-library version: 3.8.4[0m
2026.08.02 00:55:55 INFO  no build target found for /Users/nilayshrivastava/Documents/programming_language/scala/learning_scala/fp_in_scala/inorder.scala. Using presentation compiler with project's scala-library version: 3.8.4[0m
2026.08.02 00:55:55 INFO  no build target found for /Users/nilayshrivastava/Documents/programming_language/scala/learning_scala/fp_in_scala/inorder.scala. Using presentation compiler with project's scala-library version: 3.8.4[0m
2026.08.02 00:55:56 INFO  no build target found for /Users/nilayshrivastava/Documents/programming_language/scala/learning_scala/fp_in_scala/inorder.scala. Using presentation compiler with project's scala-library version: 3.8.4[0m
2026.08.02 00:55:56 INFO  no build target found for /Users/nilayshrivastava/Documents/programming_language/scala/learning_scala/fp_in_scala/inorder.scala. Using presentation compiler with project's scala-library version: 3.8.4[0m
2026.08.02 00:55:56 INFO  no build target found for /Users/nilayshrivastava/Documents/programming_language/scala/learning_scala/fp_in_scala/inorder.scala. Using presentation compiler with project's scala-library version: 3.8.4[0m
2026.08.02 00:55:56 INFO  no build target found for /Users/nilayshrivastava/Documents/programming_language/scala/learning_scala/fp_in_scala/inorder.scala. Using presentation compiler with project's scala-library version: 3.8.4[0m
2026.08.02 00:55:56 INFO  no build target found for /Users/nilayshrivastava/Documents/programming_language/scala/learning_scala/fp_in_scala/inorder.scala. Using presentation compiler with project's scala-library version: 3.8.4[0m
2026.08.02 00:55:57 INFO  no build target found for /Users/nilayshrivastava/Documents/programming_language/scala/learning_scala/fp_in_scala/inorder.scala. Using presentation compiler with project's scala-library version: 3.8.4[0m
2026.08.02 00:55:57 INFO  no build target found for /Users/nilayshrivastava/Documents/programming_language/scala/learning_scala/fp_in_scala/inorder.scala. Using presentation compiler with project's scala-library version: 3.8.4[0m
2026.08.02 00:55:57 INFO  no build target found for /Users/nilayshrivastava/Documents/programming_language/scala/learning_scala/fp_in_scala/inorder.scala. Using presentation compiler with project's scala-library version: 3.8.4[0m
2026.08.02 00:55:57 INFO  no build target found for /Users/nilayshrivastava/Documents/programming_language/scala/learning_scala/fp_in_scala/inorder.scala. Using presentation compiler with project's scala-library version: 3.8.4[0m
2026.08.02 00:55:57 INFO  no build target found for /Users/nilayshrivastava/Documents/programming_language/scala/learning_scala/fp_in_scala/inorder.scala. Using presentation compiler with project's scala-library version: 3.8.4[0m
2026.08.02 00:55:57 INFO  no build target found for /Users/nilayshrivastava/Documents/programming_language/scala/learning_scala/fp_in_scala/inorder.scala. Using presentation compiler with project's scala-library version: 3.8.4[0m
2026.08.02 00:55:57 INFO  no build target found for /Users/nilayshrivastava/Documents/programming_language/scala/learning_scala/fp_in_scala/inorder.scala. Using presentation compiler with project's scala-library version: 3.8.4[0m
2026.08.02 00:55:57 INFO  no build target found for /Users/nilayshrivastava/Documents/programming_language/scala/learning_scala/fp_in_scala/inorder.scala. Using presentation compiler with project's scala-library version: 3.8.4[0m
2026.08.02 00:55:57 INFO  no build target found for /Users/nilayshrivastava/Documents/programming_language/scala/learning_scala/fp_in_scala/inorder.scala. Using presentation compiler with project's scala-library version: 3.8.4[0m
2026.08.02 00:55:58 INFO  no build target found for /Users/nilayshrivastava/Documents/programming_language/scala/learning_scala/fp_in_scala/inorder.scala. Using presentation compiler with project's scala-library version: 3.8.4[0m
2026.08.02 00:55:58 INFO  no build target found for /Users/nilayshrivastava/Documents/programming_language/scala/learning_scala/fp_in_scala/inorder.scala. Using presentation compiler with project's scala-library version: 3.8.4[0m
2026.08.02 00:56:01 INFO  no build target found for /Users/nilayshrivastava/Documents/programming_language/scala/learning_scala/fp_in_scala/inorder.scala. Using presentation compiler with project's scala-library version: 3.8.4[0m
2026.08.02 00:56:01 INFO  no build target found for /Users/nilayshrivastava/Documents/programming_language/scala/learning_scala/fp_in_scala/inorder.scala. Using presentation compiler with project's scala-library version: 3.8.4[0m
2026.08.02 00:56:02 INFO  no build target found for /Users/nilayshrivastava/Documents/programming_language/scala/learning_scala/fp_in_scala/inorder.scala. Using presentation compiler with project's scala-library version: 3.8.4[0m
2026.08.02 00:56:02 INFO  no build target found for /Users/nilayshrivastava/Documents/programming_language/scala/learning_scala/fp_in_scala/inorder.scala. Using presentation compiler with project's scala-library version: 3.8.4[0m
2026.08.02 00:56:02 INFO  no build target found for /Users/nilayshrivastava/Documents/programming_language/scala/learning_scala/fp_in_scala/inorder.scala. Using presentation compiler with project's scala-library version: 3.8.4[0m
2026.08.02 00:56:02 INFO  no build target found for /Users/nilayshrivastava/Documents/programming_language/scala/learning_scala/fp_in_scala/inorder.scala. Using presentation compiler with project's scala-library version: 3.8.4[0m
2026.08.02 00:56:02 INFO  no build target found for /Users/nilayshrivastava/Documents/programming_language/scala/learning_scala/fp_in_scala/inorder.scala. Using presentation compiler with project's scala-library version: 3.8.4[0m
2026.08.02 00:56:02 INFO  no build target found for /Users/nilayshrivastava/Documents/programming_language/scala/learning_scala/fp_in_scala/inorder.scala. Using presentation compiler with project's scala-library version: 3.8.4[0m
2026.08.02 00:56:02 INFO  no build target found for /Users/nilayshrivastava/Documents/programming_language/scala/learning_scala/fp_in_scala/inorder.scala. Using presentation compiler with project's scala-library version: 3.8.4[0m
2026.08.02 00:56:02 INFO  no build target found for /Users/nilayshrivastava/Documents/programming_language/scala/learning_scala/fp_in_scala/inorder.scala. Using presentation compiler with project's scala-library version: 3.8.4[0m
2026.08.02 00:56:04 INFO  no build target found for /Users/nilayshrivastava/Documents/programming_language/scala/learning_scala/fp_in_scala/inorder.scala. Using presentation compiler with project's scala-library version: 3.8.4[0m
2026.08.02 00:56:04 INFO  no build target found for /Users/nilayshrivastava/Documents/programming_language/scala/learning_scala/fp_in_scala/inorder.scala. Using presentation compiler with project's scala-library version: 3.8.4[0m
2026.08.02 00:56:04 INFO  no build target found for /Users/nilayshrivastava/Documents/programming_language/scala/learning_scala/fp_in_scala/inorder.scala. Using presentation compiler with project's scala-library version: 3.8.4[0m
2026.08.02 00:56:04 INFO  no build target found for /Users/nilayshrivastava/Documents/programming_language/scala/learning_scala/fp_in_scala/inorder.scala. Using presentation compiler with project's scala-library version: 3.8.4[0m
2026.08.02 00:56:04 INFO  no build target found for /Users/nilayshrivastava/Documents/programming_language/scala/learning_scala/fp_in_scala/inorder.scala. Using presentation compiler with project's scala-library version: 3.8.4[0m
2026.08.02 00:56:04 INFO  no build target found for /Users/nilayshrivastava/Documents/programming_language/scala/learning_scala/fp_in_scala/inorder.scala. Using presentation compiler with project's scala-library version: 3.8.4[0m
2026.08.02 00:56:04 INFO  no build target found for /Users/nilayshrivastava/Documents/programming_language/scala/learning_scala/fp_in_scala/inorder.scala. Using presentation compiler with project's scala-library version: 3.8.4[0m
2026.08.02 00:56:04 INFO  no build target found for /Users/nilayshrivastava/Documents/programming_language/scala/learning_scala/fp_in_scala/inorder.scala. Using presentation compiler with project's scala-library version: 3.8.4[0m
2026.08.02 00:56:04 INFO  no build target found for /Users/nilayshrivastava/Documents/programming_language/scala/learning_scala/fp_in_scala/inorder.scala. Using presentation compiler with project's scala-library version: 3.8.4[0m
2026.08.02 00:56:04 INFO  no build target found for /Users/nilayshrivastava/Documents/programming_language/scala/learning_scala/fp_in_scala/inorder.scala. Using presentation compiler with project's scala-library version: 3.8.4[0m
2026.08.02 00:56:05 INFO  no build target found for /Users/nilayshrivastava/Documents/programming_language/scala/learning_scala/fp_in_scala/inorder.scala. Using presentation compiler with project's scala-library version: 3.8.4[0m
2026.08.02 00:56:05 INFO  no build target found for /Users/nilayshrivastava/Documents/programming_language/scala/learning_scala/fp_in_scala/inorder.scala. Using presentation compiler with project's scala-library version: 3.8.4[0m
2026.08.02 00:56:05 INFO  no build target found for /Users/nilayshrivastava/Documents/programming_language/scala/learning_scala/fp_in_scala/inorder.scala. Using presentation compiler with project's scala-library version: 3.8.4[0m
2026.08.02 00:56:05 INFO  no build target found for /Users/nilayshrivastava/Documents/programming_language/scala/learning_scala/fp_in_scala/inorder.scala. Using presentation compiler with project's scala-library version: 3.8.4[0m
2026.08.02 00:56:05 INFO  no build target found for /Users/nilayshrivastava/Documents/programming_language/scala/learning_scala/fp_in_scala/inorder.scala. Using presentation compiler with project's scala-library version: 3.8.4[0m
2026.08.02 00:56:05 INFO  no build target found for /Users/nilayshrivastava/Documents/programming_language/scala/learning_scala/fp_in_scala/inorder.scala. Using presentation compiler with project's scala-library version: 3.8.4[0m
2026.08.02 00:56:07 INFO  no build target found for /Users/nilayshrivastava/Documents/programming_language/scala/learning_scala/fp_in_scala/inorder.scala. Using presentation compiler with project's scala-library version: 3.8.4[0m
2026.08.02 00:56:07 INFO  no build target found for /Users/nilayshrivastava/Documents/programming_language/scala/learning_scala/fp_in_scala/inorder.scala. Using presentation compiler with project's scala-library version: 3.8.4[0m
2026.08.02 00:56:07 INFO  no build target found for /Users/nilayshrivastava/Documents/programming_language/scala/learning_scala/fp_in_scala/inorder.scala. Using presentation compiler with project's scala-library version: 3.8.4[0m
2026.08.02 00:56:07 INFO  no build target found for /Users/nilayshrivastava/Documents/programming_language/scala/learning_scala/fp_in_scala/inorder.scala. Using presentation compiler with project's scala-library version: 3.8.4[0m
2026.08.02 00:56:07 INFO  no build target found for /Users/nilayshrivastava/Documents/programming_language/scala/learning_scala/fp_in_scala/inorder.scala. Using presentation compiler with project's scala-library version: 3.8.4[0m
2026.08.02 00:56:07 INFO  no build target found for /Users/nilayshrivastava/Documents/programming_language/scala/learning_scala/fp_in_scala/inorder.scala. Using presentation compiler with project's scala-library version: 3.8.4[0m
2026.08.02 00:56:09 INFO  no build target found for /Users/nilayshrivastava/Documents/programming_language/scala/learning_scala/fp_in_scala/inorder.scala. Using presentation compiler with project's scala-library version: 3.8.4[0m
2026.08.02 00:56:10 INFO  no build target found for /Users/nilayshrivastava/Documents/programming_language/scala/learning_scala/fp_in_scala/inorder.scala. Using presentation compiler with project's scala-library version: 3.8.4[0m
2026.08.02 00:56:10 INFO  no build target found for /Users/nilayshrivastava/Documents/programming_language/scala/learning_scala/fp_in_scala/inorder.scala. Using presentation compiler with project's scala-library version: 3.8.4[0m
2026.08.02 00:56:11 INFO  no build target found for /Users/nilayshrivastava/Documents/programming_language/scala/learning_scala/fp_in_scala/inorder.scala. Using presentation compiler with project's scala-library version: 3.8.4[0m
2026.08.02 00:56:11 INFO  no build target found for /Users/nilayshrivastava/Documents/programming_language/scala/learning_scala/fp_in_scala/inorder.scala. Using presentation compiler with project's scala-library version: 3.8.4[0m
2026.08.02 00:56:38 INFO  no build target found for /Users/nilayshrivastava/Documents/programming_language/scala/learning_scala/fp_in_scala/inorder.scala. Using presentation compiler with project's scala-library version: 3.8.4[0m
2026.08.02 00:56:38 WARN  no build target for: /Users/nilayshrivastava/Documents/programming_language/scala/learning_scala/fp_in_scala/inorder.scala[0m
2026.08.02 00:56:42 INFO  Shutting down server[0m
2026.08.02 00:56:42 INFO  Memory monitor stopped[0m
2026.08.02 00:56:42 INFO  shutting down Metals[0m
2026.08.02 00:56:42 INFO  Shut down connection with build server.[0m
2026.08.02 00:56:42 INFO  Exiting server[0m
2026.08.02 00:56:44 INFO  Started: Metals version 1.6.8 in folders '/Users/nilayshrivastava/Documents/programming_language/scala/learning_scala/fp_in_scala' for client Vim 9020850.[0m
2026.08.02 00:56:44 INFO  Memory monitor started[0m
2026.08.02 00:56:44 WARN  Using H2 2.4.240 which is newer than the version Flyway has been verified with. The latest verified version of H2 is 2.3.232.[0m
2026.08.02 00:56:45 INFO  Attempting to connect to the build server...[0m
2026.08.02 00:56:45 INFO  Running BSP server List(/Users/nilayshrivastava/Library/Application Support/Coursier/bin/.scala-cli.aux, bsp, --json-options, /Users/nilayshrivastava/Documents/programming_language/scala/learning_scala/fp_in_scala/.scala-build/ide-options-v2.json, --json-launcher-options, /Users/nilayshrivastava/Documents/programming_language/scala/learning_scala/fp_in_scala/.scala-build/ide-launcher-options.json, --envs-file, /Users/nilayshrivastava/Documents/programming_language/scala/learning_scala/fp_in_scala/.scala-build/ide-envs.json, /Users/nilayshrivastava/Documents/programming_language/scala/learning_scala/fp_in_scala/fib.scala)[0m
2026.08.02 00:56:45 INFO  Tracing is disabled for protocol BSP. To enable tracing of incoming and outgoing JSON messages, create an empty file at /Users/nilayshrivastava/Documents/programming_language/scala/learning_scala/fp_in_scala/.metals/bsp.trace.json or /Users/nilayshrivastava/Library/Caches/org.scalameta.metals/bsp.trace.json[0m
2026.08.02 00:56:45 INFO  time: Connected to build server in 0.44s[0m
2026.08.02 00:56:45 INFO  Connected to Build server: scala-cli v1.15.0[0m
2026.08.02 00:56:46 WARN  Using H2 2.4.240 which is newer than the version Flyway has been verified with. The latest verified version of H2 is 2.3.232.[0m
2026.08.02 00:56:46 INFO  time: indexed workspace in 1.01s[0m
2026.08.02 00:56:46 WARN  no build target for: /Users/nilayshrivastava/Documents/programming_language/scala/learning_scala/fp_in_scala/inorder.scala[0m
2026.08.02 00:56:46 INFO  no build target found for /Users/nilayshrivastava/Documents/programming_language/scala/learning_scala/fp_in_scala/inorder.scala. Using presentation compiler with project's scala-library version: 3.8.4[0m
2026.08.02 00:56:54 WARN  no build target for: /Users/nilayshrivastava/Documents/programming_language/scala/learning_scala/fp_in_scala/inorder.scala[0m
2026.08.02 00:56:59 WARN  Unable to run doctor. Make sure `isHttpEnabled` is set to `true`.[0m
2026.08.02 00:57:16 INFO  no build target found for /Users/nilayshrivastava/Documents/programming_language/scala/learning_scala/fp_in_scala/inorder.scala. Using presentation compiler with project's scala-library version: 3.8.4[0m
2026.08.02 00:57:20 INFO  no build target found for /Users/nilayshrivastava/Documents/programming_language/scala/learning_scala/fp_in_scala/inorder.scala. Using presentation compiler with project's scala-library version: 3.8.4[0m
2026.08.02 00:57:20 INFO  no build target found for /Users/nilayshrivastava/Documents/programming_language/scala/learning_scala/fp_in_scala/inorder.scala. Using presentation compiler with project's scala-library version: 3.8.4[0m
2026.08.02 00:57:20 INFO  no build target found for /Users/nilayshrivastava/Documents/programming_language/scala/learning_scala/fp_in_scala/inorder.scala. Using presentation compiler with project's scala-library version: 3.8.4[0m
2026.08.02 00:57:20 INFO  no build target found for /Users/nilayshrivastava/Documents/programming_language/scala/learning_scala/fp_in_scala/inorder.scala. Using presentation compiler with project's scala-library version: 3.8.4[0m
2026.08.02 00:57:20 INFO  no build target found for /Users/nilayshrivastava/Documents/programming_language/scala/learning_scala/fp_in_scala/inorder.scala. Using presentation compiler with project's scala-library version: 3.8.4[0m
2026.08.02 00:57:20 INFO  no build target found for /Users/nilayshrivastava/Documents/programming_language/scala/learning_scala/fp_in_scala/inorder.scala. Using presentation compiler with project's scala-library version: 3.8.4[0m
2026.08.02 00:57:21 INFO  no build target found for /Users/nilayshrivastava/Documents/programming_language/scala/learning_scala/fp_in_scala/inorder.scala. Using presentation compiler with project's scala-library version: 3.8.4[0m
2026.08.02 00:57:21 INFO  no build target found for /Users/nilayshrivastava/Documents/programming_language/scala/learning_scala/fp_in_scala/inorder.scala. Using presentation compiler with project's scala-library version: 3.8.4[0m
2026.08.02 00:57:21 INFO  no build target found for /Users/nilayshrivastava/Documents/programming_language/scala/learning_scala/fp_in_scala/inorder.scala. Using presentation compiler with project's scala-library version: 3.8.4[0m
2026.08.02 00:57:23 INFO  no build target found for /Users/nilayshrivastava/Documents/programming_language/scala/learning_scala/fp_in_scala/inorder.scala. Using presentation compiler with project's scala-library version: 3.8.4[0m
2026.08.02 00:57:23 INFO  no build target found for /Users/nilayshrivastava/Documents/programming_language/scala/learning_scala/fp_in_scala/inorder.scala. Using presentation compiler with project's scala-library version: 3.8.4[0m
2026.08.02 00:57:24 INFO  no build target found for /Users/nilayshrivastava/Documents/programming_language/scala/learning_scala/fp_in_scala/inorder.scala. Using presentation compiler with project's scala-library version: 3.8.4[0m
2026.08.02 00:57:24 INFO  no build target found for /Users/nilayshrivastava/Documents/programming_language/scala/learning_scala/fp_in_scala/inorder.scala. Using presentation compiler with project's scala-library version: 3.8.4[0m
2026.08.02 00:57:24 INFO  no build target found for /Users/nilayshrivastava/Documents/programming_language/scala/learning_scala/fp_in_scala/inorder.scala. Using presentation compiler with project's scala-library version: 3.8.4[0m
2026.08.02 00:57:24 INFO  no build target found for /Users/nilayshrivastava/Documents/programming_language/scala/learning_scala/fp_in_scala/inorder.scala. Using presentation compiler with project's scala-library version: 3.8.4[0m
2026.08.02 00:57:24 INFO  no build target found for /Users/nilayshrivastava/Documents/programming_language/scala/learning_scala/fp_in_scala/inorder.scala. Using presentation compiler with project's scala-library version: 3.8.4[0m
2026.08.02 00:57:24 INFO  no build target found for /Users/nilayshrivastava/Documents/programming_language/scala/learning_scala/fp_in_scala/inorder.scala. Using presentation compiler with project's scala-library version: 3.8.4[0m
2026.08.02 00:57:24 INFO  no build target found for /Users/nilayshrivastava/Documents/programming_language/scala/learning_scala/fp_in_scala/inorder.scala. Using presentation compiler with project's scala-library version: 3.8.4[0m
2026.08.02 00:57:24 INFO  no build target found for /Users/nilayshrivastava/Documents/programming_language/scala/learning_scala/fp_in_scala/inorder.scala. Using presentation compiler with project's scala-library version: 3.8.4[0m
2026.08.02 00:57:25 INFO  no build target found for /Users/nilayshrivastava/Documents/programming_language/scala/learning_scala/fp_in_scala/inorder.scala. Using presentation compiler with project's scala-library version: 3.8.4[0m
2026.08.02 00:57:25 INFO  no build target found for /Users/nilayshrivastava/Documents/programming_language/scala/learning_scala/fp_in_scala/inorder.scala. Using presentation compiler with project's scala-library version: 3.8.4[0m
2026.08.02 00:57:25 INFO  no build target found for /Users/nilayshrivastava/Documents/programming_language/scala/learning_scala/fp_in_scala/inorder.scala. Using presentation compiler with project's scala-library version: 3.8.4[0m
2026.08.02 00:57:25 INFO  no build target found for /Users/nilayshrivastava/Documents/programming_language/scala/learning_scala/fp_in_scala/inorder.scala. Using presentation compiler with project's scala-library version: 3.8.4[0m
2026.08.02 00:57:25 INFO  no build target found for /Users/nilayshrivastava/Documents/programming_language/scala/learning_scala/fp_in_scala/inorder.scala. Using presentation compiler with project's scala-library version: 3.8.4[0m
2026.08.02 00:57:25 INFO  no build target found for /Users/nilayshrivastava/Documents/programming_language/scala/learning_scala/fp_in_scala/inorder.scala. Using presentation compiler with project's scala-library version: 3.8.4[0m
2026.08.02 00:57:25 INFO  no build target found for /Users/nilayshrivastava/Documents/programming_language/scala/learning_scala/fp_in_scala/inorder.scala. Using presentation compiler with project's scala-library version: 3.8.4[0m
2026.08.02 00:57:25 INFO  no build target found for /Users/nilayshrivastava/Documents/programming_language/scala/learning_scala/fp_in_scala/inorder.scala. Using presentation compiler with project's scala-library version: 3.8.4[0m
2026.08.02 00:57:25 INFO  no build target found for /Users/nilayshrivastava/Documents/programming_language/scala/learning_scala/fp_in_scala/inorder.scala. Using presentation compiler with project's scala-library version: 3.8.4[0m
2026.08.02 00:57:25 INFO  no build target found for /Users/nilayshrivastava/Documents/programming_language/scala/learning_scala/fp_in_scala/inorder.scala. Using presentation compiler with project's scala-library version: 3.8.4[0m
2026.08.02 00:57:26 INFO  no build target found for /Users/nilayshrivastava/Documents/programming_language/scala/learning_scala/fp_in_scala/inorder.scala. Using presentation compiler with project's scala-library version: 3.8.4[0m
2026.08.02 00:57:26 INFO  no build target found for /Users/nilayshrivastava/Documents/programming_language/scala/learning_scala/fp_in_scala/inorder.scala. Using presentation compiler with project's scala-library version: 3.8.4[0m
2026.08.02 00:57:26 INFO  no build target found for /Users/nilayshrivastava/Documents/programming_language/scala/learning_scala/fp_in_scala/inorder.scala. Using presentation compiler with project's scala-library version: 3.8.4[0m
2026.08.02 00:57:26 INFO  no build target found for /Users/nilayshrivastava/Documents/programming_language/scala/learning_scala/fp_in_scala/inorder.scala. Using presentation compiler with project's scala-library version: 3.8.4[0m
2026.08.02 00:57:26 INFO  no build target found for /Users/nilayshrivastava/Documents/programming_language/scala/learning_scala/fp_in_scala/inorder.scala. Using presentation compiler with project's scala-library version: 3.8.4[0m
2026.08.02 00:57:26 INFO  no build target found for /Users/nilayshrivastava/Documents/programming_language/scala/learning_scala/fp_in_scala/inorder.scala. Using presentation compiler with project's scala-library version: 3.8.4[0m
2026.08.02 00:57:26 INFO  no build target found for /Users/nilayshrivastava/Documents/programming_language/scala/learning_scala/fp_in_scala/inorder.scala. Using presentation compiler with project's scala-library version: 3.8.4[0m
2026.08.02 00:57:27 INFO  no build target found for /Users/nilayshrivastava/Documents/programming_language/scala/learning_scala/fp_in_scala/inorder.scala. Using presentation compiler with project's scala-library version: 3.8.4[0m
2026.08.02 00:57:27 INFO  no build target found for /Users/nilayshrivastava/Documents/programming_language/scala/learning_scala/fp_in_scala/inorder.scala. Using presentation compiler with project's scala-library version: 3.8.4[0m
2026.08.02 00:57:29 INFO  no build target found for /Users/nilayshrivastava/Documents/programming_language/scala/learning_scala/fp_in_scala/inorder.scala. Using presentation compiler with project's scala-library version: 3.8.4[0m
2026.08.02 00:57:29 INFO  no build target found for /Users/nilayshrivastava/Documents/programming_language/scala/learning_scala/fp_in_scala/inorder.scala. Using presentation compiler with project's scala-library version: 3.8.4[0m
2026.08.02 00:57:29 INFO  no build target found for /Users/nilayshrivastava/Documents/programming_language/scala/learning_scala/fp_in_scala/inorder.scala. Using presentation compiler with project's scala-library version: 3.8.4[0m
2026.08.02 00:57:29 INFO  no build target found for /Users/nilayshrivastava/Documents/programming_language/scala/learning_scala/fp_in_scala/inorder.scala. Using presentation compiler with project's scala-library version: 3.8.4[0m
2026.08.02 00:57:29 INFO  no build target found for /Users/nilayshrivastava/Documents/programming_language/scala/learning_scala/fp_in_scala/inorder.scala. Using presentation compiler with project's scala-library version: 3.8.4[0m
2026.08.02 00:57:29 INFO  no build target found for /Users/nilayshrivastava/Documents/programming_language/scala/learning_scala/fp_in_scala/inorder.scala. Using presentation compiler with project's scala-library version: 3.8.4[0m
2026.08.02 00:57:29 INFO  no build target found for /Users/nilayshrivastava/Documents/programming_language/scala/learning_scala/fp_in_scala/inorder.scala. Using presentation compiler with project's scala-library version: 3.8.4[0m
2026.08.02 00:57:29 INFO  no build target found for /Users/nilayshrivastava/Documents/programming_language/scala/learning_scala/fp_in_scala/inorder.scala. Using presentation compiler with project's scala-library version: 3.8.4[0m
2026.08.02 00:57:29 INFO  no build target found for /Users/nilayshrivastava/Documents/programming_language/scala/learning_scala/fp_in_scala/inorder.scala. Using presentation compiler with project's scala-library version: 3.8.4[0m
2026.08.02 00:57:29 INFO  no build target found for /Users/nilayshrivastava/Documents/programming_language/scala/learning_scala/fp_in_scala/inorder.scala. Using presentation compiler with project's scala-library version: 3.8.4[0m
2026.08.02 00:57:29 INFO  no build target found for /Users/nilayshrivastava/Documents/programming_language/scala/learning_scala/fp_in_scala/inorder.scala. Using presentation compiler with project's scala-library version: 3.8.4[0m
2026.08.02 00:57:29 INFO  no build target found for /Users/nilayshrivastava/Documents/programming_language/scala/learning_scala/fp_in_scala/inorder.scala. Using presentation compiler with project's scala-library version: 3.8.4[0m
2026.08.02 00:57:29 INFO  no build target found for /Users/nilayshrivastava/Documents/programming_language/scala/learning_scala/fp_in_scala/inorder.scala. Using presentation compiler with project's scala-library version: 3.8.4[0m
2026.08.02 00:57:30 INFO  no build target found for /Users/nilayshrivastava/Documents/programming_language/scala/learning_scala/fp_in_scala/inorder.scala. Using presentation compiler with project's scala-library version: 3.8.4[0m
2026.08.02 00:57:30 INFO  no build target found for /Users/nilayshrivastava/Documents/programming_language/scala/learning_scala/fp_in_scala/inorder.scala. Using presentation compiler with project's scala-library version: 3.8.4[0m
2026.08.02 00:57:30 INFO  no build target found for /Users/nilayshrivastava/Documents/programming_language/scala/learning_scala/fp_in_scala/inorder.scala. Using presentation compiler with project's scala-library version: 3.8.4[0m
2026.08.02 00:57:30 INFO  no build target found for /Users/nilayshrivastava/Documents/programming_language/scala/learning_scala/fp_in_scala/inorder.scala. Using presentation compiler with project's scala-library version: 3.8.4[0m
2026.08.02 00:57:30 INFO  no build target found for /Users/nilayshrivastava/Documents/programming_language/scala/learning_scala/fp_in_scala/inorder.scala. Using presentation compiler with project's scala-library version: 3.8.4[0m
2026.08.02 00:57:30 INFO  no build target found for /Users/nilayshrivastava/Documents/programming_language/scala/learning_scala/fp_in_scala/inorder.scala. Using presentation compiler with project's scala-library version: 3.8.4[0m
2026.08.02 00:57:30 INFO  no build target found for /Users/nilayshrivastava/Documents/programming_language/scala/learning_scala/fp_in_scala/inorder.scala. Using presentation compiler with project's scala-library version: 3.8.4[0m
2026.08.02 00:57:30 INFO  no build target found for /Users/nilayshrivastava/Documents/programming_language/scala/learning_scala/fp_in_scala/inorder.scala. Using presentation compiler with project's scala-library version: 3.8.4[0m
2026.08.02 00:57:30 INFO  no build target found for /Users/nilayshrivastava/Documents/programming_language/scala/learning_scala/fp_in_scala/inorder.scala. Using presentation compiler with project's scala-library version: 3.8.4[0m
2026.08.02 00:57:30 INFO  no build target found for /Users/nilayshrivastava/Documents/programming_language/scala/learning_scala/fp_in_scala/inorder.scala. Using presentation compiler with project's scala-library version: 3.8.4[0m
2026.08.02 00:57:30 INFO  no build target found for /Users/nilayshrivastava/Documents/programming_language/scala/learning_scala/fp_in_scala/inorder.scala. Using presentation compiler with project's scala-library version: 3.8.4[0m
2026.08.02 00:57:31 INFO  no build target found for /Users/nilayshrivastava/Documents/programming_language/scala/learning_scala/fp_in_scala/inorder.scala. Using presentation compiler with project's scala-library version: 3.8.4[0m
2026.08.02 00:57:31 INFO  no build target found for /Users/nilayshrivastava/Documents/programming_language/scala/learning_scala/fp_in_scala/inorder.scala. Using presentation compiler with project's scala-library version: 3.8.4[0m
2026.08.02 00:57:31 INFO  no build target found for /Users/nilayshrivastava/Documents/programming_language/scala/learning_scala/fp_in_scala/inorder.scala. Using presentation compiler with project's scala-library version: 3.8.4[0m
2026.08.02 00:57:31 INFO  no build target found for /Users/nilayshrivastava/Documents/programming_language/scala/learning_scala/fp_in_scala/inorder.scala. Using presentation compiler with project's scala-library version: 3.8.4[0m
2026.08.02 00:57:31 INFO  no build target found for /Users/nilayshrivastava/Documents/programming_language/scala/learning_scala/fp_in_scala/inorder.scala. Using presentation compiler with project's scala-library version: 3.8.4[0m
2026.08.02 00:57:31 INFO  no build target found for /Users/nilayshrivastava/Documents/programming_language/scala/learning_scala/fp_in_scala/inorder.scala. Using presentation compiler with project's scala-library version: 3.8.4[0m
2026.08.02 00:57:31 INFO  no build target found for /Users/nilayshrivastava/Documents/programming_language/scala/learning_scala/fp_in_scala/inorder.scala. Using presentation compiler with project's scala-library version: 3.8.4[0m
2026.08.02 00:57:31 INFO  no build target found for /Users/nilayshrivastava/Documents/programming_language/scala/learning_scala/fp_in_scala/inorder.scala. Using presentation compiler with project's scala-library version: 3.8.4[0m
2026.08.02 00:57:31 INFO  no build target found for /Users/nilayshrivastava/Documents/programming_language/scala/learning_scala/fp_in_scala/inorder.scala. Using presentation compiler with project's scala-library version: 3.8.4[0m
2026.08.02 00:57:31 INFO  no build target found for /Users/nilayshrivastava/Documents/programming_language/scala/learning_scala/fp_in_scala/inorder.scala. Using presentation compiler with project's scala-library version: 3.8.4[0m
2026.08.02 00:57:34 INFO  no build target found for /Users/nilayshrivastava/Documents/programming_language/scala/learning_scala/fp_in_scala/inorder.scala. Using presentation compiler with project's scala-library version: 3.8.4[0m
2026.08.02 00:57:39 INFO  no build target found for /Users/nilayshrivastava/Documents/programming_language/scala/learning_scala/fp_in_scala/inorder.scala. Using presentation compiler with project's scala-library version: 3.8.4[0m
2026.08.02 00:57:41 INFO  no build target found for /Users/nilayshrivastava/Documents/programming_language/scala/learning_scala/fp_in_scala/inorder.scala. Using presentation compiler with project's scala-library version: 3.8.4[0m
2026.08.02 00:57:41 INFO  no build target found for /Users/nilayshrivastava/Documents/programming_language/scala/learning_scala/fp_in_scala/inorder.scala. Using presentation compiler with project's scala-library version: 3.8.4[0m
2026.08.02 00:57:45 INFO  no build target found for /Users/nilayshrivastava/Documents/programming_language/scala/learning_scala/fp_in_scala/inorder.scala. Using presentation compiler with project's scala-library version: 3.8.4[0m
2026.08.02 00:57:45 INFO  no build target found for /Users/nilayshrivastava/Documents/programming_language/scala/learning_scala/fp_in_scala/inorder.scala. Using presentation compiler with project's scala-library version: 3.8.4[0m
2026.08.02 00:57:45 INFO  no build target found for /Users/nilayshrivastava/Documents/programming_language/scala/learning_scala/fp_in_scala/inorder.scala. Using presentation compiler with project's scala-library version: 3.8.4[0m
2026.08.02 00:57:45 INFO  no build target found for /Users/nilayshrivastava/Documents/programming_language/scala/learning_scala/fp_in_scala/inorder.scala. Using presentation compiler with project's scala-library version: 3.8.4[0m
2026.08.02 00:57:45 INFO  no build target found for /Users/nilayshrivastava/Documents/programming_language/scala/learning_scala/fp_in_scala/inorder.scala. Using presentation compiler with project's scala-library version: 3.8.4[0m
2026.08.02 00:57:45 INFO  no build target found for /Users/nilayshrivastava/Documents/programming_language/scala/learning_scala/fp_in_scala/inorder.scala. Using presentation compiler with project's scala-library version: 3.8.4[0m
2026.08.02 00:57:45 INFO  no build target found for /Users/nilayshrivastava/Documents/programming_language/scala/learning_scala/fp_in_scala/inorder.scala. Using presentation compiler with project's scala-library version: 3.8.4[0m
2026.08.02 00:57:45 INFO  no build target found for /Users/nilayshrivastava/Documents/programming_language/scala/learning_scala/fp_in_scala/inorder.scala. Using presentation compiler with project's scala-library version: 3.8.4[0m
2026.08.02 00:57:45 INFO  no build target found for /Users/nilayshrivastava/Documents/programming_language/scala/learning_scala/fp_in_scala/inorder.scala. Using presentation compiler with project's scala-library version: 3.8.4[0m
2026.08.02 00:57:47 INFO  no build target found for /Users/nilayshrivastava/Documents/programming_language/scala/learning_scala/fp_in_scala/inorder.scala. Using presentation compiler with project's scala-library version: 3.8.4[0m
2026.08.02 00:57:47 INFO  no build target found for /Users/nilayshrivastava/Documents/programming_language/scala/learning_scala/fp_in_scala/inorder.scala. Using presentation compiler with project's scala-library version: 3.8.4[0m
2026.08.02 00:57:47 INFO  no build target found for /Users/nilayshrivastava/Documents/programming_language/scala/learning_scala/fp_in_scala/inorder.scala. Using presentation compiler with project's scala-library version: 3.8.4[0m
2026.08.02 00:57:47 INFO  no build target found for /Users/nilayshrivastava/Documents/programming_language/scala/learning_scala/fp_in_scala/inorder.scala. Using presentation compiler with project's scala-library version: 3.8.4[0m
2026.08.02 00:57:50 INFO  no build target found for /Users/nilayshrivastava/Documents/programming_language/scala/learning_scala/fp_in_scala/inorder.scala. Using presentation compiler with project's scala-library version: 3.8.4[0m
2026.08.02 00:57:50 INFO  no build target found for /Users/nilayshrivastava/Documents/programming_language/scala/learning_scala/fp_in_scala/inorder.scala. Using presentation compiler with project's scala-library version: 3.8.4[0m
2026.08.02 00:57:50 INFO  no build target found for /Users/nilayshrivastava/Documents/programming_language/scala/learning_scala/fp_in_scala/inorder.scala. Using presentation compiler with project's scala-library version: 3.8.4[0m
2026.08.02 00:57:50 INFO  no build target found for /Users/nilayshrivastava/Documents/programming_language/scala/learning_scala/fp_in_scala/inorder.scala. Using presentation compiler with project's scala-library version: 3.8.4[0m
2026.08.02 00:57:50 INFO  no build target found for /Users/nilayshrivastava/Documents/programming_language/scala/learning_scala/fp_in_scala/inorder.scala. Using presentation compiler with project's scala-library version: 3.8.4[0m
2026.08.02 00:57:50 INFO  no build target found for /Users/nilayshrivastava/Documents/programming_language/scala/learning_scala/fp_in_scala/inorder.scala. Using presentation compiler with project's scala-library version: 3.8.4[0m
2026.08.02 00:57:50 INFO  no build target found for /Users/nilayshrivastava/Documents/programming_language/scala/learning_scala/fp_in_scala/inorder.scala. Using presentation compiler with project's scala-library version: 3.8.4[0m
2026.08.02 00:57:50 INFO  no build target found for /Users/nilayshrivastava/Documents/programming_language/scala/learning_scala/fp_in_scala/inorder.scala. Using presentation compiler with project's scala-library version: 3.8.4[0m
2026.08.02 00:57:50 INFO  no build target found for /Users/nilayshrivastava/Documents/programming_language/scala/learning_scala/fp_in_scala/inorder.scala. Using presentation compiler with project's scala-library version: 3.8.4[0m
2026.08.02 00:57:51 INFO  no build target found for /Users/nilayshrivastava/Documents/programming_language/scala/learning_scala/fp_in_scala/inorder.scala. Using presentation compiler with project's scala-library version: 3.8.4[0m
2026.08.02 00:57:51 INFO  no build target found for /Users/nilayshrivastava/Documents/programming_language/scala/learning_scala/fp_in_scala/inorder.scala. Using presentation compiler with project's scala-library version: 3.8.4[0m
2026.08.02 00:57:51 INFO  no build target found for /Users/nilayshrivastava/Documents/programming_language/scala/learning_scala/fp_in_scala/inorder.scala. Using presentation compiler with project's scala-library version: 3.8.4[0m
2026.08.02 00:57:52 INFO  no build target found for /Users/nilayshrivastava/Documents/programming_language/scala/learning_scala/fp_in_scala/inorder.scala. Using presentation compiler with project's scala-library version: 3.8.4[0m
2026.08.02 00:57:53 INFO  no build target found for /Users/nilayshrivastava/Documents/programming_language/scala/learning_scala/fp_in_scala/inorder.scala. Using presentation compiler with project's scala-library version: 3.8.4[0m
2026.08.02 00:57:53 INFO  no build target found for /Users/nilayshrivastava/Documents/programming_language/scala/learning_scala/fp_in_scala/inorder.scala. Using presentation compiler with project's scala-library version: 3.8.4[0m
2026.08.02 00:57:53 INFO  no build target found for /Users/nilayshrivastava/Documents/programming_language/scala/learning_scala/fp_in_scala/inorder.scala. Using presentation compiler with project's scala-library version: 3.8.4[0m
2026.08.02 00:57:53 INFO  no build target found for /Users/nilayshrivastava/Documents/programming_language/scala/learning_scala/fp_in_scala/inorder.scala. Using presentation compiler with project's scala-library version: 3.8.4[0m
2026.08.02 00:57:53 INFO  no build target found for /Users/nilayshrivastava/Documents/programming_language/scala/learning_scala/fp_in_scala/inorder.scala. Using presentation compiler with project's scala-library version: 3.8.4[0m
2026.08.02 00:57:53 INFO  no build target found for /Users/nilayshrivastava/Documents/programming_language/scala/learning_scala/fp_in_scala/inorder.scala. Using presentation compiler with project's scala-library version: 3.8.4[0m
2026.08.02 00:57:53 INFO  no build target found for /Users/nilayshrivastava/Documents/programming_language/scala/learning_scala/fp_in_scala/inorder.scala. Using presentation compiler with project's scala-library version: 3.8.4[0m
2026.08.02 00:57:55 INFO  no build target found for /Users/nilayshrivastava/Documents/programming_language/scala/learning_scala/fp_in_scala/inorder.scala. Using presentation compiler with project's scala-library version: 3.8.4[0m
2026.08.02 00:57:55 INFO  no build target found for /Users/nilayshrivastava/Documents/programming_language/scala/learning_scala/fp_in_scala/inorder.scala. Using presentation compiler with project's scala-library version: 3.8.4[0m
2026.08.02 00:57:55 INFO  no build target found for /Users/nilayshrivastava/Documents/programming_language/scala/learning_scala/fp_in_scala/inorder.scala. Using presentation compiler with project's scala-library version: 3.8.4[0m
2026.08.02 00:57:56 INFO  no build target found for /Users/nilayshrivastava/Documents/programming_language/scala/learning_scala/fp_in_scala/inorder.scala. Using presentation compiler with project's scala-library version: 3.8.4[0m
2026.08.02 00:57:56 INFO  no build target found for /Users/nilayshrivastava/Documents/programming_language/scala/learning_scala/fp_in_scala/inorder.scala. Using presentation compiler with project's scala-library version: 3.8.4[0m
2026.08.02 00:57:56 INFO  no build target found for /Users/nilayshrivastava/Documents/programming_language/scala/learning_scala/fp_in_scala/inorder.scala. Using presentation compiler with project's scala-library version: 3.8.4[0m
2026.08.02 00:57:56 INFO  no build target found for /Users/nilayshrivastava/Documents/programming_language/scala/learning_scala/fp_in_scala/inorder.scala. Using presentation compiler with project's scala-library version: 3.8.4[0m
2026.08.02 00:57:56 INFO  no build target found for /Users/nilayshrivastava/Documents/programming_language/scala/learning_scala/fp_in_scala/inorder.scala. Using presentation compiler with project's scala-library version: 3.8.4[0m
2026.08.02 00:57:56 INFO  no build target found for /Users/nilayshrivastava/Documents/programming_language/scala/learning_scala/fp_in_scala/inorder.scala. Using presentation compiler with project's scala-library version: 3.8.4[0m
2026.08.02 00:57:56 INFO  no build target found for /Users/nilayshrivastava/Documents/programming_language/scala/learning_scala/fp_in_scala/inorder.scala. Using presentation compiler with project's scala-library version: 3.8.4[0m
2026.08.02 00:57:56 INFO  no build target found for /Users/nilayshrivastava/Documents/programming_language/scala/learning_scala/fp_in_scala/inorder.scala. Using presentation compiler with project's scala-library version: 3.8.4[0m
2026.08.02 00:57:56 INFO  no build target found for /Users/nilayshrivastava/Documents/programming_language/scala/learning_scala/fp_in_scala/inorder.scala. Using presentation compiler with project's scala-library version: 3.8.4[0m
2026.08.02 00:57:58 INFO  no build target found for /Users/nilayshrivastava/Documents/programming_language/scala/learning_scala/fp_in_scala/inorder.scala. Using presentation compiler with project's scala-library version: 3.8.4[0m
2026.08.02 00:57:58 INFO  no build target found for /Users/nilayshrivastava/Documents/programming_language/scala/learning_scala/fp_in_scala/inorder.scala. Using presentation compiler with project's scala-library version: 3.8.4[0m
2026.08.02 00:57:58 INFO  no build target found for /Users/nilayshrivastava/Documents/programming_language/scala/learning_scala/fp_in_scala/inorder.scala. Using presentation compiler with project's scala-library version: 3.8.4[0m
2026.08.02 00:57:59 INFO  no build target found for /Users/nilayshrivastava/Documents/programming_language/scala/learning_scala/fp_in_scala/inorder.scala. Using presentation compiler with project's scala-library version: 3.8.4[0m
2026.08.02 00:57:59 INFO  no build target found for /Users/nilayshrivastava/Documents/programming_language/scala/learning_scala/fp_in_scala/inorder.scala. Using presentation compiler with project's scala-library version: 3.8.4[0m
2026.08.02 00:57:59 INFO  no build target found for /Users/nilayshrivastava/Documents/programming_language/scala/learning_scala/fp_in_scala/inorder.scala. Using presentation compiler with project's scala-library version: 3.8.4[0m
2026.08.02 00:57:59 INFO  no build target found for /Users/nilayshrivastava/Documents/programming_language/scala/learning_scala/fp_in_scala/inorder.scala. Using presentation compiler with project's scala-library version: 3.8.4[0m
2026.08.02 00:57:59 INFO  no build target found for /Users/nilayshrivastava/Documents/programming_language/scala/learning_scala/fp_in_scala/inorder.scala. Using presentation compiler with project's scala-library version: 3.8.4[0m
2026.08.02 00:57:59 INFO  no build target found for /Users/nilayshrivastava/Documents/programming_language/scala/learning_scala/fp_in_scala/inorder.scala. Using presentation compiler with project's scala-library version: 3.8.4[0m
2026.08.02 00:57:59 INFO  no build target found for /Users/nilayshrivastava/Documents/programming_language/scala/learning_scala/fp_in_scala/inorder.scala. Using presentation compiler with project's scala-library version: 3.8.4[0m
2026.08.02 00:58:04 INFO  no build target found for /Users/nilayshrivastava/Documents/programming_language/scala/learning_scala/fp_in_scala/inorder.scala. Using presentation compiler with project's scala-library version: 3.8.4[0m
2026.08.02 00:58:04 INFO  no build target found for /Users/nilayshrivastava/Documents/programming_language/scala/learning_scala/fp_in_scala/inorder.scala. Using presentation compiler with project's scala-library version: 3.8.4[0m
2026.08.02 00:58:04 INFO  no build target found for /Users/nilayshrivastava/Documents/programming_language/scala/learning_scala/fp_in_scala/inorder.scala. Using presentation compiler with project's scala-library version: 3.8.4[0m
2026.08.02 00:58:04 INFO  no build target found for /Users/nilayshrivastava/Documents/programming_language/scala/learning_scala/fp_in_scala/inorder.scala. Using presentation compiler with project's scala-library version: 3.8.4[0m
2026.08.02 00:58:04 INFO  no build target found for /Users/nilayshrivastava/Documents/programming_language/scala/learning_scala/fp_in_scala/inorder.scala. Using presentation compiler with project's scala-library version: 3.8.4[0m
2026.08.02 00:58:04 INFO  no build target found for /Users/nilayshrivastava/Documents/programming_language/scala/learning_scala/fp_in_scala/inorder.scala. Using presentation compiler with project's scala-library version: 3.8.4[0m
2026.08.02 00:58:04 INFO  no build target found for /Users/nilayshrivastava/Documents/programming_language/scala/learning_scala/fp_in_scala/inorder.scala. Using presentation compiler with project's scala-library version: 3.8.4[0m
2026.08.02 00:58:04 INFO  no build target found for /Users/nilayshrivastava/Documents/programming_language/scala/learning_scala/fp_in_scala/inorder.scala. Using presentation compiler with project's scala-library version: 3.8.4[0m
2026.08.02 00:58:04 INFO  no build target found for /Users/nilayshrivastava/Documents/programming_language/scala/learning_scala/fp_in_scala/inorder.scala. Using presentation compiler with project's scala-library version: 3.8.4[0m
2026.08.02 00:58:04 INFO  no build target found for /Users/nilayshrivastava/Documents/programming_language/scala/learning_scala/fp_in_scala/inorder.scala. Using presentation compiler with project's scala-library version: 3.8.4[0m
2026.08.02 00:58:04 INFO  no build target found for /Users/nilayshrivastava/Documents/programming_language/scala/learning_scala/fp_in_scala/inorder.scala. Using presentation compiler with project's scala-library version: 3.8.4[0m
2026.08.02 00:58:04 INFO  no build target found for /Users/nilayshrivastava/Documents/programming_language/scala/learning_scala/fp_in_scala/inorder.scala. Using presentation compiler with project's scala-library version: 3.8.4[0m
2026.08.02 00:58:04 INFO  no build target found for /Users/nilayshrivastava/Documents/programming_language/scala/learning_scala/fp_in_scala/inorder.scala. Using presentation compiler with project's scala-library version: 3.8.4[0m
2026.08.02 00:58:05 INFO  no build target found for /Users/nilayshrivastava/Documents/programming_language/scala/learning_scala/fp_in_scala/inorder.scala. Using presentation compiler with project's scala-library version: 3.8.4[0m
2026.08.02 00:58:05 INFO  no build target found for /Users/nilayshrivastava/Documents/programming_language/scala/learning_scala/fp_in_scala/inorder.scala. Using presentation compiler with project's scala-library version: 3.8.4[0m
2026.08.02 00:58:05 INFO  no build target found for /Users/nilayshrivastava/Documents/programming_language/scala/learning_scala/fp_in_scala/inorder.scala. Using presentation compiler with project's scala-library version: 3.8.4[0m
2026.08.02 00:58:05 INFO  no build target found for /Users/nilayshrivastava/Documents/programming_language/scala/learning_scala/fp_in_scala/inorder.scala. Using presentation compiler with project's scala-library version: 3.8.4[0m
2026.08.02 00:58:05 INFO  no build target found for /Users/nilayshrivastava/Documents/programming_language/scala/learning_scala/fp_in_scala/inorder.scala. Using presentation compiler with project's scala-library version: 3.8.4[0m
2026.08.02 00:58:05 INFO  no build target found for /Users/nilayshrivastava/Documents/programming_language/scala/learning_scala/fp_in_scala/inorder.scala. Using presentation compiler with project's scala-library version: 3.8.4[0m
2026.08.02 00:58:05 INFO  no build target found for /Users/nilayshrivastava/Documents/programming_language/scala/learning_scala/fp_in_scala/inorder.scala. Using presentation compiler with project's scala-library version: 3.8.4[0m
2026.08.02 00:58:05 INFO  no build target found for /Users/nilayshrivastava/Documents/programming_language/scala/learning_scala/fp_in_scala/inorder.scala. Using presentation compiler with project's scala-library version: 3.8.4[0m
2026.08.02 00:58:05 INFO  no build target found for /Users/nilayshrivastava/Documents/programming_language/scala/learning_scala/fp_in_scala/inorder.scala. Using presentation compiler with project's scala-library version: 3.8.4[0m
2026.08.02 00:58:05 INFO  no build target found for /Users/nilayshrivastava/Documents/programming_language/scala/learning_scala/fp_in_scala/inorder.scala. Using presentation compiler with project's scala-library version: 3.8.4[0m
2026.08.02 00:58:06 INFO  no build target found for /Users/nilayshrivastava/Documents/programming_language/scala/learning_scala/fp_in_scala/inorder.scala. Using presentation compiler with project's scala-library version: 3.8.4[0m
2026.08.02 00:58:19 INFO  no build target found for /Users/nilayshrivastava/Documents/programming_language/scala/learning_scala/fp_in_scala/inorder.scala. Using presentation compiler with project's scala-library version: 3.8.4[0m
2026.08.02 00:58:19 INFO  no build target found for /Users/nilayshrivastava/Documents/programming_language/scala/learning_scala/fp_in_scala/inorder.scala. Using presentation compiler with project's scala-library version: 3.8.4[0m
2026.08.02 00:58:19 INFO  no build target found for /Users/nilayshrivastava/Documents/programming_language/scala/learning_scala/fp_in_scala/inorder.scala. Using presentation compiler with project's scala-library version: 3.8.4[0m
2026.08.02 00:58:19 INFO  no build target found for /Users/nilayshrivastava/Documents/programming_language/scala/learning_scala/fp_in_scala/inorder.scala. Using presentation compiler with project's scala-library version: 3.8.4[0m
2026.08.02 00:58:19 INFO  no build target found for /Users/nilayshrivastava/Documents/programming_language/scala/learning_scala/fp_in_scala/inorder.scala. Using presentation compiler with project's scala-library version: 3.8.4[0m
2026.08.02 00:58:19 INFO  no build target found for /Users/nilayshrivastava/Documents/programming_language/scala/learning_scala/fp_in_scala/inorder.scala. Using presentation compiler with project's scala-library version: 3.8.4[0m
2026.08.02 00:58:19 INFO  no build target found for /Users/nilayshrivastava/Documents/programming_language/scala/learning_scala/fp_in_scala/inorder.scala. Using presentation compiler with project's scala-library version: 3.8.4[0m
2026.08.02 00:58:19 INFO  no build target found for /Users/nilayshrivastava/Documents/programming_language/scala/learning_scala/fp_in_scala/inorder.scala. Using presentation compiler with project's scala-library version: 3.8.4[0m
2026.08.02 00:58:19 INFO  no build target found for /Users/nilayshrivastava/Documents/programming_language/scala/learning_scala/fp_in_scala/inorder.scala. Using presentation compiler with project's scala-library version: 3.8.4[0m
2026.08.02 00:58:21 INFO  no build target found for /Users/nilayshrivastava/Documents/programming_language/scala/learning_scala/fp_in_scala/inorder.scala. Using presentation compiler with project's scala-library version: 3.8.4[0m
2026.08.02 00:58:21 INFO  no build target found for /Users/nilayshrivastava/Documents/programming_language/scala/learning_scala/fp_in_scala/inorder.scala. Using presentation compiler with project's scala-library version: 3.8.4[0m
2026.08.02 00:58:21 INFO  no build target found for /Users/nilayshrivastava/Documents/programming_language/scala/learning_scala/fp_in_scala/inorder.scala. Using presentation compiler with project's scala-library version: 3.8.4[0m
2026.08.02 00:58:21 INFO  no build target found for /Users/nilayshrivastava/Documents/programming_language/scala/learning_scala/fp_in_scala/inorder.scala. Using presentation compiler with project's scala-library version: 3.8.4[0m
2026.08.02 00:58:21 INFO  no build target found for /Users/nilayshrivastava/Documents/programming_language/scala/learning_scala/fp_in_scala/inorder.scala. Using presentation compiler with project's scala-library version: 3.8.4[0m
2026.08.02 00:58:21 INFO  no build target found for /Users/nilayshrivastava/Documents/programming_language/scala/learning_scala/fp_in_scala/inorder.scala. Using presentation compiler with project's scala-library version: 3.8.4[0m
2026.08.02 00:58:22 INFO  no build target found for /Users/nilayshrivastava/Documents/programming_language/scala/learning_scala/fp_in_scala/inorder.scala. Using presentation compiler with project's scala-library version: 3.8.4[0m
2026.08.02 00:58:22 INFO  no build target found for /Users/nilayshrivastava/Documents/programming_language/scala/learning_scala/fp_in_scala/inorder.scala. Using presentation compiler with project's scala-library version: 3.8.4[0m
2026.08.02 00:58:22 INFO  no build target found for /Users/nilayshrivastava/Documents/programming_language/scala/learning_scala/fp_in_scala/inorder.scala. Using presentation compiler with project's scala-library version: 3.8.4[0m
2026.08.02 00:58:22 INFO  no build target found for /Users/nilayshrivastava/Documents/programming_language/scala/learning_scala/fp_in_scala/inorder.scala. Using presentation compiler with project's scala-library version: 3.8.4[0m
2026.08.02 00:58:22 INFO  no build target found for /Users/nilayshrivastava/Documents/programming_language/scala/learning_scala/fp_in_scala/inorder.scala. Using presentation compiler with project's scala-library version: 3.8.4[0m
2026.08.02 00:58:22 INFO  no build target found for /Users/nilayshrivastava/Documents/programming_language/scala/learning_scala/fp_in_scala/inorder.scala. Using presentation compiler with project's scala-library version: 3.8.4[0m
2026.08.02 00:58:22 INFO  no build target found for /Users/nilayshrivastava/Documents/programming_language/scala/learning_scala/fp_in_scala/inorder.scala. Using presentation compiler with project's scala-library version: 3.8.4[0m
2026.08.02 00:58:23 INFO  no build target found for /Users/nilayshrivastava/Documents/programming_language/scala/learning_scala/fp_in_scala/inorder.scala. Using presentation compiler with project's scala-library version: 3.8.4[0m
2026.08.02 00:58:25 INFO  no build target found for /Users/nilayshrivastava/Documents/programming_language/scala/learning_scala/fp_in_scala/inorder.scala. Using presentation compiler with project's scala-library version: 3.8.4[0m
2026.08.02 00:58:25 INFO  no build target found for /Users/nilayshrivastava/Documents/programming_language/scala/learning_scala/fp_in_scala/inorder.scala. Using presentation compiler with project's scala-library version: 3.8.4[0m
2026.08.02 00:58:25 INFO  no build target found for /Users/nilayshrivastava/Documents/programming_language/scala/learning_scala/fp_in_scala/inorder.scala. Using presentation compiler with project's scala-library version: 3.8.4[0m
2026.08.02 00:58:31 INFO  no build target found for /Users/nilayshrivastava/Documents/programming_language/scala/learning_scala/fp_in_scala/inorder.scala. Using presentation compiler with project's scala-library version: 3.8.4[0m
2026.08.02 00:58:31 INFO  no build target found for /Users/nilayshrivastava/Documents/programming_language/scala/learning_scala/fp_in_scala/inorder.scala. Using presentation compiler with project's scala-library version: 3.8.4[0m
2026.08.02 00:58:31 INFO  no build target found for /Users/nilayshrivastava/Documents/programming_language/scala/learning_scala/fp_in_scala/inorder.scala. Using presentation compiler with project's scala-library version: 3.8.4[0m
2026.08.02 00:58:31 INFO  no build target found for /Users/nilayshrivastava/Documents/programming_language/scala/learning_scala/fp_in_scala/inorder.scala. Using presentation compiler with project's scala-library version: 3.8.4[0m
2026.08.02 00:58:32 INFO  no build target found for /Users/nilayshrivastava/Documents/programming_language/scala/learning_scala/fp_in_scala/inorder.scala. Using presentation compiler with project's scala-library version: 3.8.4[0m
2026.08.02 00:58:32 INFO  no build target found for /Users/nilayshrivastava/Documents/programming_language/scala/learning_scala/fp_in_scala/inorder.scala. Using presentation compiler with project's scala-library version: 3.8.4[0m
2026.08.02 00:58:32 INFO  no build target found for /Users/nilayshrivastava/Documents/programming_language/scala/learning_scala/fp_in_scala/inorder.scala. Using presentation compiler with project's scala-library version: 3.8.4[0m
2026.08.02 00:58:32 INFO  no build target found for /Users/nilayshrivastava/Documents/programming_language/scala/learning_scala/fp_in_scala/inorder.scala. Using presentation compiler with project's scala-library version: 3.8.4[0m
2026.08.02 00:58:32 INFO  no build target found for /Users/nilayshrivastava/Documents/programming_language/scala/learning_scala/fp_in_scala/inorder.scala. Using presentation compiler with project's scala-library version: 3.8.4[0m
2026.08.02 00:58:32 INFO  no build target found for /Users/nilayshrivastava/Documents/programming_language/scala/learning_scala/fp_in_scala/inorder.scala. Using presentation compiler with project's scala-library version: 3.8.4[0m
2026.08.02 00:58:33 INFO  no build target found for /Users/nilayshrivastava/Documents/programming_language/scala/learning_scala/fp_in_scala/inorder.scala. Using presentation compiler with project's scala-library version: 3.8.4[0m
2026.08.02 00:58:33 INFO  no build target found for /Users/nilayshrivastava/Documents/programming_language/scala/learning_scala/fp_in_scala/inorder.scala. Using presentation compiler with project's scala-library version: 3.8.4[0m
2026.08.02 00:58:33 INFO  no build target found for /Users/nilayshrivastava/Documents/programming_language/scala/learning_scala/fp_in_scala/inorder.scala. Using presentation compiler with project's scala-library version: 3.8.4[0m
2026.08.02 00:58:33 INFO  no build target found for /Users/nilayshrivastava/Documents/programming_language/scala/learning_scala/fp_in_scala/inorder.scala. Using presentation compiler with project's scala-library version: 3.8.4[0m
2026.08.02 00:58:33 INFO  no build target found for /Users/nilayshrivastava/Documents/programming_language/scala/learning_scala/fp_in_scala/inorder.scala. Using presentation compiler with project's scala-library version: 3.8.4[0m
2026.08.02 00:58:33 INFO  no build target found for /Users/nilayshrivastava/Documents/programming_language/scala/learning_scala/fp_in_scala/inorder.scala. Using presentation compiler with project's scala-library version: 3.8.4[0m
2026.08.02 00:58:33 INFO  no build target found for /Users/nilayshrivastava/Documents/programming_language/scala/learning_scala/fp_in_scala/inorder.scala. Using presentation compiler with project's scala-library version: 3.8.4[0m
2026.08.02 00:58:34 INFO  no build target found for /Users/nilayshrivastava/Documents/programming_language/scala/learning_scala/fp_in_scala/inorder.scala. Using presentation compiler with project's scala-library version: 3.8.4[0m
2026.08.02 00:58:34 INFO  no build target found for /Users/nilayshrivastava/Documents/programming_language/scala/learning_scala/fp_in_scala/inorder.scala. Using presentation compiler with project's scala-library version: 3.8.4[0m
2026.08.02 00:58:34 INFO  no build target found for /Users/nilayshrivastava/Documents/programming_language/scala/learning_scala/fp_in_scala/inorder.scala. Using presentation compiler with project's scala-library version: 3.8.4[0m
2026.08.02 00:58:34 INFO  no build target found for /Users/nilayshrivastava/Documents/programming_language/scala/learning_scala/fp_in_scala/inorder.scala. Using presentation compiler with project's scala-library version: 3.8.4[0m
2026.08.02 00:58:34 INFO  no build target found for /Users/nilayshrivastava/Documents/programming_language/scala/learning_scala/fp_in_scala/inorder.scala. Using presentation compiler with project's scala-library version: 3.8.4[0m
2026.08.02 00:58:34 INFO  no build target found for /Users/nilayshrivastava/Documents/programming_language/scala/learning_scala/fp_in_scala/inorder.scala. Using presentation compiler with project's scala-library version: 3.8.4[0m
2026.08.02 00:58:34 INFO  no build target found for /Users/nilayshrivastava/Documents/programming_language/scala/learning_scala/fp_in_scala/inorder.scala. Using presentation compiler with project's scala-library version: 3.8.4[0m
2026.08.02 00:58:34 INFO  no build target found for /Users/nilayshrivastava/Documents/programming_language/scala/learning_scala/fp_in_scala/inorder.scala. Using presentation compiler with project's scala-library version: 3.8.4[0m
2026.08.02 00:58:34 INFO  no build target found for /Users/nilayshrivastava/Documents/programming_language/scala/learning_scala/fp_in_scala/inorder.scala. Using presentation compiler with project's scala-library version: 3.8.4[0m
2026.08.02 00:58:36 INFO  no build target found for /Users/nilayshrivastava/Documents/programming_language/scala/learning_scala/fp_in_scala/inorder.scala. Using presentation compiler with project's scala-library version: 3.8.4[0m
2026.08.02 00:58:36 INFO  no build target found for /Users/nilayshrivastava/Documents/programming_language/scala/learning_scala/fp_in_scala/inorder.scala. Using presentation compiler with project's scala-library version: 3.8.4[0m
2026.08.02 00:58:37 INFO  no build target found for /Users/nilayshrivastava/Documents/programming_language/scala/learning_scala/fp_in_scala/inorder.scala. Using presentation compiler with project's scala-library version: 3.8.4[0m
2026.08.02 00:58:37 INFO  no build target found for /Users/nilayshrivastava/Documents/programming_language/scala/learning_scala/fp_in_scala/inorder.scala. Using presentation compiler with project's scala-library version: 3.8.4[0m
2026.08.02 00:58:37 INFO  no build target found for /Users/nilayshrivastava/Documents/programming_language/scala/learning_scala/fp_in_scala/inorder.scala. Using presentation compiler with project's scala-library version: 3.8.4[0m
2026.08.02 00:58:37 INFO  no build target found for /Users/nilayshrivastava/Documents/programming_language/scala/learning_scala/fp_in_scala/inorder.scala. Using presentation compiler with project's scala-library version: 3.8.4[0m
2026.08.02 00:58:41 INFO  no build target found for /Users/nilayshrivastava/Documents/programming_language/scala/learning_scala/fp_in_scala/inorder.scala. Using presentation compiler with project's scala-library version: 3.8.4[0m
2026.08.02 00:58:41 WARN  no build target for: /Users/nilayshrivastava/Documents/programming_language/scala/learning_scala/fp_in_scala/inorder.scala[0m
2026.08.02 00:59:17 INFO  no build target found for /Users/nilayshrivastava/Documents/programming_language/scala/learning_scala/fp_in_scala/inorder.scala. Using presentation compiler with project's scala-library version: 3.8.4[0m
2026.08.02 00:59:18 INFO  no build target found for /Users/nilayshrivastava/Documents/programming_language/scala/learning_scala/fp_in_scala/inorder.scala. Using presentation compiler with project's scala-library version: 3.8.4[0m
2026.08.02 00:59:36 INFO  no build target found for /Users/nilayshrivastava/Documents/programming_language/scala/learning_scala/fp_in_scala/inorder.scala. Using presentation compiler with project's scala-library version: 3.8.4[0m
2026.08.02 00:59:36 INFO  no build target found for /Users/nilayshrivastava/Documents/programming_language/scala/learning_scala/fp_in_scala/inorder.scala. Using presentation compiler with project's scala-library version: 3.8.4[0m
2026.08.02 00:59:36 INFO  no build target found for /Users/nilayshrivastava/Documents/programming_language/scala/learning_scala/fp_in_scala/inorder.scala. Using presentation compiler with project's scala-library version: 3.8.4[0m
2026.08.02 00:59:36 INFO  no build target found for /Users/nilayshrivastava/Documents/programming_language/scala/learning_scala/fp_in_scala/inorder.scala. Using presentation compiler with project's scala-library version: 3.8.4[0m
2026.08.02 00:59:36 INFO  no build target found for /Users/nilayshrivastava/Documents/programming_language/scala/learning_scala/fp_in_scala/inorder.scala. Using presentation compiler with project's scala-library version: 3.8.4[0m
2026.08.02 00:59:36 INFO  no build target found for /Users/nilayshrivastava/Documents/programming_language/scala/learning_scala/fp_in_scala/inorder.scala. Using presentation compiler with project's scala-library version: 3.8.4[0m
2026.08.02 00:59:36 INFO  no build target found for /Users/nilayshrivastava/Documents/programming_language/scala/learning_scala/fp_in_scala/inorder.scala. Using presentation compiler with project's scala-library version: 3.8.4[0m
2026.08.02 00:59:37 INFO  no build target found for /Users/nilayshrivastava/Documents/programming_language/scala/learning_scala/fp_in_scala/inorder.scala. Using presentation compiler with project's scala-library version: 3.8.4[0m
2026.08.02 00:59:37 INFO  no build target found for /Users/nilayshrivastava/Documents/programming_language/scala/learning_scala/fp_in_scala/inorder.scala. Using presentation compiler with project's scala-library version: 3.8.4[0m
2026.08.02 00:59:37 INFO  no build target found for /Users/nilayshrivastava/Documents/programming_language/scala/learning_scala/fp_in_scala/inorder.scala. Using presentation compiler with project's scala-library version: 3.8.4[0m
2026.08.02 00:59:37 INFO  no build target found for /Users/nilayshrivastava/Documents/programming_language/scala/learning_scala/fp_in_scala/inorder.scala. Using presentation compiler with project's scala-library version: 3.8.4[0m
2026.08.02 00:59:39 INFO  no build target found for /Users/nilayshrivastava/Documents/programming_language/scala/learning_scala/fp_in_scala/inorder.scala. Using presentation compiler with project's scala-library version: 3.8.4[0m
2026.08.02 00:59:39 INFO  no build target found for /Users/nilayshrivastava/Documents/programming_language/scala/learning_scala/fp_in_scala/inorder.scala. Using presentation compiler with project's scala-library version: 3.8.4[0m
2026.08.02 00:59:39 INFO  no build target found for /Users/nilayshrivastava/Documents/programming_language/scala/learning_scala/fp_in_scala/inorder.scala. Using presentation compiler with project's scala-library version: 3.8.4[0m
2026.08.02 00:59:39 INFO  no build target found for /Users/nilayshrivastava/Documents/programming_language/scala/learning_scala/fp_in_scala/inorder.scala. Using presentation compiler with project's scala-library version: 3.8.4[0m
2026.08.02 00:59:40 INFO  no build target found for /Users/nilayshrivastava/Documents/programming_language/scala/learning_scala/fp_in_scala/inorder.scala. Using presentation compiler with project's scala-library version: 3.8.4[0m
2026.08.02 00:59:42 INFO  no build target found for /Users/nilayshrivastava/Documents/programming_language/scala/learning_scala/fp_in_scala/inorder.scala. Using presentation compiler with project's scala-library version: 3.8.4[0m
2026.08.02 00:59:42 WARN  no build target for: /Users/nilayshrivastava/Documents/programming_language/scala/learning_scala/fp_in_scala/inorder.scala[0m
2026.08.02 01:00:04 INFO  no build target found for /Users/nilayshrivastava/Documents/programming_language/scala/learning_scala/fp_in_scala/inorder.scala. Using presentation compiler with project's scala-library version: 3.8.4[0m
2026.08.02 01:00:04 INFO  no build target found for /Users/nilayshrivastava/Documents/programming_language/scala/learning_scala/fp_in_scala/inorder.scala. Using presentation compiler with project's scala-library version: 3.8.4[0m
2026.08.02 01:00:04 INFO  no build target found for /Users/nilayshrivastava/Documents/programming_language/scala/learning_scala/fp_in_scala/inorder.scala. Using presentation compiler with project's scala-library version: 3.8.4[0m
2026.08.02 01:00:07 INFO  no build target found for /Users/nilayshrivastava/Documents/programming_language/scala/learning_scala/fp_in_scala/inorder.scala. Using presentation compiler with project's scala-library version: 3.8.4[0m
2026.08.02 01:00:07 WARN  no build target for: /Users/nilayshrivastava/Documents/programming_language/scala/learning_scala/fp_in_scala/inorder.scala[0m
2026.08.02 01:00:54 INFO  no build target found for /Users/nilayshrivastava/Documents/programming_language/scala/learning_scala/fp_in_scala/inorder.scala. Using presentation compiler with project's scala-library version: 3.8.4[0m
2026.08.02 01:00:54 INFO  no build target found for /Users/nilayshrivastava/Documents/programming_language/scala/learning_scala/fp_in_scala/inorder.scala. Using presentation compiler with project's scala-library version: 3.8.4[0m
2026.08.02 01:00:54 INFO  no build target found for /Users/nilayshrivastava/Documents/programming_language/scala/learning_scala/fp_in_scala/inorder.scala. Using presentation compiler with project's scala-library version: 3.8.4[0m
2026.08.02 01:00:54 INFO  no build target found for /Users/nilayshrivastava/Documents/programming_language/scala/learning_scala/fp_in_scala/inorder.scala. Using presentation compiler with project's scala-library version: 3.8.4[0m
2026.08.02 01:00:54 INFO  no build target found for /Users/nilayshrivastava/Documents/programming_language/scala/learning_scala/fp_in_scala/inorder.scala. Using presentation compiler with project's scala-library version: 3.8.4[0m
2026.08.02 01:00:55 INFO  no build target found for /Users/nilayshrivastava/Documents/programming_language/scala/learning_scala/fp_in_scala/inorder.scala. Using presentation compiler with project's scala-library version: 3.8.4[0m
2026.08.02 01:00:55 INFO  no build target found for /Users/nilayshrivastava/Documents/programming_language/scala/learning_scala/fp_in_scala/inorder.scala. Using presentation compiler with project's scala-library version: 3.8.4[0m
2026.08.02 01:00:55 INFO  no build target found for /Users/nilayshrivastava/Documents/programming_language/scala/learning_scala/fp_in_scala/inorder.scala. Using presentation compiler with project's scala-library version: 3.8.4[0m
2026.08.02 01:00:55 INFO  no build target found for /Users/nilayshrivastava/Documents/programming_language/scala/learning_scala/fp_in_scala/inorder.scala. Using presentation compiler with project's scala-library version: 3.8.4[0m
2026.08.02 01:00:55 INFO  no build target found for /Users/nilayshrivastava/Documents/programming_language/scala/learning_scala/fp_in_scala/inorder.scala. Using presentation compiler with project's scala-library version: 3.8.4[0m
2026.08.02 01:00:55 INFO  no build target found for /Users/nilayshrivastava/Documents/programming_language/scala/learning_scala/fp_in_scala/inorder.scala. Using presentation compiler with project's scala-library version: 3.8.4[0m
2026.08.02 01:00:55 INFO  no build target found for /Users/nilayshrivastava/Documents/programming_language/scala/learning_scala/fp_in_scala/inorder.scala. Using presentation compiler with project's scala-library version: 3.8.4[0m
2026.08.02 01:00:55 INFO  no build target found for /Users/nilayshrivastava/Documents/programming_language/scala/learning_scala/fp_in_scala/inorder.scala. Using presentation compiler with project's scala-library version: 3.8.4[0m
2026.08.02 01:00:55 INFO  no build target found for /Users/nilayshrivastava/Documents/programming_language/scala/learning_scala/fp_in_scala/inorder.scala. Using presentation compiler with project's scala-library version: 3.8.4[0m
2026.08.02 01:00:55 INFO  no build target found for /Users/nilayshrivastava/Documents/programming_language/scala/learning_scala/fp_in_scala/inorder.scala. Using presentation compiler with project's scala-library version: 3.8.4[0m
2026.08.02 01:00:55 INFO  no build target found for /Users/nilayshrivastava/Documents/programming_language/scala/learning_scala/fp_in_scala/inorder.scala. Using presentation compiler with project's scala-library version: 3.8.4[0m
2026.08.02 01:00:55 INFO  no build target found for /Users/nilayshrivastava/Documents/programming_language/scala/learning_scala/fp_in_scala/inorder.scala. Using presentation compiler with project's scala-library version: 3.8.4[0m
2026.08.02 01:00:55 INFO  no build target found for /Users/nilayshrivastava/Documents/programming_language/scala/learning_scala/fp_in_scala/inorder.scala. Using presentation compiler with project's scala-library version: 3.8.4[0m
2026.08.02 01:00:55 INFO  no build target found for /Users/nilayshrivastava/Documents/programming_language/scala/learning_scala/fp_in_scala/inorder.scala. Using presentation compiler with project's scala-library version: 3.8.4[0m
2026.08.02 01:01:00 INFO  no build target found for /Users/nilayshrivastava/Documents/programming_language/scala/learning_scala/fp_in_scala/inorder.scala. Using presentation compiler with project's scala-library version: 3.8.4[0m
2026.08.02 01:01:00 INFO  no build target found for /Users/nilayshrivastava/Documents/programming_language/scala/learning_scala/fp_in_scala/inorder.scala. Using presentation compiler with project's scala-library version: 3.8.4[0m
2026.08.02 01:01:00 INFO  no build target found for /Users/nilayshrivastava/Documents/programming_language/scala/learning_scala/fp_in_scala/inorder.scala. Using presentation compiler with project's scala-library version: 3.8.4[0m
2026.08.02 01:01:00 INFO  no build target found for /Users/nilayshrivastava/Documents/programming_language/scala/learning_scala/fp_in_scala/inorder.scala. Using presentation compiler with project's scala-library version: 3.8.4[0m
2026.08.02 01:01:00 INFO  no build target found for /Users/nilayshrivastava/Documents/programming_language/scala/learning_scala/fp_in_scala/inorder.scala. Using presentation compiler with project's scala-library version: 3.8.4[0m
2026.08.02 01:01:00 INFO  no build target found for /Users/nilayshrivastava/Documents/programming_language/scala/learning_scala/fp_in_scala/inorder.scala. Using presentation compiler with project's scala-library version: 3.8.4[0m
2026.08.02 01:01:01 INFO  no build target found for /Users/nilayshrivastava/Documents/programming_language/scala/learning_scala/fp_in_scala/inorder.scala. Using presentation compiler with project's scala-library version: 3.8.4[0m
2026.08.02 01:01:01 INFO  no build target found for /Users/nilayshrivastava/Documents/programming_language/scala/learning_scala/fp_in_scala/inorder.scala. Using presentation compiler with project's scala-library version: 3.8.4[0m
2026.08.02 01:01:01 INFO  no build target found for /Users/nilayshrivastava/Documents/programming_language/scala/learning_scala/fp_in_scala/inorder.scala. Using presentation compiler with project's scala-library version: 3.8.4[0m
2026.08.02 01:01:01 INFO  no build target found for /Users/nilayshrivastava/Documents/programming_language/scala/learning_scala/fp_in_scala/inorder.scala. Using presentation compiler with project's scala-library version: 3.8.4[0m
2026.08.02 01:01:01 INFO  no build target found for /Users/nilayshrivastava/Documents/programming_language/scala/learning_scala/fp_in_scala/inorder.scala. Using presentation compiler with project's scala-library version: 3.8.4[0m
2026.08.02 01:01:01 INFO  no build target found for /Users/nilayshrivastava/Documents/programming_language/scala/learning_scala/fp_in_scala/inorder.scala. Using presentation compiler with project's scala-library version: 3.8.4[0m
2026.08.02 01:01:01 INFO  no build target found for /Users/nilayshrivastava/Documents/programming_language/scala/learning_scala/fp_in_scala/inorder.scala. Using presentation compiler with project's scala-library version: 3.8.4[0m
2026.08.02 01:01:02 INFO  no build target found for /Users/nilayshrivastava/Documents/programming_language/scala/learning_scala/fp_in_scala/inorder.scala. Using presentation compiler with project's scala-library version: 3.8.4[0m
2026.08.02 01:01:02 INFO  no build target found for /Users/nilayshrivastava/Documents/programming_language/scala/learning_scala/fp_in_scala/inorder.scala. Using presentation compiler with project's scala-library version: 3.8.4[0m
2026.08.02 01:01:02 INFO  no build target found for /Users/nilayshrivastava/Documents/programming_language/scala/learning_scala/fp_in_scala/inorder.scala. Using presentation compiler with project's scala-library version: 3.8.4[0m
2026.08.02 01:01:03 INFO  no build target found for /Users/nilayshrivastava/Documents/programming_language/scala/learning_scala/fp_in_scala/inorder.scala. Using presentation compiler with project's scala-library version: 3.8.4[0m
2026.08.02 01:01:03 INFO  no build target found for /Users/nilayshrivastava/Documents/programming_language/scala/learning_scala/fp_in_scala/inorder.scala. Using presentation compiler with project's scala-library version: 3.8.4[0m
2026.08.02 01:01:05 INFO  no build target found for /Users/nilayshrivastava/Documents/programming_language/scala/learning_scala/fp_in_scala/inorder.scala. Using presentation compiler with project's scala-library version: 3.8.4[0m
2026.08.02 01:01:05 INFO  no build target found for /Users/nilayshrivastava/Documents/programming_language/scala/learning_scala/fp_in_scala/inorder.scala. Using presentation compiler with project's scala-library version: 3.8.4[0m
2026.08.02 01:01:05 INFO  no build target found for /Users/nilayshrivastava/Documents/programming_language/scala/learning_scala/fp_in_scala/inorder.scala. Using presentation compiler with project's scala-library version: 3.8.4[0m
2026.08.02 01:01:05 INFO  no build target found for /Users/nilayshrivastava/Documents/programming_language/scala/learning_scala/fp_in_scala/inorder.scala. Using presentation compiler with project's scala-library version: 3.8.4[0m
2026.08.02 01:01:05 INFO  no build target found for /Users/nilayshrivastava/Documents/programming_language/scala/learning_scala/fp_in_scala/inorder.scala. Using presentation compiler with project's scala-library version: 3.8.4[0m
2026.08.02 01:01:05 INFO  no build target found for /Users/nilayshrivastava/Documents/programming_language/scala/learning_scala/fp_in_scala/inorder.scala. Using presentation compiler with project's scala-library version: 3.8.4[0m
2026.08.02 01:01:05 INFO  no build target found for /Users/nilayshrivastava/Documents/programming_language/scala/learning_scala/fp_in_scala/inorder.scala. Using presentation compiler with project's scala-library version: 3.8.4[0m
2026.08.02 01:01:05 INFO  no build target found for /Users/nilayshrivastava/Documents/programming_language/scala/learning_scala/fp_in_scala/inorder.scala. Using presentation compiler with project's scala-library version: 3.8.4[0m
2026.08.02 01:01:06 INFO  no build target found for /Users/nilayshrivastava/Documents/programming_language/scala/learning_scala/fp_in_scala/inorder.scala. Using presentation compiler with project's scala-library version: 3.8.4[0m
2026.08.02 01:01:06 INFO  no build target found for /Users/nilayshrivastava/Documents/programming_language/scala/learning_scala/fp_in_scala/inorder.scala. Using presentation compiler with project's scala-library version: 3.8.4[0m
2026.08.02 01:01:06 INFO  no build target found for /Users/nilayshrivastava/Documents/programming_language/scala/learning_scala/fp_in_scala/inorder.scala. Using presentation compiler with project's scala-library version: 3.8.4[0m
2026.08.02 01:01:07 INFO  no build target found for /Users/nilayshrivastava/Documents/programming_language/scala/learning_scala/fp_in_scala/inorder.scala. Using presentation compiler with project's scala-library version: 3.8.4[0m
2026.08.02 01:01:07 INFO  no build target found for /Users/nilayshrivastava/Documents/programming_language/scala/learning_scala/fp_in_scala/inorder.scala. Using presentation compiler with project's scala-library version: 3.8.4[0m
2026.08.02 01:01:07 INFO  no build target found for /Users/nilayshrivastava/Documents/programming_language/scala/learning_scala/fp_in_scala/inorder.scala. Using presentation compiler with project's scala-library version: 3.8.4[0m
2026.08.02 01:01:07 INFO  no build target found for /Users/nilayshrivastava/Documents/programming_language/scala/learning_scala/fp_in_scala/inorder.scala. Using presentation compiler with project's scala-library version: 3.8.4[0m
2026.08.02 01:01:07 INFO  no build target found for /Users/nilayshrivastava/Documents/programming_language/scala/learning_scala/fp_in_scala/inorder.scala. Using presentation compiler with project's scala-library version: 3.8.4[0m
2026.08.02 01:01:08 INFO  no build target found for /Users/nilayshrivastava/Documents/programming_language/scala/learning_scala/fp_in_scala/inorder.scala. Using presentation compiler with project's scala-library version: 3.8.4[0m
2026.08.02 01:01:08 INFO  no build target found for /Users/nilayshrivastava/Documents/programming_language/scala/learning_scala/fp_in_scala/inorder.scala. Using presentation compiler with project's scala-library version: 3.8.4[0m
2026.08.02 01:01:08 INFO  no build target found for /Users/nilayshrivastava/Documents/programming_language/scala/learning_scala/fp_in_scala/inorder.scala. Using presentation compiler with project's scala-library version: 3.8.4[0m
2026.08.02 01:01:08 INFO  no build target found for /Users/nilayshrivastava/Documents/programming_language/scala/learning_scala/fp_in_scala/inorder.scala. Using presentation compiler with project's scala-library version: 3.8.4[0m
2026.08.02 01:01:08 INFO  no build target found for /Users/nilayshrivastava/Documents/programming_language/scala/learning_scala/fp_in_scala/inorder.scala. Using presentation compiler with project's scala-library version: 3.8.4[0m
2026.08.02 01:01:12 INFO  no build target found for /Users/nilayshrivastava/Documents/programming_language/scala/learning_scala/fp_in_scala/inorder.scala. Using presentation compiler with project's scala-library version: 3.8.4[0m
2026.08.02 01:01:12 INFO  no build target found for /Users/nilayshrivastava/Documents/programming_language/scala/learning_scala/fp_in_scala/inorder.scala. Using presentation compiler with project's scala-library version: 3.8.4[0m
2026.08.02 01:01:12 INFO  no build target found for /Users/nilayshrivastava/Documents/programming_language/scala/learning_scala/fp_in_scala/inorder.scala. Using presentation compiler with project's scala-library version: 3.8.4[0m
2026.08.02 01:01:24 INFO  no build target found for /Users/nilayshrivastava/Documents/programming_language/scala/learning_scala/fp_in_scala/inorder.scala. Using presentation compiler with project's scala-library version: 3.8.4[0m
2026.08.02 01:01:24 INFO  no build target found for /Users/nilayshrivastava/Documents/programming_language/scala/learning_scala/fp_in_scala/inorder.scala. Using presentation compiler with project's scala-library version: 3.8.4[0m
2026.08.02 01:01:24 INFO  no build target found for /Users/nilayshrivastava/Documents/programming_language/scala/learning_scala/fp_in_scala/inorder.scala. Using presentation compiler with project's scala-library version: 3.8.4[0m
2026.08.02 01:01:24 INFO  no build target found for /Users/nilayshrivastava/Documents/programming_language/scala/learning_scala/fp_in_scala/inorder.scala. Using presentation compiler with project's scala-library version: 3.8.4[0m
2026.08.02 01:01:24 INFO  no build target found for /Users/nilayshrivastava/Documents/programming_language/scala/learning_scala/fp_in_scala/inorder.scala. Using presentation compiler with project's scala-library version: 3.8.4[0m
2026.08.02 01:01:24 INFO  no build target found for /Users/nilayshrivastava/Documents/programming_language/scala/learning_scala/fp_in_scala/inorder.scala. Using presentation compiler with project's scala-library version: 3.8.4[0m
2026.08.02 01:01:26 INFO  no build target found for /Users/nilayshrivastava/Documents/programming_language/scala/learning_scala/fp_in_scala/inorder.scala. Using presentation compiler with project's scala-library version: 3.8.4[0m
2026.08.02 01:01:26 INFO  no build target found for /Users/nilayshrivastava/Documents/programming_language/scala/learning_scala/fp_in_scala/inorder.scala. Using presentation compiler with project's scala-library version: 3.8.4[0m
2026.08.02 01:01:26 INFO  no build target found for /Users/nilayshrivastava/Documents/programming_language/scala/learning_scala/fp_in_scala/inorder.scala. Using presentation compiler with project's scala-library version: 3.8.4[0m
2026.08.02 01:01:26 INFO  no build target found for /Users/nilayshrivastava/Documents/programming_language/scala/learning_scala/fp_in_scala/inorder.scala. Using presentation compiler with project's scala-library version: 3.8.4[0m
2026.08.02 01:01:26 INFO  no build target found for /Users/nilayshrivastava/Documents/programming_language/scala/learning_scala/fp_in_scala/inorder.scala. Using presentation compiler with project's scala-library version: 3.8.4[0m
2026.08.02 01:01:26 INFO  no build target found for /Users/nilayshrivastava/Documents/programming_language/scala/learning_scala/fp_in_scala/inorder.scala. Using presentation compiler with project's scala-library version: 3.8.4[0m
2026.08.02 01:01:26 INFO  no build target found for /Users/nilayshrivastava/Documents/programming_language/scala/learning_scala/fp_in_scala/inorder.scala. Using presentation compiler with project's scala-library version: 3.8.4[0m
2026.08.02 01:01:27 INFO  no build target found for /Users/nilayshrivastava/Documents/programming_language/scala/learning_scala/fp_in_scala/inorder.scala. Using presentation compiler with project's scala-library version: 3.8.4[0m
2026.08.02 01:01:27 INFO  no build target found for /Users/nilayshrivastava/Documents/programming_language/scala/learning_scala/fp_in_scala/inorder.scala. Using presentation compiler with project's scala-library version: 3.8.4[0m
2026.08.02 01:01:27 INFO  no build target found for /Users/nilayshrivastava/Documents/programming_language/scala/learning_scala/fp_in_scala/inorder.scala. Using presentation compiler with project's scala-library version: 3.8.4[0m
2026.08.02 01:01:27 INFO  no build target found for /Users/nilayshrivastava/Documents/programming_language/scala/learning_scala/fp_in_scala/inorder.scala. Using presentation compiler with project's scala-library version: 3.8.4[0m
2026.08.02 01:01:27 INFO  no build target found for /Users/nilayshrivastava/Documents/programming_language/scala/learning_scala/fp_in_scala/inorder.scala. Using presentation compiler with project's scala-library version: 3.8.4[0m
2026.08.02 01:01:27 INFO  no build target found for /Users/nilayshrivastava/Documents/programming_language/scala/learning_scala/fp_in_scala/inorder.scala. Using presentation compiler with project's scala-library version: 3.8.4[0m
2026.08.02 01:01:28 INFO  no build target found for /Users/nilayshrivastava/Documents/programming_language/scala/learning_scala/fp_in_scala/inorder.scala. Using presentation compiler with project's scala-library version: 3.8.4[0m
2026.08.02 01:01:28 INFO  no build target found for /Users/nilayshrivastava/Documents/programming_language/scala/learning_scala/fp_in_scala/inorder.scala. Using presentation compiler with project's scala-library version: 3.8.4[0m
2026.08.02 01:01:28 INFO  no build target found for /Users/nilayshrivastava/Documents/programming_language/scala/learning_scala/fp_in_scala/inorder.scala. Using presentation compiler with project's scala-library version: 3.8.4[0m
2026.08.02 01:01:30 INFO  no build target found for /Users/nilayshrivastava/Documents/programming_language/scala/learning_scala/fp_in_scala/inorder.scala. Using presentation compiler with project's scala-library version: 3.8.4[0m
2026.08.02 01:01:31 INFO  no build target found for /Users/nilayshrivastava/Documents/programming_language/scala/learning_scala/fp_in_scala/inorder.scala. Using presentation compiler with project's scala-library version: 3.8.4[0m
2026.08.02 01:01:31 INFO  no build target found for /Users/nilayshrivastava/Documents/programming_language/scala/learning_scala/fp_in_scala/inorder.scala. Using presentation compiler with project's scala-library version: 3.8.4[0m
2026.08.02 01:01:31 INFO  no build target found for /Users/nilayshrivastava/Documents/programming_language/scala/learning_scala/fp_in_scala/inorder.scala. Using presentation compiler with project's scala-library version: 3.8.4[0m
2026.08.02 01:01:38 INFO  no build target found for /Users/nilayshrivastava/Documents/programming_language/scala/learning_scala/fp_in_scala/inorder.scala. Using presentation compiler with project's scala-library version: 3.8.4[0m
2026.08.02 01:01:38 INFO  no build target found for /Users/nilayshrivastava/Documents/programming_language/scala/learning_scala/fp_in_scala/inorder.scala. Using presentation compiler with project's scala-library version: 3.8.4[0m
2026.08.02 01:01:38 INFO  no build target found for /Users/nilayshrivastava/Documents/programming_language/scala/learning_scala/fp_in_scala/inorder.scala. Using presentation compiler with project's scala-library version: 3.8.4[0m
2026.08.02 01:01:38 INFO  no build target found for /Users/nilayshrivastava/Documents/programming_language/scala/learning_scala/fp_in_scala/inorder.scala. Using presentation compiler with project's scala-library version: 3.8.4[0m
2026.08.02 01:01:38 INFO  no build target found for /Users/nilayshrivastava/Documents/programming_language/scala/learning_scala/fp_in_scala/inorder.scala. Using presentation compiler with project's scala-library version: 3.8.4[0m
2026.08.02 01:01:38 INFO  no build target found for /Users/nilayshrivastava/Documents/programming_language/scala/learning_scala/fp_in_scala/inorder.scala. Using presentation compiler with project's scala-library version: 3.8.4[0m
2026.08.02 01:01:38 INFO  no build target found for /Users/nilayshrivastava/Documents/programming_language/scala/learning_scala/fp_in_scala/inorder.scala. Using presentation compiler with project's scala-library version: 3.8.4[0m
2026.08.02 01:01:38 INFO  no build target found for /Users/nilayshrivastava/Documents/programming_language/scala/learning_scala/fp_in_scala/inorder.scala. Using presentation compiler with project's scala-library version: 3.8.4[0m
2026.08.02 01:01:40 INFO  no build target found for /Users/nilayshrivastava/Documents/programming_language/scala/learning_scala/fp_in_scala/inorder.scala. Using presentation compiler with project's scala-library version: 3.8.4[0m
2026.08.02 01:01:40 INFO  no build target found for /Users/nilayshrivastava/Documents/programming_language/scala/learning_scala/fp_in_scala/inorder.scala. Using presentation compiler with project's scala-library version: 3.8.4[0m
2026.08.02 01:01:40 INFO  no build target found for /Users/nilayshrivastava/Documents/programming_language/scala/learning_scala/fp_in_scala/inorder.scala. Using presentation compiler with project's scala-library version: 3.8.4[0m
2026.08.02 01:01:41 INFO  no build target found for /Users/nilayshrivastava/Documents/programming_language/scala/learning_scala/fp_in_scala/inorder.scala. Using presentation compiler with project's scala-library version: 3.8.4[0m
2026.08.02 01:01:41 INFO  no build target found for /Users/nilayshrivastava/Documents/programming_language/scala/learning_scala/fp_in_scala/inorder.scala. Using presentation compiler with project's scala-library version: 3.8.4[0m
2026.08.02 01:01:42 INFO  no build target found for /Users/nilayshrivastava/Documents/programming_language/scala/learning_scala/fp_in_scala/inorder.scala. Using presentation compiler with project's scala-library version: 3.8.4[0m
2026.08.02 01:01:42 INFO  no build target found for /Users/nilayshrivastava/Documents/programming_language/scala/learning_scala/fp_in_scala/inorder.scala. Using presentation compiler with project's scala-library version: 3.8.4[0m
2026.08.02 01:01:42 INFO  no build target found for /Users/nilayshrivastava/Documents/programming_language/scala/learning_scala/fp_in_scala/inorder.scala. Using presentation compiler with project's scala-library version: 3.8.4[0m
2026.08.02 01:01:44 INFO  no build target found for /Users/nilayshrivastava/Documents/programming_language/scala/learning_scala/fp_in_scala/inorder.scala. Using presentation compiler with project's scala-library version: 3.8.4[0m
2026.08.02 01:01:44 INFO  no build target found for /Users/nilayshrivastava/Documents/programming_language/scala/learning_scala/fp_in_scala/inorder.scala. Using presentation compiler with project's scala-library version: 3.8.4[0m
2026.08.02 01:01:44 INFO  no build target found for /Users/nilayshrivastava/Documents/programming_language/scala/learning_scala/fp_in_scala/inorder.scala. Using presentation compiler with project's scala-library version: 3.8.4[0m
2026.08.02 01:01:44 INFO  no build target found for /Users/nilayshrivastava/Documents/programming_language/scala/learning_scala/fp_in_scala/inorder.scala. Using presentation compiler with project's scala-library version: 3.8.4[0m
2026.08.02 01:01:44 INFO  no build target found for /Users/nilayshrivastava/Documents/programming_language/scala/learning_scala/fp_in_scala/inorder.scala. Using presentation compiler with project's scala-library version: 3.8.4[0m
2026.08.02 01:01:44 INFO  no build target found for /Users/nilayshrivastava/Documents/programming_language/scala/learning_scala/fp_in_scala/inorder.scala. Using presentation compiler with project's scala-library version: 3.8.4[0m
2026.08.02 01:01:44 INFO  no build target found for /Users/nilayshrivastava/Documents/programming_language/scala/learning_scala/fp_in_scala/inorder.scala. Using presentation compiler with project's scala-library version: 3.8.4[0m
2026.08.02 01:01:46 INFO  no build target found for /Users/nilayshrivastava/Documents/programming_language/scala/learning_scala/fp_in_scala/inorder.scala. Using presentation compiler with project's scala-library version: 3.8.4[0m
2026.08.02 01:01:46 INFO  no build target found for /Users/nilayshrivastava/Documents/programming_language/scala/learning_scala/fp_in_scala/inorder.scala. Using presentation compiler with project's scala-library version: 3.8.4[0m
2026.08.02 01:01:46 INFO  no build target found for /Users/nilayshrivastava/Documents/programming_language/scala/learning_scala/fp_in_scala/inorder.scala. Using presentation compiler with project's scala-library version: 3.8.4[0m
2026.08.02 01:01:46 INFO  no build target found for /Users/nilayshrivastava/Documents/programming_language/scala/learning_scala/fp_in_scala/inorder.scala. Using presentation compiler with project's scala-library version: 3.8.4[0m
2026.08.02 01:01:46 INFO  no build target found for /Users/nilayshrivastava/Documents/programming_language/scala/learning_scala/fp_in_scala/inorder.scala. Using presentation compiler with project's scala-library version: 3.8.4[0m
2026.08.02 01:01:46 INFO  no build target found for /Users/nilayshrivastava/Documents/programming_language/scala/learning_scala/fp_in_scala/inorder.scala. Using presentation compiler with project's scala-library version: 3.8.4[0m
2026.08.02 01:01:46 INFO  no build target found for /Users/nilayshrivastava/Documents/programming_language/scala/learning_scala/fp_in_scala/inorder.scala. Using presentation compiler with project's scala-library version: 3.8.4[0m
2026.08.02 01:01:46 INFO  no build target found for /Users/nilayshrivastava/Documents/programming_language/scala/learning_scala/fp_in_scala/inorder.scala. Using presentation compiler with project's scala-library version: 3.8.4[0m
2026.08.02 01:01:52 INFO  no build target found for /Users/nilayshrivastava/Documents/programming_language/scala/learning_scala/fp_in_scala/inorder.scala. Using presentation compiler with project's scala-library version: 3.8.4[0m
2026.08.02 01:01:52 INFO  no build target found for /Users/nilayshrivastava/Documents/programming_language/scala/learning_scala/fp_in_scala/inorder.scala. Using presentation compiler with project's scala-library version: 3.8.4[0m
2026.08.02 01:01:53 INFO  no build target found for /Users/nilayshrivastava/Documents/programming_language/scala/learning_scala/fp_in_scala/inorder.scala. Using presentation compiler with project's scala-library version: 3.8.4[0m
2026.08.02 01:01:53 INFO  no build target found for /Users/nilayshrivastava/Documents/programming_language/scala/learning_scala/fp_in_scala/inorder.scala. Using presentation compiler with project's scala-library version: 3.8.4[0m
2026.08.02 01:01:53 INFO  no build target found for /Users/nilayshrivastava/Documents/programming_language/scala/learning_scala/fp_in_scala/inorder.scala. Using presentation compiler with project's scala-library version: 3.8.4[0m
2026.08.02 01:01:53 INFO  no build target found for /Users/nilayshrivastava/Documents/programming_language/scala/learning_scala/fp_in_scala/inorder.scala. Using presentation compiler with project's scala-library version: 3.8.4[0m
2026.08.02 01:01:53 INFO  no build target found for /Users/nilayshrivastava/Documents/programming_language/scala/learning_scala/fp_in_scala/inorder.scala. Using presentation compiler with project's scala-library version: 3.8.4[0m
2026.08.02 01:01:53 INFO  no build target found for /Users/nilayshrivastava/Documents/programming_language/scala/learning_scala/fp_in_scala/inorder.scala. Using presentation compiler with project's scala-library version: 3.8.4[0m
2026.08.02 01:01:53 INFO  no build target found for /Users/nilayshrivastava/Documents/programming_language/scala/learning_scala/fp_in_scala/inorder.scala. Using presentation compiler with project's scala-library version: 3.8.4[0m
2026.08.02 01:01:54 INFO  no build target found for /Users/nilayshrivastava/Documents/programming_language/scala/learning_scala/fp_in_scala/inorder.scala. Using presentation compiler with project's scala-library version: 3.8.4[0m
2026.08.02 01:01:54 INFO  no build target found for /Users/nilayshrivastava/Documents/programming_language/scala/learning_scala/fp_in_scala/inorder.scala. Using presentation compiler with project's scala-library version: 3.8.4[0m
2026.08.02 01:01:54 INFO  no build target found for /Users/nilayshrivastava/Documents/programming_language/scala/learning_scala/fp_in_scala/inorder.scala. Using presentation compiler with project's scala-library version: 3.8.4[0m
2026.08.02 01:01:54 INFO  no build target found for /Users/nilayshrivastava/Documents/programming_language/scala/learning_scala/fp_in_scala/inorder.scala. Using presentation compiler with project's scala-library version: 3.8.4[0m
2026.08.02 01:01:54 INFO  no build target found for /Users/nilayshrivastava/Documents/programming_language/scala/learning_scala/fp_in_scala/inorder.scala. Using presentation compiler with project's scala-library version: 3.8.4[0m
2026.08.02 01:01:54 INFO  no build target found for /Users/nilayshrivastava/Documents/programming_language/scala/learning_scala/fp_in_scala/inorder.scala. Using presentation compiler with project's scala-library version: 3.8.4[0m
2026.08.02 01:01:54 INFO  no build target found for /Users/nilayshrivastava/Documents/programming_language/scala/learning_scala/fp_in_scala/inorder.scala. Using presentation compiler with project's scala-library version: 3.8.4[0m
2026.08.02 01:01:54 INFO  no build target found for /Users/nilayshrivastava/Documents/programming_language/scala/learning_scala/fp_in_scala/inorder.scala. Using presentation compiler with project's scala-library version: 3.8.4[0m
2026.08.02 01:01:54 INFO  no build target found for /Users/nilayshrivastava/Documents/programming_language/scala/learning_scala/fp_in_scala/inorder.scala. Using presentation compiler with project's scala-library version: 3.8.4[0m
2026.08.02 01:01:54 INFO  no build target found for /Users/nilayshrivastava/Documents/programming_language/scala/learning_scala/fp_in_scala/inorder.scala. Using presentation compiler with project's scala-library version: 3.8.4[0m
2026.08.02 01:01:54 INFO  no build target found for /Users/nilayshrivastava/Documents/programming_language/scala/learning_scala/fp_in_scala/inorder.scala. Using presentation compiler with project's scala-library version: 3.8.4[0m
2026.08.02 01:01:55 INFO  no build target found for /Users/nilayshrivastava/Documents/programming_language/scala/learning_scala/fp_in_scala/inorder.scala. Using presentation compiler with project's scala-library version: 3.8.4[0m
2026.08.02 01:01:55 INFO  no build target found for /Users/nilayshrivastava/Documents/programming_language/scala/learning_scala/fp_in_scala/inorder.scala. Using presentation compiler with project's scala-library version: 3.8.4[0m
2026.08.02 01:01:55 INFO  no build target found for /Users/nilayshrivastava/Documents/programming_language/scala/learning_scala/fp_in_scala/inorder.scala. Using presentation compiler with project's scala-library version: 3.8.4[0m
2026.08.02 01:01:55 INFO  no build target found for /Users/nilayshrivastava/Documents/programming_language/scala/learning_scala/fp_in_scala/inorder.scala. Using presentation compiler with project's scala-library version: 3.8.4[0m
2026.08.02 01:01:55 INFO  no build target found for /Users/nilayshrivastava/Documents/programming_language/scala/learning_scala/fp_in_scala/inorder.scala. Using presentation compiler with project's scala-library version: 3.8.4[0m
2026.08.02 01:01:55 INFO  no build target found for /Users/nilayshrivastava/Documents/programming_language/scala/learning_scala/fp_in_scala/inorder.scala. Using presentation compiler with project's scala-library version: 3.8.4[0m
2026.08.02 01:01:57 INFO  no build target found for /Users/nilayshrivastava/Documents/programming_language/scala/learning_scala/fp_in_scala/inorder.scala. Using presentation compiler with project's scala-library version: 3.8.4[0m
2026.08.02 01:01:57 INFO  no build target found for /Users/nilayshrivastava/Documents/programming_language/scala/learning_scala/fp_in_scala/inorder.scala. Using presentation compiler with project's scala-library version: 3.8.4[0m
2026.08.02 01:01:57 INFO  no build target found for /Users/nilayshrivastava/Documents/programming_language/scala/learning_scala/fp_in_scala/inorder.scala. Using presentation compiler with project's scala-library version: 3.8.4[0m
2026.08.02 01:02:01 INFO  no build target found for /Users/nilayshrivastava/Documents/programming_language/scala/learning_scala/fp_in_scala/inorder.scala. Using presentation compiler with project's scala-library version: 3.8.4[0m
2026.08.02 01:02:01 INFO  no build target found for /Users/nilayshrivastava/Documents/programming_language/scala/learning_scala/fp_in_scala/inorder.scala. Using presentation compiler with project's scala-library version: 3.8.4[0m
2026.08.02 01:02:01 INFO  no build target found for /Users/nilayshrivastava/Documents/programming_language/scala/learning_scala/fp_in_scala/inorder.scala. Using presentation compiler with project's scala-library version: 3.8.4[0m
2026.08.02 01:02:01 INFO  no build target found for /Users/nilayshrivastava/Documents/programming_language/scala/learning_scala/fp_in_scala/inorder.scala. Using presentation compiler with project's scala-library version: 3.8.4[0m
2026.08.02 01:02:01 INFO  no build target found for /Users/nilayshrivastava/Documents/programming_language/scala/learning_scala/fp_in_scala/inorder.scala. Using presentation compiler with project's scala-library version: 3.8.4[0m
2026.08.02 01:02:01 INFO  no build target found for /Users/nilayshrivastava/Documents/programming_language/scala/learning_scala/fp_in_scala/inorder.scala. Using presentation compiler with project's scala-library version: 3.8.4[0m
2026.08.02 01:02:03 INFO  no build target found for /Users/nilayshrivastava/Documents/programming_language/scala/learning_scala/fp_in_scala/inorder.scala. Using presentation compiler with project's scala-library version: 3.8.4[0m
2026.08.02 01:02:03 INFO  no build target found for /Users/nilayshrivastava/Documents/programming_language/scala/learning_scala/fp_in_scala/inorder.scala. Using presentation compiler with project's scala-library version: 3.8.4[0m
2026.08.02 01:02:03 INFO  no build target found for /Users/nilayshrivastava/Documents/programming_language/scala/learning_scala/fp_in_scala/inorder.scala. Using presentation compiler with project's scala-library version: 3.8.4[0m
2026.08.02 01:02:05 INFO  no build target found for /Users/nilayshrivastava/Documents/programming_language/scala/learning_scala/fp_in_scala/inorder.scala. Using presentation compiler with project's scala-library version: 3.8.4[0m
2026.08.02 01:02:05 INFO  no build target found for /Users/nilayshrivastava/Documents/programming_language/scala/learning_scala/fp_in_scala/inorder.scala. Using presentation compiler with project's scala-library version: 3.8.4[0m
2026.08.02 01:02:05 INFO  no build target found for /Users/nilayshrivastava/Documents/programming_language/scala/learning_scala/fp_in_scala/inorder.scala. Using presentation compiler with project's scala-library version: 3.8.4[0m
2026.08.02 01:02:05 INFO  no build target found for /Users/nilayshrivastava/Documents/programming_language/scala/learning_scala/fp_in_scala/inorder.scala. Using presentation compiler with project's scala-library version: 3.8.4[0m
2026.08.02 01:02:05 INFO  no build target found for /Users/nilayshrivastava/Documents/programming_language/scala/learning_scala/fp_in_scala/inorder.scala. Using presentation compiler with project's scala-library version: 3.8.4[0m
2026.08.02 01:02:05 INFO  no build target found for /Users/nilayshrivastava/Documents/programming_language/scala/learning_scala/fp_in_scala/inorder.scala. Using presentation compiler with project's scala-library version: 3.8.4[0m
2026.08.02 01:02:05 INFO  no build target found for /Users/nilayshrivastava/Documents/programming_language/scala/learning_scala/fp_in_scala/inorder.scala. Using presentation compiler with project's scala-library version: 3.8.4[0m
2026.08.02 01:02:05 INFO  no build target found for /Users/nilayshrivastava/Documents/programming_language/scala/learning_scala/fp_in_scala/inorder.scala. Using presentation compiler with project's scala-library version: 3.8.4[0m
2026.08.02 01:02:05 INFO  no build target found for /Users/nilayshrivastava/Documents/programming_language/scala/learning_scala/fp_in_scala/inorder.scala. Using presentation compiler with project's scala-library version: 3.8.4[0m
2026.08.02 01:02:06 INFO  no build target found for /Users/nilayshrivastava/Documents/programming_language/scala/learning_scala/fp_in_scala/inorder.scala. Using presentation compiler with project's scala-library version: 3.8.4[0m
2026.08.02 01:02:06 INFO  no build target found for /Users/nilayshrivastava/Documents/programming_language/scala/learning_scala/fp_in_scala/inorder.scala. Using presentation compiler with project's scala-library version: 3.8.4[0m
2026.08.02 01:02:06 INFO  no build target found for /Users/nilayshrivastava/Documents/programming_language/scala/learning_scala/fp_in_scala/inorder.scala. Using presentation compiler with project's scala-library version: 3.8.4[0m
2026.08.02 01:02:06 INFO  no build target found for /Users/nilayshrivastava/Documents/programming_language/scala/learning_scala/fp_in_scala/inorder.scala. Using presentation compiler with project's scala-library version: 3.8.4[0m
2026.08.02 01:02:06 INFO  no build target found for /Users/nilayshrivastava/Documents/programming_language/scala/learning_scala/fp_in_scala/inorder.scala. Using presentation compiler with project's scala-library version: 3.8.4[0m
2026.08.02 01:02:06 INFO  no build target found for /Users/nilayshrivastava/Documents/programming_language/scala/learning_scala/fp_in_scala/inorder.scala. Using presentation compiler with project's scala-library version: 3.8.4[0m
2026.08.02 01:02:06 INFO  no build target found for /Users/nilayshrivastava/Documents/programming_language/scala/learning_scala/fp_in_scala/inorder.scala. Using presentation compiler with project's scala-library version: 3.8.4[0m
2026.08.02 01:02:06 INFO  no build target found for /Users/nilayshrivastava/Documents/programming_language/scala/learning_scala/fp_in_scala/inorder.scala. Using presentation compiler with project's scala-library version: 3.8.4[0m
2026.08.02 01:02:07 INFO  no build target found for /Users/nilayshrivastava/Documents/programming_language/scala/learning_scala/fp_in_scala/inorder.scala. Using presentation compiler with project's scala-library version: 3.8.4[0m
2026.08.02 01:02:07 INFO  no build target found for /Users/nilayshrivastava/Documents/programming_language/scala/learning_scala/fp_in_scala/inorder.scala. Using presentation compiler with project's scala-library version: 3.8.4[0m
2026.08.02 01:02:07 INFO  no build target found for /Users/nilayshrivastava/Documents/programming_language/scala/learning_scala/fp_in_scala/inorder.scala. Using presentation compiler with project's scala-library version: 3.8.4[0m
2026.08.02 01:02:07 INFO  no build target found for /Users/nilayshrivastava/Documents/programming_language/scala/learning_scala/fp_in_scala/inorder.scala. Using presentation compiler with project's scala-library version: 3.8.4[0m
2026.08.02 01:02:09 INFO  no build target found for /Users/nilayshrivastava/Documents/programming_language/scala/learning_scala/fp_in_scala/inorder.scala. Using presentation compiler with project's scala-library version: 3.8.4[0m
2026.08.02 01:02:09 INFO  no build target found for /Users/nilayshrivastava/Documents/programming_language/scala/learning_scala/fp_in_scala/inorder.scala. Using presentation compiler with project's scala-library version: 3.8.4[0m
2026.08.02 01:02:09 INFO  no build target found for /Users/nilayshrivastava/Documents/programming_language/scala/learning_scala/fp_in_scala/inorder.scala. Using presentation compiler with project's scala-library version: 3.8.4[0m
2026.08.02 01:02:10 INFO  no build target found for /Users/nilayshrivastava/Documents/programming_language/scala/learning_scala/fp_in_scala/inorder.scala. Using presentation compiler with project's scala-library version: 3.8.4[0m
2026.08.02 01:02:10 INFO  no build target found for /Users/nilayshrivastava/Documents/programming_language/scala/learning_scala/fp_in_scala/inorder.scala. Using presentation compiler with project's scala-library version: 3.8.4[0m
2026.08.02 01:02:10 INFO  no build target found for /Users/nilayshrivastava/Documents/programming_language/scala/learning_scala/fp_in_scala/inorder.scala. Using presentation compiler with project's scala-library version: 3.8.4[0m
2026.08.02 01:02:10 INFO  no build target found for /Users/nilayshrivastava/Documents/programming_language/scala/learning_scala/fp_in_scala/inorder.scala. Using presentation compiler with project's scala-library version: 3.8.4[0m
2026.08.02 01:02:10 INFO  no build target found for /Users/nilayshrivastava/Documents/programming_language/scala/learning_scala/fp_in_scala/inorder.scala. Using presentation compiler with project's scala-library version: 3.8.4[0m
2026.08.02 01:02:10 INFO  no build target found for /Users/nilayshrivastava/Documents/programming_language/scala/learning_scala/fp_in_scala/inorder.scala. Using presentation compiler with project's scala-library version: 3.8.4[0m
2026.08.02 01:02:10 INFO  no build target found for /Users/nilayshrivastava/Documents/programming_language/scala/learning_scala/fp_in_scala/inorder.scala. Using presentation compiler with project's scala-library version: 3.8.4[0m
2026.08.02 01:02:10 INFO  no build target found for /Users/nilayshrivastava/Documents/programming_language/scala/learning_scala/fp_in_scala/inorder.scala. Using presentation compiler with project's scala-library version: 3.8.4[0m
2026.08.02 01:02:10 INFO  no build target found for /Users/nilayshrivastava/Documents/programming_language/scala/learning_scala/fp_in_scala/inorder.scala. Using presentation compiler with project's scala-library version: 3.8.4[0m
2026.08.02 01:02:10 INFO  no build target found for /Users/nilayshrivastava/Documents/programming_language/scala/learning_scala/fp_in_scala/inorder.scala. Using presentation compiler with project's scala-library version: 3.8.4[0m
2026.08.02 01:02:10 INFO  no build target found for /Users/nilayshrivastava/Documents/programming_language/scala/learning_scala/fp_in_scala/inorder.scala. Using presentation compiler with project's scala-library version: 3.8.4[0m
2026.08.02 01:02:10 INFO  no build target found for /Users/nilayshrivastava/Documents/programming_language/scala/learning_scala/fp_in_scala/inorder.scala. Using presentation compiler with project's scala-library version: 3.8.4[0m
2026.08.02 01:02:10 INFO  no build target found for /Users/nilayshrivastava/Documents/programming_language/scala/learning_scala/fp_in_scala/inorder.scala. Using presentation compiler with project's scala-library version: 3.8.4[0m
2026.08.02 01:02:11 INFO  no build target found for /Users/nilayshrivastava/Documents/programming_language/scala/learning_scala/fp_in_scala/inorder.scala. Using presentation compiler with project's scala-library version: 3.8.4[0m
2026.08.02 01:02:11 INFO  no build target found for /Users/nilayshrivastava/Documents/programming_language/scala/learning_scala/fp_in_scala/inorder.scala. Using presentation compiler with project's scala-library version: 3.8.4[0m
2026.08.02 01:02:11 INFO  no build target found for /Users/nilayshrivastava/Documents/programming_language/scala/learning_scala/fp_in_scala/inorder.scala. Using presentation compiler with project's scala-library version: 3.8.4[0m
2026.08.02 01:02:11 INFO  no build target found for /Users/nilayshrivastava/Documents/programming_language/scala/learning_scala/fp_in_scala/inorder.scala. Using presentation compiler with project's scala-library version: 3.8.4[0m
2026.08.02 01:02:11 INFO  no build target found for /Users/nilayshrivastava/Documents/programming_language/scala/learning_scala/fp_in_scala/inorder.scala. Using presentation compiler with project's scala-library version: 3.8.4[0m
2026.08.02 01:02:11 INFO  no build target found for /Users/nilayshrivastava/Documents/programming_language/scala/learning_scala/fp_in_scala/inorder.scala. Using presentation compiler with project's scala-library version: 3.8.4[0m
2026.08.02 01:02:11 INFO  no build target found for /Users/nilayshrivastava/Documents/programming_language/scala/learning_scala/fp_in_scala/inorder.scala. Using presentation compiler with project's scala-library version: 3.8.4[0m
2026.08.02 01:02:11 INFO  no build target found for /Users/nilayshrivastava/Documents/programming_language/scala/learning_scala/fp_in_scala/inorder.scala. Using presentation compiler with project's scala-library version: 3.8.4[0m
2026.08.02 01:02:12 INFO  no build target found for /Users/nilayshrivastava/Documents/programming_language/scala/learning_scala/fp_in_scala/inorder.scala. Using presentation compiler with project's scala-library version: 3.8.4[0m
2026.08.02 01:02:12 INFO  no build target found for /Users/nilayshrivastava/Documents/programming_language/scala/learning_scala/fp_in_scala/inorder.scala. Using presentation compiler with project's scala-library version: 3.8.4[0m
2026.08.02 01:02:12 INFO  no build target found for /Users/nilayshrivastava/Documents/programming_language/scala/learning_scala/fp_in_scala/inorder.scala. Using presentation compiler with project's scala-library version: 3.8.4[0m
2026.08.02 01:02:12 INFO  no build target found for /Users/nilayshrivastava/Documents/programming_language/scala/learning_scala/fp_in_scala/inorder.scala. Using presentation compiler with project's scala-library version: 3.8.4[0m
2026.08.02 01:02:12 INFO  no build target found for /Users/nilayshrivastava/Documents/programming_language/scala/learning_scala/fp_in_scala/inorder.scala. Using presentation compiler with project's scala-library version: 3.8.4[0m
2026.08.02 01:02:12 INFO  no build target found for /Users/nilayshrivastava/Documents/programming_language/scala/learning_scala/fp_in_scala/inorder.scala. Using presentation compiler with project's scala-library version: 3.8.4[0m
2026.08.02 01:02:12 INFO  no build target found for /Users/nilayshrivastava/Documents/programming_language/scala/learning_scala/fp_in_scala/inorder.scala. Using presentation compiler with project's scala-library version: 3.8.4[0m
2026.08.02 01:02:12 INFO  no build target found for /Users/nilayshrivastava/Documents/programming_language/scala/learning_scala/fp_in_scala/inorder.scala. Using presentation compiler with project's scala-library version: 3.8.4[0m
2026.08.02 01:02:12 INFO  no build target found for /Users/nilayshrivastava/Documents/programming_language/scala/learning_scala/fp_in_scala/inorder.scala. Using presentation compiler with project's scala-library version: 3.8.4[0m
2026.08.02 01:02:12 INFO  no build target found for /Users/nilayshrivastava/Documents/programming_language/scala/learning_scala/fp_in_scala/inorder.scala. Using presentation compiler with project's scala-library version: 3.8.4[0m
2026.08.02 01:02:12 INFO  no build target found for /Users/nilayshrivastava/Documents/programming_language/scala/learning_scala/fp_in_scala/inorder.scala. Using presentation compiler with project's scala-library version: 3.8.4[0m
2026.08.02 01:02:12 INFO  no build target found for /Users/nilayshrivastava/Documents/programming_language/scala/learning_scala/fp_in_scala/inorder.scala. Using presentation compiler with project's scala-library version: 3.8.4[0m
2026.08.02 01:02:12 INFO  no build target found for /Users/nilayshrivastava/Documents/programming_language/scala/learning_scala/fp_in_scala/inorder.scala. Using presentation compiler with project's scala-library version: 3.8.4[0m
2026.08.02 01:02:12 INFO  no build target found for /Users/nilayshrivastava/Documents/programming_language/scala/learning_scala/fp_in_scala/inorder.scala. Using presentation compiler with project's scala-library version: 3.8.4[0m
2026.08.02 01:02:12 INFO  no build target found for /Users/nilayshrivastava/Documents/programming_language/scala/learning_scala/fp_in_scala/inorder.scala. Using presentation compiler with project's scala-library version: 3.8.4[0m
2026.08.02 01:02:13 INFO  no build target found for /Users/nilayshrivastava/Documents/programming_language/scala/learning_scala/fp_in_scala/inorder.scala. Using presentation compiler with project's scala-library version: 3.8.4[0m
2026.08.02 01:02:13 INFO  no build target found for /Users/nilayshrivastava/Documents/programming_language/scala/learning_scala/fp_in_scala/inorder.scala. Using presentation compiler with project's scala-library version: 3.8.4[0m
2026.08.02 01:02:13 INFO  no build target found for /Users/nilayshrivastava/Documents/programming_language/scala/learning_scala/fp_in_scala/inorder.scala. Using presentation compiler with project's scala-library version: 3.8.4[0m
2026.08.02 01:02:13 INFO  no build target found for /Users/nilayshrivastava/Documents/programming_language/scala/learning_scala/fp_in_scala/inorder.scala. Using presentation compiler with project's scala-library version: 3.8.4[0m
2026.08.02 01:02:13 INFO  no build target found for /Users/nilayshrivastava/Documents/programming_language/scala/learning_scala/fp_in_scala/inorder.scala. Using presentation compiler with project's scala-library version: 3.8.4[0m
2026.08.02 01:02:14 INFO  no build target found for /Users/nilayshrivastava/Documents/programming_language/scala/learning_scala/fp_in_scala/inorder.scala. Using presentation compiler with project's scala-library version: 3.8.4[0m
2026.08.02 01:02:18 INFO  no build target found for /Users/nilayshrivastava/Documents/programming_language/scala/learning_scala/fp_in_scala/inorder.scala. Using presentation compiler with project's scala-library version: 3.8.4[0m
2026.08.02 01:02:18 INFO  no build target found for /Users/nilayshrivastava/Documents/programming_language/scala/learning_scala/fp_in_scala/inorder.scala. Using presentation compiler with project's scala-library version: 3.8.4[0m
2026.08.02 01:02:18 INFO  no build target found for /Users/nilayshrivastava/Documents/programming_language/scala/learning_scala/fp_in_scala/inorder.scala. Using presentation compiler with project's scala-library version: 3.8.4[0m
2026.08.02 01:02:18 INFO  no build target found for /Users/nilayshrivastava/Documents/programming_language/scala/learning_scala/fp_in_scala/inorder.scala. Using presentation compiler with project's scala-library version: 3.8.4[0m
2026.08.02 01:02:18 INFO  no build target found for /Users/nilayshrivastava/Documents/programming_language/scala/learning_scala/fp_in_scala/inorder.scala. Using presentation compiler with project's scala-library version: 3.8.4[0m
2026.08.02 01:02:18 INFO  no build target found for /Users/nilayshrivastava/Documents/programming_language/scala/learning_scala/fp_in_scala/inorder.scala. Using presentation compiler with project's scala-library version: 3.8.4[0m
2026.08.02 01:02:18 INFO  no build target found for /Users/nilayshrivastava/Documents/programming_language/scala/learning_scala/fp_in_scala/inorder.scala. Using presentation compiler with project's scala-library version: 3.8.4[0m
2026.08.02 01:02:18 INFO  no build target found for /Users/nilayshrivastava/Documents/programming_language/scala/learning_scala/fp_in_scala/inorder.scala. Using presentation compiler with project's scala-library version: 3.8.4[0m
2026.08.02 01:02:19 INFO  no build target found for /Users/nilayshrivastava/Documents/programming_language/scala/learning_scala/fp_in_scala/inorder.scala. Using presentation compiler with project's scala-library version: 3.8.4[0m
2026.08.02 01:02:19 INFO  no build target found for /Users/nilayshrivastava/Documents/programming_language/scala/learning_scala/fp_in_scala/inorder.scala. Using presentation compiler with project's scala-library version: 3.8.4[0m
2026.08.02 01:02:19 INFO  no build target found for /Users/nilayshrivastava/Documents/programming_language/scala/learning_scala/fp_in_scala/inorder.scala. Using presentation compiler with project's scala-library version: 3.8.4[0m
2026.08.02 01:02:21 INFO  no build target found for /Users/nilayshrivastava/Documents/programming_language/scala/learning_scala/fp_in_scala/inorder.scala. Using presentation compiler with project's scala-library version: 3.8.4[0m
2026.08.02 01:02:21 INFO  no build target found for /Users/nilayshrivastava/Documents/programming_language/scala/learning_scala/fp_in_scala/inorder.scala. Using presentation compiler with project's scala-library version: 3.8.4[0m
2026.08.02 01:02:21 INFO  no build target found for /Users/nilayshrivastava/Documents/programming_language/scala/learning_scala/fp_in_scala/inorder.scala. Using presentation compiler with project's scala-library version: 3.8.4[0m
2026.08.02 01:02:42 INFO  no build target found for /Users/nilayshrivastava/Documents/programming_language/scala/learning_scala/fp_in_scala/inorder.scala. Using presentation compiler with project's scala-library version: 3.8.4[0m
2026.08.02 01:02:42 INFO  no build target found for /Users/nilayshrivastava/Documents/programming_language/scala/learning_scala/fp_in_scala/inorder.scala. Using presentation compiler with project's scala-library version: 3.8.4[0m
2026.08.02 01:02:42 INFO  no build target found for /Users/nilayshrivastava/Documents/programming_language/scala/learning_scala/fp_in_scala/inorder.scala. Using presentation compiler with project's scala-library version: 3.8.4[0m
2026.08.02 01:02:42 INFO  no build target found for /Users/nilayshrivastava/Documents/programming_language/scala/learning_scala/fp_in_scala/inorder.scala. Using presentation compiler with project's scala-library version: 3.8.4[0m
2026.08.02 01:02:42 INFO  no build target found for /Users/nilayshrivastava/Documents/programming_language/scala/learning_scala/fp_in_scala/inorder.scala. Using presentation compiler with project's scala-library version: 3.8.4[0m
2026.08.02 01:13:12 INFO  no build target found for /Users/nilayshrivastava/Documents/programming_language/scala/learning_scala/fp_in_scala/inorder.scala. Using presentation compiler with project's scala-library version: 3.8.4[0m
2026.08.02 01:13:12 INFO  no build target found for /Users/nilayshrivastava/Documents/programming_language/scala/learning_scala/fp_in_scala/inorder.scala. Using presentation compiler with project's scala-library version: 3.8.4[0m
2026.08.02 01:13:13 INFO  no build target found for /Users/nilayshrivastava/Documents/programming_language/scala/learning_scala/fp_in_scala/inorder.scala. Using presentation compiler with project's scala-library version: 3.8.4[0m
2026.08.02 01:13:13 INFO  no build target found for /Users/nilayshrivastava/Documents/programming_language/scala/learning_scala/fp_in_scala/inorder.scala. Using presentation compiler with project's scala-library version: 3.8.4[0m
2026.08.02 01:13:13 INFO  no build target found for /Users/nilayshrivastava/Documents/programming_language/scala/learning_scala/fp_in_scala/inorder.scala. Using presentation compiler with project's scala-library version: 3.8.4[0m
2026.08.02 01:13:13 INFO  no build target found for /Users/nilayshrivastava/Documents/programming_language/scala/learning_scala/fp_in_scala/inorder.scala. Using presentation compiler with project's scala-library version: 3.8.4[0m
2026.08.02 01:13:13 INFO  no build target found for /Users/nilayshrivastava/Documents/programming_language/scala/learning_scala/fp_in_scala/inorder.scala. Using presentation compiler with project's scala-library version: 3.8.4[0m
2026.08.02 01:13:13 INFO  no build target found for /Users/nilayshrivastava/Documents/programming_language/scala/learning_scala/fp_in_scala/inorder.scala. Using presentation compiler with project's scala-library version: 3.8.4[0m
2026.08.02 01:13:13 INFO  no build target found for /Users/nilayshrivastava/Documents/programming_language/scala/learning_scala/fp_in_scala/inorder.scala. Using presentation compiler with project's scala-library version: 3.8.4[0m
2026.08.02 01:13:13 INFO  no build target found for /Users/nilayshrivastava/Documents/programming_language/scala/learning_scala/fp_in_scala/inorder.scala. Using presentation compiler with project's scala-library version: 3.8.4[0m
2026.08.02 01:13:15 INFO  no build target found for /Users/nilayshrivastava/Documents/programming_language/scala/learning_scala/fp_in_scala/inorder.scala. Using presentation compiler with project's scala-library version: 3.8.4[0m
2026.08.02 01:13:15 INFO  no build target found for /Users/nilayshrivastava/Documents/programming_language/scala/learning_scala/fp_in_scala/inorder.scala. Using presentation compiler with project's scala-library version: 3.8.4[0m
2026.08.02 01:13:15 INFO  no build target found for /Users/nilayshrivastava/Documents/programming_language/scala/learning_scala/fp_in_scala/inorder.scala. Using presentation compiler with project's scala-library version: 3.8.4[0m
2026.08.02 01:13:15 INFO  no build target found for /Users/nilayshrivastava/Documents/programming_language/scala/learning_scala/fp_in_scala/inorder.scala. Using presentation compiler with project's scala-library version: 3.8.4[0m
2026.08.02 01:13:15 INFO  no build target found for /Users/nilayshrivastava/Documents/programming_language/scala/learning_scala/fp_in_scala/inorder.scala. Using presentation compiler with project's scala-library version: 3.8.4[0m
2026.08.02 01:13:15 INFO  no build target found for /Users/nilayshrivastava/Documents/programming_language/scala/learning_scala/fp_in_scala/inorder.scala. Using presentation compiler with project's scala-library version: 3.8.4[0m
2026.08.02 01:13:15 INFO  no build target found for /Users/nilayshrivastava/Documents/programming_language/scala/learning_scala/fp_in_scala/inorder.scala. Using presentation compiler with project's scala-library version: 3.8.4[0m
2026.08.02 01:13:15 INFO  no build target found for /Users/nilayshrivastava/Documents/programming_language/scala/learning_scala/fp_in_scala/inorder.scala. Using presentation compiler with project's scala-library version: 3.8.4[0m
2026.08.02 01:13:20 INFO  no build target found for /Users/nilayshrivastava/Documents/programming_language/scala/learning_scala/fp_in_scala/inorder.scala. Using presentation compiler with project's scala-library version: 3.8.4[0m
2026.08.02 01:13:20 INFO  no build target found for /Users/nilayshrivastava/Documents/programming_language/scala/learning_scala/fp_in_scala/inorder.scala. Using presentation compiler with project's scala-library version: 3.8.4[0m
2026.08.02 01:13:20 INFO  no build target found for /Users/nilayshrivastava/Documents/programming_language/scala/learning_scala/fp_in_scala/inorder.scala. Using presentation compiler with project's scala-library version: 3.8.4[0m
2026.08.02 01:13:20 INFO  no build target found for /Users/nilayshrivastava/Documents/programming_language/scala/learning_scala/fp_in_scala/inorder.scala. Using presentation compiler with project's scala-library version: 3.8.4[0m
2026.08.02 01:13:20 INFO  no build target found for /Users/nilayshrivastava/Documents/programming_language/scala/learning_scala/fp_in_scala/inorder.scala. Using presentation compiler with project's scala-library version: 3.8.4[0m
2026.08.02 01:13:20 INFO  no build target found for /Users/nilayshrivastava/Documents/programming_language/scala/learning_scala/fp_in_scala/inorder.scala. Using presentation compiler with project's scala-library version: 3.8.4[0m
2026.08.02 01:13:20 INFO  no build target found for /Users/nilayshrivastava/Documents/programming_language/scala/learning_scala/fp_in_scala/inorder.scala. Using presentation compiler with project's scala-library version: 3.8.4[0m
2026.08.02 01:13:20 INFO  no build target found for /Users/nilayshrivastava/Documents/programming_language/scala/learning_scala/fp_in_scala/inorder.scala. Using presentation compiler with project's scala-library version: 3.8.4[0m
2026.08.02 01:13:20 INFO  no build target found for /Users/nilayshrivastava/Documents/programming_language/scala/learning_scala/fp_in_scala/inorder.scala. Using presentation compiler with project's scala-library version: 3.8.4[0m
2026.08.02 01:13:21 INFO  no build target found for /Users/nilayshrivastava/Documents/programming_language/scala/learning_scala/fp_in_scala/inorder.scala. Using presentation compiler with project's scala-library version: 3.8.4[0m
2026.08.02 01:13:21 INFO  no build target found for /Users/nilayshrivastava/Documents/programming_language/scala/learning_scala/fp_in_scala/inorder.scala. Using presentation compiler with project's scala-library version: 3.8.4[0m
2026.08.02 01:13:21 INFO  no build target found for /Users/nilayshrivastava/Documents/programming_language/scala/learning_scala/fp_in_scala/inorder.scala. Using presentation compiler with project's scala-library version: 3.8.4[0m
2026.08.02 01:13:22 INFO  no build target found for /Users/nilayshrivastava/Documents/programming_language/scala/learning_scala/fp_in_scala/inorder.scala. Using presentation compiler with project's scala-library version: 3.8.4[0m
2026.08.02 01:13:22 INFO  no build target found for /Users/nilayshrivastava/Documents/programming_language/scala/learning_scala/fp_in_scala/inorder.scala. Using presentation compiler with project's scala-library version: 3.8.4[0m
2026.08.02 01:13:22 INFO  no build target found for /Users/nilayshrivastava/Documents/programming_language/scala/learning_scala/fp_in_scala/inorder.scala. Using presentation compiler with project's scala-library version: 3.8.4[0m
2026.08.02 01:13:22 INFO  no build target found for /Users/nilayshrivastava/Documents/programming_language/scala/learning_scala/fp_in_scala/inorder.scala. Using presentation compiler with project's scala-library version: 3.8.4[0m
2026.08.02 01:13:22 INFO  no build target found for /Users/nilayshrivastava/Documents/programming_language/scala/learning_scala/fp_in_scala/inorder.scala. Using presentation compiler with project's scala-library version: 3.8.4[0m
2026.08.02 01:13:23 INFO  no build target found for /Users/nilayshrivastava/Documents/programming_language/scala/learning_scala/fp_in_scala/inorder.scala. Using presentation compiler with project's scala-library version: 3.8.4[0m
2026.08.02 01:13:23 INFO  no build target found for /Users/nilayshrivastava/Documents/programming_language/scala/learning_scala/fp_in_scala/inorder.scala. Using presentation compiler with project's scala-library version: 3.8.4[0m
2026.08.02 01:13:23 INFO  no build target found for /Users/nilayshrivastava/Documents/programming_language/scala/learning_scala/fp_in_scala/inorder.scala. Using presentation compiler with project's scala-library version: 3.8.4[0m
2026.08.02 01:13:32 INFO  no build target found for /Users/nilayshrivastava/Documents/programming_language/scala/learning_scala/fp_in_scala/inorder.scala. Using presentation compiler with project's scala-library version: 3.8.4[0m
2026.08.02 01:13:32 INFO  no build target found for /Users/nilayshrivastava/Documents/programming_language/scala/learning_scala/fp_in_scala/inorder.scala. Using presentation compiler with project's scala-library version: 3.8.4[0m
2026.08.02 01:13:32 INFO  no build target found for /Users/nilayshrivastava/Documents/programming_language/scala/learning_scala/fp_in_scala/inorder.scala. Using presentation compiler with project's scala-library version: 3.8.4[0m
2026.08.02 01:13:32 INFO  no build target found for /Users/nilayshrivastava/Documents/programming_language/scala/learning_scala/fp_in_scala/inorder.scala. Using presentation compiler with project's scala-library version: 3.8.4[0m
2026.08.02 01:13:32 INFO  no build target found for /Users/nilayshrivastava/Documents/programming_language/scala/learning_scala/fp_in_scala/inorder.scala. Using presentation compiler with project's scala-library version: 3.8.4[0m
2026.08.02 01:13:32 INFO  no build target found for /Users/nilayshrivastava/Documents/programming_language/scala/learning_scala/fp_in_scala/inorder.scala. Using presentation compiler with project's scala-library version: 3.8.4[0m
2026.08.02 01:13:32 INFO  no build target found for /Users/nilayshrivastava/Documents/programming_language/scala/learning_scala/fp_in_scala/inorder.scala. Using presentation compiler with project's scala-library version: 3.8.4[0m
2026.08.02 01:13:32 INFO  no build target found for /Users/nilayshrivastava/Documents/programming_language/scala/learning_scala/fp_in_scala/inorder.scala. Using presentation compiler with project's scala-library version: 3.8.4[0m
2026.08.02 01:13:32 INFO  no build target found for /Users/nilayshrivastava/Documents/programming_language/scala/learning_scala/fp_in_scala/inorder.scala. Using presentation compiler with project's scala-library version: 3.8.4[0m
2026.08.02 01:13:32 INFO  no build target found for /Users/nilayshrivastava/Documents/programming_language/scala/learning_scala/fp_in_scala/inorder.scala. Using presentation compiler with project's scala-library version: 3.8.4[0m
2026.08.02 01:13:32 INFO  no build target found for /Users/nilayshrivastava/Documents/programming_language/scala/learning_scala/fp_in_scala/inorder.scala. Using presentation compiler with project's scala-library version: 3.8.4[0m
2026.08.02 01:13:32 INFO  no build target found for /Users/nilayshrivastava/Documents/programming_language/scala/learning_scala/fp_in_scala/inorder.scala. Using presentation compiler with project's scala-library version: 3.8.4[0m
2026.08.02 01:13:32 INFO  no build target found for /Users/nilayshrivastava/Documents/programming_language/scala/learning_scala/fp_in_scala/inorder.scala. Using presentation compiler with project's scala-library version: 3.8.4[0m
2026.08.02 01:13:33 INFO  no build target found for /Users/nilayshrivastava/Documents/programming_language/scala/learning_scala/fp_in_scala/inorder.scala. Using presentation compiler with project's scala-library version: 3.8.4[0m
2026.08.02 01:13:33 INFO  no build target found for /Users/nilayshrivastava/Documents/programming_language/scala/learning_scala/fp_in_scala/inorder.scala. Using presentation compiler with project's scala-library version: 3.8.4[0m
2026.08.02 01:13:33 INFO  no build target found for /Users/nilayshrivastava/Documents/programming_language/scala/learning_scala/fp_in_scala/inorder.scala. Using presentation compiler with project's scala-library version: 3.8.4[0m
2026.08.02 01:13:33 INFO  no build target found for /Users/nilayshrivastava/Documents/programming_language/scala/learning_scala/fp_in_scala/inorder.scala. Using presentation compiler with project's scala-library version: 3.8.4[0m
2026.08.02 01:13:33 INFO  no build target found for /Users/nilayshrivastava/Documents/programming_language/scala/learning_scala/fp_in_scala/inorder.scala. Using presentation compiler with project's scala-library version: 3.8.4[0m
2026.08.02 01:13:33 INFO  no build target found for /Users/nilayshrivastava/Documents/programming_language/scala/learning_scala/fp_in_scala/inorder.scala. Using presentation compiler with project's scala-library version: 3.8.4[0m
2026.08.02 01:13:33 INFO  no build target found for /Users/nilayshrivastava/Documents/programming_language/scala/learning_scala/fp_in_scala/inorder.scala. Using presentation compiler with project's scala-library version: 3.8.4[0m
2026.08.02 01:13:33 INFO  no build target found for /Users/nilayshrivastava/Documents/programming_language/scala/learning_scala/fp_in_scala/inorder.scala. Using presentation compiler with project's scala-library version: 3.8.4[0m
2026.08.02 01:13:33 INFO  no build target found for /Users/nilayshrivastava/Documents/programming_language/scala/learning_scala/fp_in_scala/inorder.scala. Using presentation compiler with project's scala-library version: 3.8.4[0m
2026.08.02 01:13:35 INFO  no build target found for /Users/nilayshrivastava/Documents/programming_language/scala/learning_scala/fp_in_scala/inorder.scala. Using presentation compiler with project's scala-library version: 3.8.4[0m
2026.08.02 01:13:35 INFO  no build target found for /Users/nilayshrivastava/Documents/programming_language/scala/learning_scala/fp_in_scala/inorder.scala. Using presentation compiler with project's scala-library version: 3.8.4[0m
2026.08.02 01:13:35 INFO  no build target found for /Users/nilayshrivastava/Documents/programming_language/scala/learning_scala/fp_in_scala/inorder.scala. Using presentation compiler with project's scala-library version: 3.8.4[0m
2026.08.02 01:13:35 INFO  no build target found for /Users/nilayshrivastava/Documents/programming_language/scala/learning_scala/fp_in_scala/inorder.scala. Using presentation compiler with project's scala-library version: 3.8.4[0m
2026.08.02 01:13:35 INFO  no build target found for /Users/nilayshrivastava/Documents/programming_language/scala/learning_scala/fp_in_scala/inorder.scala. Using presentation compiler with project's scala-library version: 3.8.4[0m
2026.08.02 01:13:35 INFO  no build target found for /Users/nilayshrivastava/Documents/programming_language/scala/learning_scala/fp_in_scala/inorder.scala. Using presentation compiler with project's scala-library version: 3.8.4[0m
2026.08.02 01:13:35 INFO  no build target found for /Users/nilayshrivastava/Documents/programming_language/scala/learning_scala/fp_in_scala/inorder.scala. Using presentation compiler with project's scala-library version: 3.8.4[0m
2026.08.02 01:13:37 INFO  no build target found for /Users/nilayshrivastava/Documents/programming_language/scala/learning_scala/fp_in_scala/inorder.scala. Using presentation compiler with project's scala-library version: 3.8.4[0m
2026.08.02 01:13:37 INFO  no build target found for /Users/nilayshrivastava/Documents/programming_language/scala/learning_scala/fp_in_scala/inorder.scala. Using presentation compiler with project's scala-library version: 3.8.4[0m
2026.08.02 01:13:39 INFO  no build target found for /Users/nilayshrivastava/Documents/programming_language/scala/learning_scala/fp_in_scala/inorder.scala. Using presentation compiler with project's scala-library version: 3.8.4[0m
2026.08.02 01:13:48 INFO  no build target found for /Users/nilayshrivastava/Documents/programming_language/scala/learning_scala/fp_in_scala/inorder.scala. Using presentation compiler with project's scala-library version: 3.8.4[0m
2026.08.02 01:13:49 INFO  no build target found for /Users/nilayshrivastava/Documents/programming_language/scala/learning_scala/fp_in_scala/inorder.scala. Using presentation compiler with project's scala-library version: 3.8.4[0m
2026.08.02 01:13:49 INFO  no build target found for /Users/nilayshrivastava/Documents/programming_language/scala/learning_scala/fp_in_scala/inorder.scala. Using presentation compiler with project's scala-library version: 3.8.4[0m
2026.08.02 01:13:49 INFO  no build target found for /Users/nilayshrivastava/Documents/programming_language/scala/learning_scala/fp_in_scala/inorder.scala. Using presentation compiler with project's scala-library version: 3.8.4[0m
2026.08.02 01:13:49 INFO  no build target found for /Users/nilayshrivastava/Documents/programming_language/scala/learning_scala/fp_in_scala/inorder.scala. Using presentation compiler with project's scala-library version: 3.8.4[0m
2026.08.02 01:13:49 INFO  no build target found for /Users/nilayshrivastava/Documents/programming_language/scala/learning_scala/fp_in_scala/inorder.scala. Using presentation compiler with project's scala-library version: 3.8.4[0m
2026.08.02 01:13:50 INFO  no build target found for /Users/nilayshrivastava/Documents/programming_language/scala/learning_scala/fp_in_scala/inorder.scala. Using presentation compiler with project's scala-library version: 3.8.4[0m
2026.08.02 01:13:50 INFO  no build target found for /Users/nilayshrivastava/Documents/programming_language/scala/learning_scala/fp_in_scala/inorder.scala. Using presentation compiler with project's scala-library version: 3.8.4[0m
2026.08.02 01:13:50 INFO  no build target found for /Users/nilayshrivastava/Documents/programming_language/scala/learning_scala/fp_in_scala/inorder.scala. Using presentation compiler with project's scala-library version: 3.8.4[0m
2026.08.02 01:13:50 INFO  no build target found for /Users/nilayshrivastava/Documents/programming_language/scala/learning_scala/fp_in_scala/inorder.scala. Using presentation compiler with project's scala-library version: 3.8.4[0m
2026.08.02 01:13:50 INFO  no build target found for /Users/nilayshrivastava/Documents/programming_language/scala/learning_scala/fp_in_scala/inorder.scala. Using presentation compiler with project's scala-library version: 3.8.4[0m
2026.08.02 01:13:50 INFO  no build target found for /Users/nilayshrivastava/Documents/programming_language/scala/learning_scala/fp_in_scala/inorder.scala. Using presentation compiler with project's scala-library version: 3.8.4[0m
2026.08.02 01:13:51 INFO  no build target found for /Users/nilayshrivastava/Documents/programming_language/scala/learning_scala/fp_in_scala/inorder.scala. Using presentation compiler with project's scala-library version: 3.8.4[0m
2026.08.02 01:13:51 INFO  no build target found for /Users/nilayshrivastava/Documents/programming_language/scala/learning_scala/fp_in_scala/inorder.scala. Using presentation compiler with project's scala-library version: 3.8.4[0m
2026.08.02 01:13:51 INFO  no build target found for /Users/nilayshrivastava/Documents/programming_language/scala/learning_scala/fp_in_scala/inorder.scala. Using presentation compiler with project's scala-library version: 3.8.4[0m
2026.08.02 01:13:51 INFO  no build target found for /Users/nilayshrivastava/Documents/programming_language/scala/learning_scala/fp_in_scala/inorder.scala. Using presentation compiler with project's scala-library version: 3.8.4[0m
2026.08.02 01:13:51 INFO  no build target found for /Users/nilayshrivastava/Documents/programming_language/scala/learning_scala/fp_in_scala/inorder.scala. Using presentation compiler with project's scala-library version: 3.8.4[0m
2026.08.02 01:13:53 INFO  no build target found for /Users/nilayshrivastava/Documents/programming_language/scala/learning_scala/fp_in_scala/inorder.scala. Using presentation compiler with project's scala-library version: 3.8.4[0m
2026.08.02 01:13:53 INFO  no build target found for /Users/nilayshrivastava/Documents/programming_language/scala/learning_scala/fp_in_scala/inorder.scala. Using presentation compiler with project's scala-library version: 3.8.4[0m
2026.08.02 01:13:53 INFO  no build target found for /Users/nilayshrivastava/Documents/programming_language/scala/learning_scala/fp_in_scala/inorder.scala. Using presentation compiler with project's scala-library version: 3.8.4[0m
2026.08.02 01:13:53 INFO  no build target found for /Users/nilayshrivastava/Documents/programming_language/scala/learning_scala/fp_in_scala/inorder.scala. Using presentation compiler with project's scala-library version: 3.8.4[0m
2026.08.02 01:13:53 INFO  no build target found for /Users/nilayshrivastava/Documents/programming_language/scala/learning_scala/fp_in_scala/inorder.scala. Using presentation compiler with project's scala-library version: 3.8.4[0m
2026.08.02 01:13:53 INFO  no build target found for /Users/nilayshrivastava/Documents/programming_language/scala/learning_scala/fp_in_scala/inorder.scala. Using presentation compiler with project's scala-library version: 3.8.4[0m
2026.08.02 01:13:54 INFO  no build target found for /Users/nilayshrivastava/Documents/programming_language/scala/learning_scala/fp_in_scala/inorder.scala. Using presentation compiler with project's scala-library version: 3.8.4[0m
2026.08.02 01:13:54 INFO  no build target found for /Users/nilayshrivastava/Documents/programming_language/scala/learning_scala/fp_in_scala/inorder.scala. Using presentation compiler with project's scala-library version: 3.8.4[0m
2026.08.02 01:13:58 INFO  no build target found for /Users/nilayshrivastava/Documents/programming_language/scala/learning_scala/fp_in_scala/inorder.scala. Using presentation compiler with project's scala-library version: 3.8.4[0m
2026.08.02 01:13:58 INFO  no build target found for /Users/nilayshrivastava/Documents/programming_language/scala/learning_scala/fp_in_scala/inorder.scala. Using presentation compiler with project's scala-library version: 3.8.4[0m
2026.08.02 01:13:59 INFO  no build target found for /Users/nilayshrivastava/Documents/programming_language/scala/learning_scala/fp_in_scala/inorder.scala. Using presentation compiler with project's scala-library version: 3.8.4[0m
2026.08.02 01:14:01 INFO  no build target found for /Users/nilayshrivastava/Documents/programming_language/scala/learning_scala/fp_in_scala/inorder.scala. Using presentation compiler with project's scala-library version: 3.8.4[0m
2026.08.02 01:14:01 INFO  no build target found for /Users/nilayshrivastava/Documents/programming_language/scala/learning_scala/fp_in_scala/inorder.scala. Using presentation compiler with project's scala-library version: 3.8.4[0m
2026.08.02 01:14:01 INFO  no build target found for /Users/nilayshrivastava/Documents/programming_language/scala/learning_scala/fp_in_scala/inorder.scala. Using presentation compiler with project's scala-library version: 3.8.4[0m
2026.08.02 01:14:01 INFO  no build target found for /Users/nilayshrivastava/Documents/programming_language/scala/learning_scala/fp_in_scala/inorder.scala. Using presentation compiler with project's scala-library version: 3.8.4[0m
2026.08.02 01:14:01 INFO  no build target found for /Users/nilayshrivastava/Documents/programming_language/scala/learning_scala/fp_in_scala/inorder.scala. Using presentation compiler with project's scala-library version: 3.8.4[0m
2026.08.02 01:14:01 INFO  no build target found for /Users/nilayshrivastava/Documents/programming_language/scala/learning_scala/fp_in_scala/inorder.scala. Using presentation compiler with project's scala-library version: 3.8.4[0m
2026.08.02 01:14:01 INFO  no build target found for /Users/nilayshrivastava/Documents/programming_language/scala/learning_scala/fp_in_scala/inorder.scala. Using presentation compiler with project's scala-library version: 3.8.4[0m
2026.08.02 01:14:01 INFO  no build target found for /Users/nilayshrivastava/Documents/programming_language/scala/learning_scala/fp_in_scala/inorder.scala. Using presentation compiler with project's scala-library version: 3.8.4[0m
2026.08.02 01:14:01 INFO  no build target found for /Users/nilayshrivastava/Documents/programming_language/scala/learning_scala/fp_in_scala/inorder.scala. Using presentation compiler with project's scala-library version: 3.8.4[0m
2026.08.02 01:14:02 INFO  no build target found for /Users/nilayshrivastava/Documents/programming_language/scala/learning_scala/fp_in_scala/inorder.scala. Using presentation compiler with project's scala-library version: 3.8.4[0m
2026.08.02 01:14:02 INFO  no build target found for /Users/nilayshrivastava/Documents/programming_language/scala/learning_scala/fp_in_scala/inorder.scala. Using presentation compiler with project's scala-library version: 3.8.4[0m
2026.08.02 01:14:02 INFO  no build target found for /Users/nilayshrivastava/Documents/programming_language/scala/learning_scala/fp_in_scala/inorder.scala. Using presentation compiler with project's scala-library version: 3.8.4[0m
2026.08.02 01:14:02 INFO  no build target found for /Users/nilayshrivastava/Documents/programming_language/scala/learning_scala/fp_in_scala/inorder.scala. Using presentation compiler with project's scala-library version: 3.8.4[0m
2026.08.02 01:14:02 INFO  no build target found for /Users/nilayshrivastava/Documents/programming_language/scala/learning_scala/fp_in_scala/inorder.scala. Using presentation compiler with project's scala-library version: 3.8.4[0m
2026.08.02 01:14:02 INFO  no build target found for /Users/nilayshrivastava/Documents/programming_language/scala/learning_scala/fp_in_scala/inorder.scala. Using presentation compiler with project's scala-library version: 3.8.4[0m
2026.08.02 01:14:02 INFO  no build target found for /Users/nilayshrivastava/Documents/programming_language/scala/learning_scala/fp_in_scala/inorder.scala. Using presentation compiler with project's scala-library version: 3.8.4[0m
2026.08.02 01:14:03 INFO  no build target found for /Users/nilayshrivastava/Documents/programming_language/scala/learning_scala/fp_in_scala/inorder.scala. Using presentation compiler with project's scala-library version: 3.8.4[0m
2026.08.02 01:14:03 INFO  no build target found for /Users/nilayshrivastava/Documents/programming_language/scala/learning_scala/fp_in_scala/inorder.scala. Using presentation compiler with project's scala-library version: 3.8.4[0m
2026.08.02 01:14:03 INFO  no build target found for /Users/nilayshrivastava/Documents/programming_language/scala/learning_scala/fp_in_scala/inorder.scala. Using presentation compiler with project's scala-library version: 3.8.4[0m
2026.08.02 01:14:04 INFO  no build target found for /Users/nilayshrivastava/Documents/programming_language/scala/learning_scala/fp_in_scala/inorder.scala. Using presentation compiler with project's scala-library version: 3.8.4[0m
2026.08.02 01:14:04 INFO  no build target found for /Users/nilayshrivastava/Documents/programming_language/scala/learning_scala/fp_in_scala/inorder.scala. Using presentation compiler with project's scala-library version: 3.8.4[0m
2026.08.02 01:14:04 INFO  no build target found for /Users/nilayshrivastava/Documents/programming_language/scala/learning_scala/fp_in_scala/inorder.scala. Using presentation compiler with project's scala-library version: 3.8.4[0m
2026.08.02 01:14:06 INFO  no build target found for /Users/nilayshrivastava/Documents/programming_language/scala/learning_scala/fp_in_scala/inorder.scala. Using presentation compiler with project's scala-library version: 3.8.4[0m
2026.08.02 01:14:06 INFO  no build target found for /Users/nilayshrivastava/Documents/programming_language/scala/learning_scala/fp_in_scala/inorder.scala. Using presentation compiler with project's scala-library version: 3.8.4[0m
2026.08.02 01:14:06 INFO  no build target found for /Users/nilayshrivastava/Documents/programming_language/scala/learning_scala/fp_in_scala/inorder.scala. Using presentation compiler with project's scala-library version: 3.8.4[0m
2026.08.02 01:14:06 INFO  no build target found for /Users/nilayshrivastava/Documents/programming_language/scala/learning_scala/fp_in_scala/inorder.scala. Using presentation compiler with project's scala-library version: 3.8.4[0m
2026.08.02 01:14:06 INFO  no build target found for /Users/nilayshrivastava/Documents/programming_language/scala/learning_scala/fp_in_scala/inorder.scala. Using presentation compiler with project's scala-library version: 3.8.4[0m
2026.08.02 01:14:06 INFO  no build target found for /Users/nilayshrivastava/Documents/programming_language/scala/learning_scala/fp_in_scala/inorder.scala. Using presentation compiler with project's scala-library version: 3.8.4[0m
2026.08.02 01:14:06 INFO  no build target found for /Users/nilayshrivastava/Documents/programming_language/scala/learning_scala/fp_in_scala/inorder.scala. Using presentation compiler with project's scala-library version: 3.8.4[0m
2026.08.02 01:14:06 INFO  no build target found for /Users/nilayshrivastava/Documents/programming_language/scala/learning_scala/fp_in_scala/inorder.scala. Using presentation compiler with project's scala-library version: 3.8.4[0m
2026.08.02 01:14:06 INFO  no build target found for /Users/nilayshrivastava/Documents/programming_language/scala/learning_scala/fp_in_scala/inorder.scala. Using presentation compiler with project's scala-library version: 3.8.4[0m
2026.08.02 01:14:06 INFO  no build target found for /Users/nilayshrivastava/Documents/programming_language/scala/learning_scala/fp_in_scala/inorder.scala. Using presentation compiler with project's scala-library version: 3.8.4[0m
2026.08.02 01:14:06 INFO  no build target found for /Users/nilayshrivastava/Documents/programming_language/scala/learning_scala/fp_in_scala/inorder.scala. Using presentation compiler with project's scala-library version: 3.8.4[0m
2026.08.02 01:14:06 INFO  no build target found for /Users/nilayshrivastava/Documents/programming_language/scala/learning_scala/fp_in_scala/inorder.scala. Using presentation compiler with project's scala-library version: 3.8.4[0m
2026.08.02 01:14:06 INFO  no build target found for /Users/nilayshrivastava/Documents/programming_language/scala/learning_scala/fp_in_scala/inorder.scala. Using presentation compiler with project's scala-library version: 3.8.4[0m
2026.08.02 01:14:06 INFO  no build target found for /Users/nilayshrivastava/Documents/programming_language/scala/learning_scala/fp_in_scala/inorder.scala. Using presentation compiler with project's scala-library version: 3.8.4[0m
2026.08.02 01:14:06 INFO  no build target found for /Users/nilayshrivastava/Documents/programming_language/scala/learning_scala/fp_in_scala/inorder.scala. Using presentation compiler with project's scala-library version: 3.8.4[0m
2026.08.02 01:14:07 INFO  no build target found for /Users/nilayshrivastava/Documents/programming_language/scala/learning_scala/fp_in_scala/inorder.scala. Using presentation compiler with project's scala-library version: 3.8.4[0m
2026.08.02 01:14:07 INFO  no build target found for /Users/nilayshrivastava/Documents/programming_language/scala/learning_scala/fp_in_scala/inorder.scala. Using presentation compiler with project's scala-library version: 3.8.4[0m
2026.08.02 01:14:08 INFO  no build target found for /Users/nilayshrivastava/Documents/programming_language/scala/learning_scala/fp_in_scala/inorder.scala. Using presentation compiler with project's scala-library version: 3.8.4[0m
2026.08.02 01:14:08 INFO  no build target found for /Users/nilayshrivastava/Documents/programming_language/scala/learning_scala/fp_in_scala/inorder.scala. Using presentation compiler with project's scala-library version: 3.8.4[0m
2026.08.02 01:14:08 INFO  no build target found for /Users/nilayshrivastava/Documents/programming_language/scala/learning_scala/fp_in_scala/inorder.scala. Using presentation compiler with project's scala-library version: 3.8.4[0m
2026.08.02 01:14:08 INFO  no build target found for /Users/nilayshrivastava/Documents/programming_language/scala/learning_scala/fp_in_scala/inorder.scala. Using presentation compiler with project's scala-library version: 3.8.4[0m
2026.08.02 01:14:08 INFO  no build target found for /Users/nilayshrivastava/Documents/programming_language/scala/learning_scala/fp_in_scala/inorder.scala. Using presentation compiler with project's scala-library version: 3.8.4[0m
2026.08.02 01:14:08 INFO  no build target found for /Users/nilayshrivastava/Documents/programming_language/scala/learning_scala/fp_in_scala/inorder.scala. Using presentation compiler with project's scala-library version: 3.8.4[0m
2026.08.02 01:14:10 INFO  no build target found for /Users/nilayshrivastava/Documents/programming_language/scala/learning_scala/fp_in_scala/inorder.scala. Using presentation compiler with project's scala-library version: 3.8.4[0m
2026.08.02 01:14:10 INFO  no build target found for /Users/nilayshrivastava/Documents/programming_language/scala/learning_scala/fp_in_scala/inorder.scala. Using presentation compiler with project's scala-library version: 3.8.4[0m
2026.08.02 01:14:10 INFO  no build target found for /Users/nilayshrivastava/Documents/programming_language/scala/learning_scala/fp_in_scala/inorder.scala. Using presentation compiler with project's scala-library version: 3.8.4[0m
2026.08.02 01:14:10 INFO  no build target found for /Users/nilayshrivastava/Documents/programming_language/scala/learning_scala/fp_in_scala/inorder.scala. Using presentation compiler with project's scala-library version: 3.8.4[0m
2026.08.02 01:14:10 INFO  no build target found for /Users/nilayshrivastava/Documents/programming_language/scala/learning_scala/fp_in_scala/inorder.scala. Using presentation compiler with project's scala-library version: 3.8.4[0m
2026.08.02 01:14:10 INFO  no build target found for /Users/nilayshrivastava/Documents/programming_language/scala/learning_scala/fp_in_scala/inorder.scala. Using presentation compiler with project's scala-library version: 3.8.4[0m
2026.08.02 01:14:10 INFO  no build target found for /Users/nilayshrivastava/Documents/programming_language/scala/learning_scala/fp_in_scala/inorder.scala. Using presentation compiler with project's scala-library version: 3.8.4[0m
2026.08.02 01:14:10 INFO  no build target found for /Users/nilayshrivastava/Documents/programming_language/scala/learning_scala/fp_in_scala/inorder.scala. Using presentation compiler with project's scala-library version: 3.8.4[0m
2026.08.02 01:14:10 INFO  no build target found for /Users/nilayshrivastava/Documents/programming_language/scala/learning_scala/fp_in_scala/inorder.scala. Using presentation compiler with project's scala-library version: 3.8.4[0m
2026.08.02 01:14:11 INFO  no build target found for /Users/nilayshrivastava/Documents/programming_language/scala/learning_scala/fp_in_scala/inorder.scala. Using presentation compiler with project's scala-library version: 3.8.4[0m
2026.08.02 01:14:11 INFO  no build target found for /Users/nilayshrivastava/Documents/programming_language/scala/learning_scala/fp_in_scala/inorder.scala. Using presentation compiler with project's scala-library version: 3.8.4[0m
2026.08.02 01:14:11 INFO  no build target found for /Users/nilayshrivastava/Documents/programming_language/scala/learning_scala/fp_in_scala/inorder.scala. Using presentation compiler with project's scala-library version: 3.8.4[0m
2026.08.02 01:14:11 INFO  no build target found for /Users/nilayshrivastava/Documents/programming_language/scala/learning_scala/fp_in_scala/inorder.scala. Using presentation compiler with project's scala-library version: 3.8.4[0m
2026.08.02 01:14:11 INFO  no build target found for /Users/nilayshrivastava/Documents/programming_language/scala/learning_scala/fp_in_scala/inorder.scala. Using presentation compiler with project's scala-library version: 3.8.4[0m
2026.08.02 01:14:12 INFO  no build target found for /Users/nilayshrivastava/Documents/programming_language/scala/learning_scala/fp_in_scala/inorder.scala. Using presentation compiler with project's scala-library version: 3.8.4[0m
2026.08.02 01:14:12 INFO  no build target found for /Users/nilayshrivastava/Documents/programming_language/scala/learning_scala/fp_in_scala/inorder.scala. Using presentation compiler with project's scala-library version: 3.8.4[0m
2026.08.02 01:14:12 INFO  no build target found for /Users/nilayshrivastava/Documents/programming_language/scala/learning_scala/fp_in_scala/inorder.scala. Using presentation compiler with project's scala-library version: 3.8.4[0m
2026.08.02 01:14:12 INFO  no build target found for /Users/nilayshrivastava/Documents/programming_language/scala/learning_scala/fp_in_scala/inorder.scala. Using presentation compiler with project's scala-library version: 3.8.4[0m
2026.08.02 01:14:12 INFO  no build target found for /Users/nilayshrivastava/Documents/programming_language/scala/learning_scala/fp_in_scala/inorder.scala. Using presentation compiler with project's scala-library version: 3.8.4[0m
2026.08.02 01:14:13 INFO  no build target found for /Users/nilayshrivastava/Documents/programming_language/scala/learning_scala/fp_in_scala/inorder.scala. Using presentation compiler with project's scala-library version: 3.8.4[0m
2026.08.02 01:14:13 INFO  no build target found for /Users/nilayshrivastava/Documents/programming_language/scala/learning_scala/fp_in_scala/inorder.scala. Using presentation compiler with project's scala-library version: 3.8.4[0m
2026.08.02 01:14:13 INFO  no build target found for /Users/nilayshrivastava/Documents/programming_language/scala/learning_scala/fp_in_scala/inorder.scala. Using presentation compiler with project's scala-library version: 3.8.4[0m
2026.08.02 01:14:13 INFO  no build target found for /Users/nilayshrivastava/Documents/programming_language/scala/learning_scala/fp_in_scala/inorder.scala. Using presentation compiler with project's scala-library version: 3.8.4[0m
2026.08.02 01:14:13 INFO  no build target found for /Users/nilayshrivastava/Documents/programming_language/scala/learning_scala/fp_in_scala/inorder.scala. Using presentation compiler with project's scala-library version: 3.8.4[0m
2026.08.02 01:14:14 INFO  no build target found for /Users/nilayshrivastava/Documents/programming_language/scala/learning_scala/fp_in_scala/inorder.scala. Using presentation compiler with project's scala-library version: 3.8.4[0m
2026.08.02 01:14:16 INFO  no build target found for /Users/nilayshrivastava/Documents/programming_language/scala/learning_scala/fp_in_scala/inorder.scala. Using presentation compiler with project's scala-library version: 3.8.4[0m
2026.08.02 01:14:16 INFO  no build target found for /Users/nilayshrivastava/Documents/programming_language/scala/learning_scala/fp_in_scala/inorder.scala. Using presentation compiler with project's scala-library version: 3.8.4[0m
2026.08.02 01:14:17 INFO  no build target found for /Users/nilayshrivastava/Documents/programming_language/scala/learning_scala/fp_in_scala/inorder.scala. Using presentation compiler with project's scala-library version: 3.8.4[0m
2026.08.02 01:14:18 INFO  no build target found for /Users/nilayshrivastava/Documents/programming_language/scala/learning_scala/fp_in_scala/inorder.scala. Using presentation compiler with project's scala-library version: 3.8.4[0m
2026.08.02 01:14:18 INFO  no build target found for /Users/nilayshrivastava/Documents/programming_language/scala/learning_scala/fp_in_scala/inorder.scala. Using presentation compiler with project's scala-library version: 3.8.4[0m
2026.08.02 01:14:18 INFO  no build target found for /Users/nilayshrivastava/Documents/programming_language/scala/learning_scala/fp_in_scala/inorder.scala. Using presentation compiler with project's scala-library version: 3.8.4[0m
2026.08.02 01:14:18 INFO  no build target found for /Users/nilayshrivastava/Documents/programming_language/scala/learning_scala/fp_in_scala/inorder.scala. Using presentation compiler with project's scala-library version: 3.8.4[0m
2026.08.02 01:14:18 INFO  no build target found for /Users/nilayshrivastava/Documents/programming_language/scala/learning_scala/fp_in_scala/inorder.scala. Using presentation compiler with project's scala-library version: 3.8.4[0m
2026.08.02 01:14:18 INFO  no build target found for /Users/nilayshrivastava/Documents/programming_language/scala/learning_scala/fp_in_scala/inorder.scala. Using presentation compiler with project's scala-library version: 3.8.4[0m
2026.08.02 01:14:18 INFO  no build target found for /Users/nilayshrivastava/Documents/programming_language/scala/learning_scala/fp_in_scala/inorder.scala. Using presentation compiler with project's scala-library version: 3.8.4[0m
2026.08.02 01:14:18 INFO  no build target found for /Users/nilayshrivastava/Documents/programming_language/scala/learning_scala/fp_in_scala/inorder.scala. Using presentation compiler with project's scala-library version: 3.8.4[0m
2026.08.02 01:14:18 INFO  no build target found for /Users/nilayshrivastava/Documents/programming_language/scala/learning_scala/fp_in_scala/inorder.scala. Using presentation compiler with project's scala-library version: 3.8.4[0m
2026.08.02 01:14:18 INFO  no build target found for /Users/nilayshrivastava/Documents/programming_language/scala/learning_scala/fp_in_scala/inorder.scala. Using presentation compiler with project's scala-library version: 3.8.4[0m
2026.08.02 01:14:18 INFO  no build target found for /Users/nilayshrivastava/Documents/programming_language/scala/learning_scala/fp_in_scala/inorder.scala. Using presentation compiler with project's scala-library version: 3.8.4[0m
2026.08.02 01:14:18 INFO  no build target found for /Users/nilayshrivastava/Documents/programming_language/scala/learning_scala/fp_in_scala/inorder.scala. Using presentation compiler with project's scala-library version: 3.8.4[0m
2026.08.02 01:14:19 INFO  no build target found for /Users/nilayshrivastava/Documents/programming_language/scala/learning_scala/fp_in_scala/inorder.scala. Using presentation compiler with project's scala-library version: 3.8.4[0m
2026.08.02 01:14:21 INFO  no build target found for /Users/nilayshrivastava/Documents/programming_language/scala/learning_scala/fp_in_scala/inorder.scala. Using presentation compiler with project's scala-library version: 3.8.4[0m
2026.08.02 01:14:21 INFO  no build target found for /Users/nilayshrivastava/Documents/programming_language/scala/learning_scala/fp_in_scala/inorder.scala. Using presentation compiler with project's scala-library version: 3.8.4[0m
2026.08.02 01:14:21 INFO  no build target found for /Users/nilayshrivastava/Documents/programming_language/scala/learning_scala/fp_in_scala/inorder.scala. Using presentation compiler with project's scala-library version: 3.8.4[0m
2026.08.02 01:14:21 INFO  no build target found for /Users/nilayshrivastava/Documents/programming_language/scala/learning_scala/fp_in_scala/inorder.scala. Using presentation compiler with project's scala-library version: 3.8.4[0m
2026.08.02 01:14:21 INFO  no build target found for /Users/nilayshrivastava/Documents/programming_language/scala/learning_scala/fp_in_scala/inorder.scala. Using presentation compiler with project's scala-library version: 3.8.4[0m
2026.08.02 01:14:21 INFO  no build target found for /Users/nilayshrivastava/Documents/programming_language/scala/learning_scala/fp_in_scala/inorder.scala. Using presentation compiler with project's scala-library version: 3.8.4[0m
2026.08.02 01:14:21 INFO  no build target found for /Users/nilayshrivastava/Documents/programming_language/scala/learning_scala/fp_in_scala/inorder.scala. Using presentation compiler with project's scala-library version: 3.8.4[0m
2026.08.02 01:14:21 INFO  no build target found for /Users/nilayshrivastava/Documents/programming_language/scala/learning_scala/fp_in_scala/inorder.scala. Using presentation compiler with project's scala-library version: 3.8.4[0m
2026.08.02 01:14:21 INFO  no build target found for /Users/nilayshrivastava/Documents/programming_language/scala/learning_scala/fp_in_scala/inorder.scala. Using presentation compiler with project's scala-library version: 3.8.4[0m
2026.08.02 01:14:21 INFO  no build target found for /Users/nilayshrivastava/Documents/programming_language/scala/learning_scala/fp_in_scala/inorder.scala. Using presentation compiler with project's scala-library version: 3.8.4[0m
2026.08.02 01:14:21 INFO  no build target found for /Users/nilayshrivastava/Documents/programming_language/scala/learning_scala/fp_in_scala/inorder.scala. Using presentation compiler with project's scala-library version: 3.8.4[0m
2026.08.02 01:14:21 INFO  no build target found for /Users/nilayshrivastava/Documents/programming_language/scala/learning_scala/fp_in_scala/inorder.scala. Using presentation compiler with project's scala-library version: 3.8.4[0m
2026.08.02 01:14:22 INFO  no build target found for /Users/nilayshrivastava/Documents/programming_language/scala/learning_scala/fp_in_scala/inorder.scala. Using presentation compiler with project's scala-library version: 3.8.4[0m
2026.08.02 01:14:22 INFO  no build target found for /Users/nilayshrivastava/Documents/programming_language/scala/learning_scala/fp_in_scala/inorder.scala. Using presentation compiler with project's scala-library version: 3.8.4[0m
2026.08.02 01:14:22 INFO  no build target found for /Users/nilayshrivastava/Documents/programming_language/scala/learning_scala/fp_in_scala/inorder.scala. Using presentation compiler with project's scala-library version: 3.8.4[0m
2026.08.02 01:14:22 INFO  no build target found for /Users/nilayshrivastava/Documents/programming_language/scala/learning_scala/fp_in_scala/inorder.scala. Using presentation compiler with project's scala-library version: 3.8.4[0m
2026.08.02 01:14:22 INFO  no build target found for /Users/nilayshrivastava/Documents/programming_language/scala/learning_scala/fp_in_scala/inorder.scala. Using presentation compiler with project's scala-library version: 3.8.4[0m
2026.08.02 01:14:22 INFO  no build target found for /Users/nilayshrivastava/Documents/programming_language/scala/learning_scala/fp_in_scala/inorder.scala. Using presentation compiler with project's scala-library version: 3.8.4[0m
2026.08.02 01:14:22 INFO  no build target found for /Users/nilayshrivastava/Documents/programming_language/scala/learning_scala/fp_in_scala/inorder.scala. Using presentation compiler with project's scala-library version: 3.8.4[0m
2026.08.02 01:14:22 INFO  no build target found for /Users/nilayshrivastava/Documents/programming_language/scala/learning_scala/fp_in_scala/inorder.scala. Using presentation compiler with project's scala-library version: 3.8.4[0m
2026.08.02 01:14:23 INFO  no build target found for /Users/nilayshrivastava/Documents/programming_language/scala/learning_scala/fp_in_scala/inorder.scala. Using presentation compiler with project's scala-library version: 3.8.4[0m
2026.08.02 01:14:23 INFO  no build target found for /Users/nilayshrivastava/Documents/programming_language/scala/learning_scala/fp_in_scala/inorder.scala. Using presentation compiler with project's scala-library version: 3.8.4[0m
2026.08.02 01:14:23 INFO  no build target found for /Users/nilayshrivastava/Documents/programming_language/scala/learning_scala/fp_in_scala/inorder.scala. Using presentation compiler with project's scala-library version: 3.8.4[0m
2026.08.02 01:14:30 INFO  no build target found for /Users/nilayshrivastava/Documents/programming_language/scala/learning_scala/fp_in_scala/inorder.scala. Using presentation compiler with project's scala-library version: 3.8.4[0m
2026.08.02 01:14:30 INFO  no build target found for /Users/nilayshrivastava/Documents/programming_language/scala/learning_scala/fp_in_scala/inorder.scala. Using presentation compiler with project's scala-library version: 3.8.4[0m
2026.08.02 01:14:30 INFO  no build target found for /Users/nilayshrivastava/Documents/programming_language/scala/learning_scala/fp_in_scala/inorder.scala. Using presentation compiler with project's scala-library version: 3.8.4[0m
2026.08.02 01:14:30 INFO  no build target found for /Users/nilayshrivastava/Documents/programming_language/scala/learning_scala/fp_in_scala/inorder.scala. Using presentation compiler with project's scala-library version: 3.8.4[0m
2026.08.02 01:14:30 INFO  no build target found for /Users/nilayshrivastava/Documents/programming_language/scala/learning_scala/fp_in_scala/inorder.scala. Using presentation compiler with project's scala-library version: 3.8.4[0m
2026.08.02 01:14:30 INFO  no build target found for /Users/nilayshrivastava/Documents/programming_language/scala/learning_scala/fp_in_scala/inorder.scala. Using presentation compiler with project's scala-library version: 3.8.4[0m
2026.08.02 01:14:30 INFO  no build target found for /Users/nilayshrivastava/Documents/programming_language/scala/learning_scala/fp_in_scala/inorder.scala. Using presentation compiler with project's scala-library version: 3.8.4[0m
2026.08.02 01:14:30 INFO  no build target found for /Users/nilayshrivastava/Documents/programming_language/scala/learning_scala/fp_in_scala/inorder.scala. Using presentation compiler with project's scala-library version: 3.8.4[0m
2026.08.02 01:14:30 INFO  no build target found for /Users/nilayshrivastava/Documents/programming_language/scala/learning_scala/fp_in_scala/inorder.scala. Using presentation compiler with project's scala-library version: 3.8.4[0m
2026.08.02 01:14:30 INFO  no build target found for /Users/nilayshrivastava/Documents/programming_language/scala/learning_scala/fp_in_scala/inorder.scala. Using presentation compiler with project's scala-library version: 3.8.4[0m
2026.08.02 01:14:31 INFO  no build target found for /Users/nilayshrivastava/Documents/programming_language/scala/learning_scala/fp_in_scala/inorder.scala. Using presentation compiler with project's scala-library version: 3.8.4[0m
2026.08.02 01:14:31 INFO  no build target found for /Users/nilayshrivastava/Documents/programming_language/scala/learning_scala/fp_in_scala/inorder.scala. Using presentation compiler with project's scala-library version: 3.8.4[0m
2026.08.02 01:14:35 INFO  no build target found for /Users/nilayshrivastava/Documents/programming_language/scala/learning_scala/fp_in_scala/inorder.scala. Using presentation compiler with project's scala-library version: 3.8.4[0m
2026.08.02 01:14:35 INFO  no build target found for /Users/nilayshrivastava/Documents/programming_language/scala/learning_scala/fp_in_scala/inorder.scala. Using presentation compiler with project's scala-library version: 3.8.4[0m
2026.08.02 01:14:35 INFO  no build target found for /Users/nilayshrivastava/Documents/programming_language/scala/learning_scala/fp_in_scala/inorder.scala. Using presentation compiler with project's scala-library version: 3.8.4[0m
2026.08.02 01:14:35 INFO  no build target found for /Users/nilayshrivastava/Documents/programming_language/scala/learning_scala/fp_in_scala/inorder.scala. Using presentation compiler with project's scala-library version: 3.8.4[0m
2026.08.02 01:14:35 INFO  no build target found for /Users/nilayshrivastava/Documents/programming_language/scala/learning_scala/fp_in_scala/inorder.scala. Using presentation compiler with project's scala-library version: 3.8.4[0m
2026.08.02 01:14:36 INFO  no build target found for /Users/nilayshrivastava/Documents/programming_language/scala/learning_scala/fp_in_scala/inorder.scala. Using presentation compiler with project's scala-library version: 3.8.4[0m
2026.08.02 01:14:36 INFO  no build target found for /Users/nilayshrivastava/Documents/programming_language/scala/learning_scala/fp_in_scala/inorder.scala. Using presentation compiler with project's scala-library version: 3.8.4[0m
2026.08.02 01:14:36 INFO  no build target found for /Users/nilayshrivastava/Documents/programming_language/scala/learning_scala/fp_in_scala/inorder.scala. Using presentation compiler with project's scala-library version: 3.8.4[0m
2026.08.02 01:14:36 INFO  no build target found for /Users/nilayshrivastava/Documents/programming_language/scala/learning_scala/fp_in_scala/inorder.scala. Using presentation compiler with project's scala-library version: 3.8.4[0m
2026.08.02 01:14:36 INFO  no build target found for /Users/nilayshrivastava/Documents/programming_language/scala/learning_scala/fp_in_scala/inorder.scala. Using presentation compiler with project's scala-library version: 3.8.4[0m
2026.08.02 01:14:36 INFO  no build target found for /Users/nilayshrivastava/Documents/programming_language/scala/learning_scala/fp_in_scala/inorder.scala. Using presentation compiler with project's scala-library version: 3.8.4[0m
2026.08.02 01:14:36 INFO  no build target found for /Users/nilayshrivastava/Documents/programming_language/scala/learning_scala/fp_in_scala/inorder.scala. Using presentation compiler with project's scala-library version: 3.8.4[0m
2026.08.02 01:14:37 INFO  no build target found for /Users/nilayshrivastava/Documents/programming_language/scala/learning_scala/fp_in_scala/inorder.scala. Using presentation compiler with project's scala-library version: 3.8.4[0m
2026.08.02 01:14:37 INFO  no build target found for /Users/nilayshrivastava/Documents/programming_language/scala/learning_scala/fp_in_scala/inorder.scala. Using presentation compiler with project's scala-library version: 3.8.4[0m
2026.08.02 01:14:39 INFO  no build target found for /Users/nilayshrivastava/Documents/programming_language/scala/learning_scala/fp_in_scala/inorder.scala. Using presentation compiler with project's scala-library version: 3.8.4[0m
2026.08.02 01:14:40 INFO  no build target found for /Users/nilayshrivastava/Documents/programming_language/scala/learning_scala/fp_in_scala/inorder.scala. Using presentation compiler with project's scala-library version: 3.8.4[0m
2026.08.02 01:14:41 INFO  no build target found for /Users/nilayshrivastava/Documents/programming_language/scala/learning_scala/fp_in_scala/inorder.scala. Using presentation compiler with project's scala-library version: 3.8.4[0m
2026.08.02 01:14:41 INFO  no build target found for /Users/nilayshrivastava/Documents/programming_language/scala/learning_scala/fp_in_scala/inorder.scala. Using presentation compiler with project's scala-library version: 3.8.4[0m
2026.08.02 01:14:41 INFO  no build target found for /Users/nilayshrivastava/Documents/programming_language/scala/learning_scala/fp_in_scala/inorder.scala. Using presentation compiler with project's scala-library version: 3.8.4[0m
2026.08.02 01:14:41 INFO  no build target found for /Users/nilayshrivastava/Documents/programming_language/scala/learning_scala/fp_in_scala/inorder.scala. Using presentation compiler with project's scala-library version: 3.8.4[0m
2026.08.02 01:14:41 INFO  no build target found for /Users/nilayshrivastava/Documents/programming_language/scala/learning_scala/fp_in_scala/inorder.scala. Using presentation compiler with project's scala-library version: 3.8.4[0m
2026.08.02 01:14:41 INFO  no build target found for /Users/nilayshrivastava/Documents/programming_language/scala/learning_scala/fp_in_scala/inorder.scala. Using presentation compiler with project's scala-library version: 3.8.4[0m
2026.08.02 01:14:42 INFO  no build target found for /Users/nilayshrivastava/Documents/programming_language/scala/learning_scala/fp_in_scala/inorder.scala. Using presentation compiler with project's scala-library version: 3.8.4[0m
2026.08.02 01:14:42 INFO  no build target found for /Users/nilayshrivastava/Documents/programming_language/scala/learning_scala/fp_in_scala/inorder.scala. Using presentation compiler with project's scala-library version: 3.8.4[0m
2026.08.02 01:14:42 INFO  no build target found for /Users/nilayshrivastava/Documents/programming_language/scala/learning_scala/fp_in_scala/inorder.scala. Using presentation compiler with project's scala-library version: 3.8.4[0m
2026.08.02 01:14:42 INFO  no build target found for /Users/nilayshrivastava/Documents/programming_language/scala/learning_scala/fp_in_scala/inorder.scala. Using presentation compiler with project's scala-library version: 3.8.4[0m
2026.08.02 01:14:42 INFO  no build target found for /Users/nilayshrivastava/Documents/programming_language/scala/learning_scala/fp_in_scala/inorder.scala. Using presentation compiler with project's scala-library version: 3.8.4[0m
2026.08.02 01:14:42 INFO  no build target found for /Users/nilayshrivastava/Documents/programming_language/scala/learning_scala/fp_in_scala/inorder.scala. Using presentation compiler with project's scala-library version: 3.8.4[0m
2026.08.02 01:14:44 INFO  no build target found for /Users/nilayshrivastava/Documents/programming_language/scala/learning_scala/fp_in_scala/inorder.scala. Using presentation compiler with project's scala-library version: 3.8.4[0m
2026.08.02 01:14:44 INFO  no build target found for /Users/nilayshrivastava/Documents/programming_language/scala/learning_scala/fp_in_scala/inorder.scala. Using presentation compiler with project's scala-library version: 3.8.4[0m
2026.08.02 01:14:44 INFO  no build target found for /Users/nilayshrivastava/Documents/programming_language/scala/learning_scala/fp_in_scala/inorder.scala. Using presentation compiler with project's scala-library version: 3.8.4[0m
2026.08.02 01:14:44 INFO  no build target found for /Users/nilayshrivastava/Documents/programming_language/scala/learning_scala/fp_in_scala/inorder.scala. Using presentation compiler with project's scala-library version: 3.8.4[0m
2026.08.02 01:14:44 INFO  no build target found for /Users/nilayshrivastava/Documents/programming_language/scala/learning_scala/fp_in_scala/inorder.scala. Using presentation compiler with project's scala-library version: 3.8.4[0m
2026.08.02 01:14:44 INFO  no build target found for /Users/nilayshrivastava/Documents/programming_language/scala/learning_scala/fp_in_scala/inorder.scala. Using presentation compiler with project's scala-library version: 3.8.4[0m
2026.08.02 01:14:44 INFO  no build target found for /Users/nilayshrivastava/Documents/programming_language/scala/learning_scala/fp_in_scala/inorder.scala. Using presentation compiler with project's scala-library version: 3.8.4[0m
2026.08.02 01:14:44 INFO  no build target found for /Users/nilayshrivastava/Documents/programming_language/scala/learning_scala/fp_in_scala/inorder.scala. Using presentation compiler with project's scala-library version: 3.8.4[0m
2026.08.02 01:14:44 INFO  no build target found for /Users/nilayshrivastava/Documents/programming_language/scala/learning_scala/fp_in_scala/inorder.scala. Using presentation compiler with project's scala-library version: 3.8.4[0m
2026.08.02 01:14:44 INFO  no build target found for /Users/nilayshrivastava/Documents/programming_language/scala/learning_scala/fp_in_scala/inorder.scala. Using presentation compiler with project's scala-library version: 3.8.4[0m
2026.08.02 01:14:44 INFO  no build target found for /Users/nilayshrivastava/Documents/programming_language/scala/learning_scala/fp_in_scala/inorder.scala. Using presentation compiler with project's scala-library version: 3.8.4[0m
2026.08.02 01:14:44 INFO  no build target found for /Users/nilayshrivastava/Documents/programming_language/scala/learning_scala/fp_in_scala/inorder.scala. Using presentation compiler with project's scala-library version: 3.8.4[0m
2026.08.02 01:14:44 INFO  no build target found for /Users/nilayshrivastava/Documents/programming_language/scala/learning_scala/fp_in_scala/inorder.scala. Using presentation compiler with project's scala-library version: 3.8.4[0m
2026.08.02 01:14:45 INFO  no build target found for /Users/nilayshrivastava/Documents/programming_language/scala/learning_scala/fp_in_scala/inorder.scala. Using presentation compiler with project's scala-library version: 3.8.4[0m
2026.08.02 01:14:45 INFO  no build target found for /Users/nilayshrivastava/Documents/programming_language/scala/learning_scala/fp_in_scala/inorder.scala. Using presentation compiler with project's scala-library version: 3.8.4[0m
2026.08.02 01:14:45 INFO  no build target found for /Users/nilayshrivastava/Documents/programming_language/scala/learning_scala/fp_in_scala/inorder.scala. Using presentation compiler with project's scala-library version: 3.8.4[0m
2026.08.02 01:14:45 INFO  no build target found for /Users/nilayshrivastava/Documents/programming_language/scala/learning_scala/fp_in_scala/inorder.scala. Using presentation compiler with project's scala-library version: 3.8.4[0m
2026.08.02 01:14:45 INFO  no build target found for /Users/nilayshrivastava/Documents/programming_language/scala/learning_scala/fp_in_scala/inorder.scala. Using presentation compiler with project's scala-library version: 3.8.4[0m
2026.08.02 01:14:45 INFO  no build target found for /Users/nilayshrivastava/Documents/programming_language/scala/learning_scala/fp_in_scala/inorder.scala. Using presentation compiler with project's scala-library version: 3.8.4[0m
2026.08.02 01:14:45 INFO  no build target found for /Users/nilayshrivastava/Documents/programming_language/scala/learning_scala/fp_in_scala/inorder.scala. Using presentation compiler with project's scala-library version: 3.8.4[0m
2026.08.02 01:14:45 INFO  no build target found for /Users/nilayshrivastava/Documents/programming_language/scala/learning_scala/fp_in_scala/inorder.scala. Using presentation compiler with project's scala-library version: 3.8.4[0m
2026.08.02 01:14:45 INFO  no build target found for /Users/nilayshrivastava/Documents/programming_language/scala/learning_scala/fp_in_scala/inorder.scala. Using presentation compiler with project's scala-library version: 3.8.4[0m
2026.08.02 01:14:45 INFO  no build target found for /Users/nilayshrivastava/Documents/programming_language/scala/learning_scala/fp_in_scala/inorder.scala. Using presentation compiler with project's scala-library version: 3.8.4[0m
2026.08.02 01:14:45 INFO  no build target found for /Users/nilayshrivastava/Documents/programming_language/scala/learning_scala/fp_in_scala/inorder.scala. Using presentation compiler with project's scala-library version: 3.8.4[0m
2026.08.02 01:14:46 INFO  no build target found for /Users/nilayshrivastava/Documents/programming_language/scala/learning_scala/fp_in_scala/inorder.scala. Using presentation compiler with project's scala-library version: 3.8.4[0m
2026.08.02 01:14:46 INFO  no build target found for /Users/nilayshrivastava/Documents/programming_language/scala/learning_scala/fp_in_scala/inorder.scala. Using presentation compiler with project's scala-library version: 3.8.4[0m
2026.08.02 01:14:51 INFO  no build target found for /Users/nilayshrivastava/Documents/programming_language/scala/learning_scala/fp_in_scala/inorder.scala. Using presentation compiler with project's scala-library version: 3.8.4[0m
2026.08.02 01:14:51 INFO  no build target found for /Users/nilayshrivastava/Documents/programming_language/scala/learning_scala/fp_in_scala/inorder.scala. Using presentation compiler with project's scala-library version: 3.8.4[0m
2026.08.02 01:14:51 INFO  no build target found for /Users/nilayshrivastava/Documents/programming_language/scala/learning_scala/fp_in_scala/inorder.scala. Using presentation compiler with project's scala-library version: 3.8.4[0m
2026.08.02 01:14:51 INFO  no build target found for /Users/nilayshrivastava/Documents/programming_language/scala/learning_scala/fp_in_scala/inorder.scala. Using presentation compiler with project's scala-library version: 3.8.4[0m
2026.08.02 01:14:51 INFO  no build target found for /Users/nilayshrivastava/Documents/programming_language/scala/learning_scala/fp_in_scala/inorder.scala. Using presentation compiler with project's scala-library version: 3.8.4[0m
2026.08.02 01:14:53 INFO  no build target found for /Users/nilayshrivastava/Documents/programming_language/scala/learning_scala/fp_in_scala/inorder.scala. Using presentation compiler with project's scala-library version: 3.8.4[0m
2026.08.02 01:14:53 INFO  no build target found for /Users/nilayshrivastava/Documents/programming_language/scala/learning_scala/fp_in_scala/inorder.scala. Using presentation compiler with project's scala-library version: 3.8.4[0m
2026.08.02 01:14:53 INFO  no build target found for /Users/nilayshrivastava/Documents/programming_language/scala/learning_scala/fp_in_scala/inorder.scala. Using presentation compiler with project's scala-library version: 3.8.4[0m
2026.08.02 01:14:53 INFO  no build target found for /Users/nilayshrivastava/Documents/programming_language/scala/learning_scala/fp_in_scala/inorder.scala. Using presentation compiler with project's scala-library version: 3.8.4[0m
2026.08.02 01:14:53 INFO  no build target found for /Users/nilayshrivastava/Documents/programming_language/scala/learning_scala/fp_in_scala/inorder.scala. Using presentation compiler with project's scala-library version: 3.8.4[0m
2026.08.02 01:14:53 INFO  no build target found for /Users/nilayshrivastava/Documents/programming_language/scala/learning_scala/fp_in_scala/inorder.scala. Using presentation compiler with project's scala-library version: 3.8.4[0m
2026.08.02 01:14:53 INFO  no build target found for /Users/nilayshrivastava/Documents/programming_language/scala/learning_scala/fp_in_scala/inorder.scala. Using presentation compiler with project's scala-library version: 3.8.4[0m
2026.08.02 01:14:53 INFO  no build target found for /Users/nilayshrivastava/Documents/programming_language/scala/learning_scala/fp_in_scala/inorder.scala. Using presentation compiler with project's scala-library version: 3.8.4[0m
2026.08.02 01:14:53 INFO  no build target found for /Users/nilayshrivastava/Documents/programming_language/scala/learning_scala/fp_in_scala/inorder.scala. Using presentation compiler with project's scala-library version: 3.8.4[0m
2026.08.02 01:14:59 INFO  no build target found for /Users/nilayshrivastava/Documents/programming_language/scala/learning_scala/fp_in_scala/inorder.scala. Using presentation compiler with project's scala-library version: 3.8.4[0m
2026.08.02 01:14:59 INFO  no build target found for /Users/nilayshrivastava/Documents/programming_language/scala/learning_scala/fp_in_scala/inorder.scala. Using presentation compiler with project's scala-library version: 3.8.4[0m
2026.08.02 01:14:59 INFO  no build target found for /Users/nilayshrivastava/Documents/programming_language/scala/learning_scala/fp_in_scala/inorder.scala. Using presentation compiler with project's scala-library version: 3.8.4[0m
2026.08.02 01:14:59 INFO  no build target found for /Users/nilayshrivastava/Documents/programming_language/scala/learning_scala/fp_in_scala/inorder.scala. Using presentation compiler with project's scala-library version: 3.8.4[0m
2026.08.02 01:14:59 INFO  no build target found for /Users/nilayshrivastava/Documents/programming_language/scala/learning_scala/fp_in_scala/inorder.scala. Using presentation compiler with project's scala-library version: 3.8.4[0m
2026.08.02 01:14:59 INFO  no build target found for /Users/nilayshrivastava/Documents/programming_language/scala/learning_scala/fp_in_scala/inorder.scala. Using presentation compiler with project's scala-library version: 3.8.4[0m
2026.08.02 01:14:59 INFO  no build target found for /Users/nilayshrivastava/Documents/programming_language/scala/learning_scala/fp_in_scala/inorder.scala. Using presentation compiler with project's scala-library version: 3.8.4[0m
2026.08.02 01:14:59 INFO  no build target found for /Users/nilayshrivastava/Documents/programming_language/scala/learning_scala/fp_in_scala/inorder.scala. Using presentation compiler with project's scala-library version: 3.8.4[0m
2026.08.02 01:14:59 INFO  no build target found for /Users/nilayshrivastava/Documents/programming_language/scala/learning_scala/fp_in_scala/inorder.scala. Using presentation compiler with project's scala-library version: 3.8.4[0m
2026.08.02 01:14:59 INFO  no build target found for /Users/nilayshrivastava/Documents/programming_language/scala/learning_scala/fp_in_scala/inorder.scala. Using presentation compiler with project's scala-library version: 3.8.4[0m
2026.08.02 01:14:59 INFO  no build target found for /Users/nilayshrivastava/Documents/programming_language/scala/learning_scala/fp_in_scala/inorder.scala. Using presentation compiler with project's scala-library version: 3.8.4[0m
2026.08.02 01:15:00 INFO  no build target found for /Users/nilayshrivastava/Documents/programming_language/scala/learning_scala/fp_in_scala/inorder.scala. Using presentation compiler with project's scala-library version: 3.8.4[0m
2026.08.02 01:15:00 INFO  no build target found for /Users/nilayshrivastava/Documents/programming_language/scala/learning_scala/fp_in_scala/inorder.scala. Using presentation compiler with project's scala-library version: 3.8.4[0m
2026.08.02 01:15:00 INFO  no build target found for /Users/nilayshrivastava/Documents/programming_language/scala/learning_scala/fp_in_scala/inorder.scala. Using presentation compiler with project's scala-library version: 3.8.4[0m
2026.08.02 01:15:00 INFO  no build target found for /Users/nilayshrivastava/Documents/programming_language/scala/learning_scala/fp_in_scala/inorder.scala. Using presentation compiler with project's scala-library version: 3.8.4[0m
2026.08.02 01:15:00 INFO  no build target found for /Users/nilayshrivastava/Documents/programming_language/scala/learning_scala/fp_in_scala/inorder.scala. Using presentation compiler with project's scala-library version: 3.8.4[0m
2026.08.02 01:15:00 INFO  no build target found for /Users/nilayshrivastava/Documents/programming_language/scala/learning_scala/fp_in_scala/inorder.scala. Using presentation compiler with project's scala-library version: 3.8.4[0m
2026.08.02 01:15:00 INFO  no build target found for /Users/nilayshrivastava/Documents/programming_language/scala/learning_scala/fp_in_scala/inorder.scala. Using presentation compiler with project's scala-library version: 3.8.4[0m
2026.08.02 01:15:01 INFO  no build target found for /Users/nilayshrivastava/Documents/programming_language/scala/learning_scala/fp_in_scala/inorder.scala. Using presentation compiler with project's scala-library version: 3.8.4[0m
2026.08.02 01:15:01 INFO  no build target found for /Users/nilayshrivastava/Documents/programming_language/scala/learning_scala/fp_in_scala/inorder.scala. Using presentation compiler with project's scala-library version: 3.8.4[0m
2026.08.02 01:15:01 INFO  no build target found for /Users/nilayshrivastava/Documents/programming_language/scala/learning_scala/fp_in_scala/inorder.scala. Using presentation compiler with project's scala-library version: 3.8.4[0m
2026.08.02 01:15:01 INFO  no build target found for /Users/nilayshrivastava/Documents/programming_language/scala/learning_scala/fp_in_scala/inorder.scala. Using presentation compiler with project's scala-library version: 3.8.4[0m
2026.08.02 01:15:01 INFO  no build target found for /Users/nilayshrivastava/Documents/programming_language/scala/learning_scala/fp_in_scala/inorder.scala. Using presentation compiler with project's scala-library version: 3.8.4[0m
2026.08.02 01:15:03 INFO  no build target found for /Users/nilayshrivastava/Documents/programming_language/scala/learning_scala/fp_in_scala/inorder.scala. Using presentation compiler with project's scala-library version: 3.8.4[0m
2026.08.02 01:15:03 INFO  no build target found for /Users/nilayshrivastava/Documents/programming_language/scala/learning_scala/fp_in_scala/inorder.scala. Using presentation compiler with project's scala-library version: 3.8.4[0m
2026.08.02 01:15:03 INFO  no build target found for /Users/nilayshrivastava/Documents/programming_language/scala/learning_scala/fp_in_scala/inorder.scala. Using presentation compiler with project's scala-library version: 3.8.4[0m
2026.08.02 01:15:03 INFO  no build target found for /Users/nilayshrivastava/Documents/programming_language/scala/learning_scala/fp_in_scala/inorder.scala. Using presentation compiler with project's scala-library version: 3.8.4[0m
2026.08.02 01:15:03 INFO  no build target found for /Users/nilayshrivastava/Documents/programming_language/scala/learning_scala/fp_in_scala/inorder.scala. Using presentation compiler with project's scala-library version: 3.8.4[0m
2026.08.02 01:15:03 INFO  no build target found for /Users/nilayshrivastava/Documents/programming_language/scala/learning_scala/fp_in_scala/inorder.scala. Using presentation compiler with project's scala-library version: 3.8.4[0m
2026.08.02 01:15:03 INFO  no build target found for /Users/nilayshrivastava/Documents/programming_language/scala/learning_scala/fp_in_scala/inorder.scala. Using presentation compiler with project's scala-library version: 3.8.4[0m
2026.08.02 01:15:03 INFO  no build target found for /Users/nilayshrivastava/Documents/programming_language/scala/learning_scala/fp_in_scala/inorder.scala. Using presentation compiler with project's scala-library version: 3.8.4[0m
2026.08.02 01:15:03 INFO  no build target found for /Users/nilayshrivastava/Documents/programming_language/scala/learning_scala/fp_in_scala/inorder.scala. Using presentation compiler with project's scala-library version: 3.8.4[0m
2026.08.02 01:15:03 INFO  no build target found for /Users/nilayshrivastava/Documents/programming_language/scala/learning_scala/fp_in_scala/inorder.scala. Using presentation compiler with project's scala-library version: 3.8.4[0m
2026.08.02 01:15:03 INFO  no build target found for /Users/nilayshrivastava/Documents/programming_language/scala/learning_scala/fp_in_scala/inorder.scala. Using presentation compiler with project's scala-library version: 3.8.4[0m
2026.08.02 01:15:13 INFO  no build target found for /Users/nilayshrivastava/Documents/programming_language/scala/learning_scala/fp_in_scala/inorder.scala. Using presentation compiler with project's scala-library version: 3.8.4[0m
2026.08.02 01:15:13 INFO  no build target found for /Users/nilayshrivastava/Documents/programming_language/scala/learning_scala/fp_in_scala/inorder.scala. Using presentation compiler with project's scala-library version: 3.8.4[0m
2026.08.02 01:15:13 INFO  no build target found for /Users/nilayshrivastava/Documents/programming_language/scala/learning_scala/fp_in_scala/inorder.scala. Using presentation compiler with project's scala-library version: 3.8.4[0m
2026.08.02 01:15:13 INFO  no build target found for /Users/nilayshrivastava/Documents/programming_language/scala/learning_scala/fp_in_scala/inorder.scala. Using presentation compiler with project's scala-library version: 3.8.4[0m
2026.08.02 01:15:13 INFO  no build target found for /Users/nilayshrivastava/Documents/programming_language/scala/learning_scala/fp_in_scala/inorder.scala. Using presentation compiler with project's scala-library version: 3.8.4[0m
2026.08.02 01:15:13 INFO  no build target found for /Users/nilayshrivastava/Documents/programming_language/scala/learning_scala/fp_in_scala/inorder.scala. Using presentation compiler with project's scala-library version: 3.8.4[0m
2026.08.02 01:15:13 INFO  no build target found for /Users/nilayshrivastava/Documents/programming_language/scala/learning_scala/fp_in_scala/inorder.scala. Using presentation compiler with project's scala-library version: 3.8.4[0m
2026.08.02 01:15:13 INFO  no build target found for /Users/nilayshrivastava/Documents/programming_language/scala/learning_scala/fp_in_scala/inorder.scala. Using presentation compiler with project's scala-library version: 3.8.4[0m
2026.08.02 01:15:13 INFO  no build target found for /Users/nilayshrivastava/Documents/programming_language/scala/learning_scala/fp_in_scala/inorder.scala. Using presentation compiler with project's scala-library version: 3.8.4[0m
2026.08.02 01:15:13 INFO  no build target found for /Users/nilayshrivastava/Documents/programming_language/scala/learning_scala/fp_in_scala/inorder.scala. Using presentation compiler with project's scala-library version: 3.8.4[0m
2026.08.02 01:15:13 INFO  no build target found for /Users/nilayshrivastava/Documents/programming_language/scala/learning_scala/fp_in_scala/inorder.scala. Using presentation compiler with project's scala-library version: 3.8.4[0m
2026.08.02 01:15:20 INFO  no build target found for /Users/nilayshrivastava/Documents/programming_language/scala/learning_scala/fp_in_scala/inorder.scala. Using presentation compiler with project's scala-library version: 3.8.4[0m
2026.08.02 01:15:20 INFO  no build target found for /Users/nilayshrivastava/Documents/programming_language/scala/learning_scala/fp_in_scala/inorder.scala. Using presentation compiler with project's scala-library version: 3.8.4[0m
2026.08.02 01:15:20 INFO  no build target found for /Users/nilayshrivastava/Documents/programming_language/scala/learning_scala/fp_in_scala/inorder.scala. Using presentation compiler with project's scala-library version: 3.8.4[0m
2026.08.02 01:15:20 INFO  no build target found for /Users/nilayshrivastava/Documents/programming_language/scala/learning_scala/fp_in_scala/inorder.scala. Using presentation compiler with project's scala-library version: 3.8.4[0m
2026.08.02 01:15:20 INFO  no build target found for /Users/nilayshrivastava/Documents/programming_language/scala/learning_scala/fp_in_scala/inorder.scala. Using presentation compiler with project's scala-library version: 3.8.4[0m
2026.08.02 01:15:20 INFO  no build target found for /Users/nilayshrivastava/Documents/programming_language/scala/learning_scala/fp_in_scala/inorder.scala. Using presentation compiler with project's scala-library version: 3.8.4[0m
2026.08.02 01:15:20 INFO  no build target found for /Users/nilayshrivastava/Documents/programming_language/scala/learning_scala/fp_in_scala/inorder.scala. Using presentation compiler with project's scala-library version: 3.8.4[0m
2026.08.02 01:15:25 INFO  no build target found for /Users/nilayshrivastava/Documents/programming_language/scala/learning_scala/fp_in_scala/inorder.scala. Using presentation compiler with project's scala-library version: 3.8.4[0m
2026.08.02 01:15:25 INFO  no build target found for /Users/nilayshrivastava/Documents/programming_language/scala/learning_scala/fp_in_scala/inorder.scala. Using presentation compiler with project's scala-library version: 3.8.4[0m
2026.08.02 01:15:25 INFO  no build target found for /Users/nilayshrivastava/Documents/programming_language/scala/learning_scala/fp_in_scala/inorder.scala. Using presentation compiler with project's scala-library version: 3.8.4[0m
2026.08.02 01:15:25 INFO  no build target found for /Users/nilayshrivastava/Documents/programming_language/scala/learning_scala/fp_in_scala/inorder.scala. Using presentation compiler with project's scala-library version: 3.8.4[0m
2026.08.02 01:15:25 INFO  no build target found for /Users/nilayshrivastava/Documents/programming_language/scala/learning_scala/fp_in_scala/inorder.scala. Using presentation compiler with project's scala-library version: 3.8.4[0m
2026.08.02 01:15:25 INFO  no build target found for /Users/nilayshrivastava/Documents/programming_language/scala/learning_scala/fp_in_scala/inorder.scala. Using presentation compiler with project's scala-library version: 3.8.4[0m
2026.08.02 01:15:25 INFO  no build target found for /Users/nilayshrivastava/Documents/programming_language/scala/learning_scala/fp_in_scala/inorder.scala. Using presentation compiler with project's scala-library version: 3.8.4[0m
2026.08.02 01:15:25 INFO  no build target found for /Users/nilayshrivastava/Documents/programming_language/scala/learning_scala/fp_in_scala/inorder.scala. Using presentation compiler with project's scala-library version: 3.8.4[0m
2026.08.02 01:15:25 INFO  no build target found for /Users/nilayshrivastava/Documents/programming_language/scala/learning_scala/fp_in_scala/inorder.scala. Using presentation compiler with project's scala-library version: 3.8.4[0m
2026.08.02 01:15:25 INFO  no build target found for /Users/nilayshrivastava/Documents/programming_language/scala/learning_scala/fp_in_scala/inorder.scala. Using presentation compiler with project's scala-library version: 3.8.4[0m
2026.08.02 01:15:25 INFO  no build target found for /Users/nilayshrivastava/Documents/programming_language/scala/learning_scala/fp_in_scala/inorder.scala. Using presentation compiler with project's scala-library version: 3.8.4[0m
2026.08.02 01:15:26 INFO  no build target found for /Users/nilayshrivastava/Documents/programming_language/scala/learning_scala/fp_in_scala/inorder.scala. Using presentation compiler with project's scala-library version: 3.8.4[0m
2026.08.02 01:15:26 INFO  no build target found for /Users/nilayshrivastava/Documents/programming_language/scala/learning_scala/fp_in_scala/inorder.scala. Using presentation compiler with project's scala-library version: 3.8.4[0m
2026.08.02 01:15:26 INFO  no build target found for /Users/nilayshrivastava/Documents/programming_language/scala/learning_scala/fp_in_scala/inorder.scala. Using presentation compiler with project's scala-library version: 3.8.4[0m
2026.08.02 01:15:26 INFO  no build target found for /Users/nilayshrivastava/Documents/programming_language/scala/learning_scala/fp_in_scala/inorder.scala. Using presentation compiler with project's scala-library version: 3.8.4[0m
2026.08.02 01:15:26 INFO  no build target found for /Users/nilayshrivastava/Documents/programming_language/scala/learning_scala/fp_in_scala/inorder.scala. Using presentation compiler with project's scala-library version: 3.8.4[0m
2026.08.02 01:15:26 INFO  no build target found for /Users/nilayshrivastava/Documents/programming_language/scala/learning_scala/fp_in_scala/inorder.scala. Using presentation compiler with project's scala-library version: 3.8.4[0m
2026.08.02 01:15:26 INFO  no build target found for /Users/nilayshrivastava/Documents/programming_language/scala/learning_scala/fp_in_scala/inorder.scala. Using presentation compiler with project's scala-library version: 3.8.4[0m
2026.08.02 01:15:26 INFO  no build target found for /Users/nilayshrivastava/Documents/programming_language/scala/learning_scala/fp_in_scala/inorder.scala. Using presentation compiler with project's scala-library version: 3.8.4[0m
2026.08.02 01:15:26 INFO  no build target found for /Users/nilayshrivastava/Documents/programming_language/scala/learning_scala/fp_in_scala/inorder.scala. Using presentation compiler with project's scala-library version: 3.8.4[0m
2026.08.02 01:15:26 INFO  no build target found for /Users/nilayshrivastava/Documents/programming_language/scala/learning_scala/fp_in_scala/inorder.scala. Using presentation compiler with project's scala-library version: 3.8.4[0m
2026.08.02 01:15:27 INFO  no build target found for /Users/nilayshrivastava/Documents/programming_language/scala/learning_scala/fp_in_scala/inorder.scala. Using presentation compiler with project's scala-library version: 3.8.4[0m
2026.08.02 01:15:27 INFO  no build target found for /Users/nilayshrivastava/Documents/programming_language/scala/learning_scala/fp_in_scala/inorder.scala. Using presentation compiler with project's scala-library version: 3.8.4[0m
2026.08.02 01:15:27 INFO  no build target found for /Users/nilayshrivastava/Documents/programming_language/scala/learning_scala/fp_in_scala/inorder.scala. Using presentation compiler with project's scala-library version: 3.8.4[0m
2026.08.02 01:15:27 INFO  no build target found for /Users/nilayshrivastava/Documents/programming_language/scala/learning_scala/fp_in_scala/inorder.scala. Using presentation compiler with project's scala-library version: 3.8.4[0m
2026.08.02 01:15:27 INFO  no build target found for /Users/nilayshrivastava/Documents/programming_language/scala/learning_scala/fp_in_scala/inorder.scala. Using presentation compiler with project's scala-library version: 3.8.4[0m
2026.08.02 01:15:27 INFO  no build target found for /Users/nilayshrivastava/Documents/programming_language/scala/learning_scala/fp_in_scala/inorder.scala. Using presentation compiler with project's scala-library version: 3.8.4[0m
2026.08.02 01:15:27 INFO  no build target found for /Users/nilayshrivastava/Documents/programming_language/scala/learning_scala/fp_in_scala/inorder.scala. Using presentation compiler with project's scala-library version: 3.8.4[0m
2026.08.02 01:15:27 INFO  no build target found for /Users/nilayshrivastava/Documents/programming_language/scala/learning_scala/fp_in_scala/inorder.scala. Using presentation compiler with project's scala-library version: 3.8.4[0m
2026.08.02 01:15:27 INFO  no build target found for /Users/nilayshrivastava/Documents/programming_language/scala/learning_scala/fp_in_scala/inorder.scala. Using presentation compiler with project's scala-library version: 3.8.4[0m
2026.08.02 01:15:27 INFO  no build target found for /Users/nilayshrivastava/Documents/programming_language/scala/learning_scala/fp_in_scala/inorder.scala. Using presentation compiler with project's scala-library version: 3.8.4[0m
2026.08.02 01:15:27 INFO  no build target found for /Users/nilayshrivastava/Documents/programming_language/scala/learning_scala/fp_in_scala/inorder.scala. Using presentation compiler with project's scala-library version: 3.8.4[0m
2026.08.02 01:15:27 INFO  no build target found for /Users/nilayshrivastava/Documents/programming_language/scala/learning_scala/fp_in_scala/inorder.scala. Using presentation compiler with project's scala-library version: 3.8.4[0m
2026.08.02 01:15:27 INFO  no build target found for /Users/nilayshrivastava/Documents/programming_language/scala/learning_scala/fp_in_scala/inorder.scala. Using presentation compiler with project's scala-library version: 3.8.4[0m
2026.08.02 01:15:28 INFO  no build target found for /Users/nilayshrivastava/Documents/programming_language/scala/learning_scala/fp_in_scala/inorder.scala. Using presentation compiler with project's scala-library version: 3.8.4[0m
2026.08.02 01:15:28 INFO  no build target found for /Users/nilayshrivastava/Documents/programming_language/scala/learning_scala/fp_in_scala/inorder.scala. Using presentation compiler with project's scala-library version: 3.8.4[0m
2026.08.02 01:15:28 INFO  no build target found for /Users/nilayshrivastava/Documents/programming_language/scala/learning_scala/fp_in_scala/inorder.scala. Using presentation compiler with project's scala-library version: 3.8.4[0m
2026.08.02 01:15:28 INFO  no build target found for /Users/nilayshrivastava/Documents/programming_language/scala/learning_scala/fp_in_scala/inorder.scala. Using presentation compiler with project's scala-library version: 3.8.4[0m
2026.08.02 01:15:28 INFO  no build target found for /Users/nilayshrivastava/Documents/programming_language/scala/learning_scala/fp_in_scala/inorder.scala. Using presentation compiler with project's scala-library version: 3.8.4[0m
2026.08.02 01:15:28 INFO  no build target found for /Users/nilayshrivastava/Documents/programming_language/scala/learning_scala/fp_in_scala/inorder.scala. Using presentation compiler with project's scala-library version: 3.8.4[0m
2026.08.02 01:15:28 INFO  no build target found for /Users/nilayshrivastava/Documents/programming_language/scala/learning_scala/fp_in_scala/inorder.scala. Using presentation compiler with project's scala-library version: 3.8.4[0m
2026.08.02 01:15:28 INFO  no build target found for /Users/nilayshrivastava/Documents/programming_language/scala/learning_scala/fp_in_scala/inorder.scala. Using presentation compiler with project's scala-library version: 3.8.4[0m
2026.08.02 01:15:28 INFO  no build target found for /Users/nilayshrivastava/Documents/programming_language/scala/learning_scala/fp_in_scala/inorder.scala. Using presentation compiler with project's scala-library version: 3.8.4[0m
2026.08.02 01:15:28 INFO  no build target found for /Users/nilayshrivastava/Documents/programming_language/scala/learning_scala/fp_in_scala/inorder.scala. Using presentation compiler with project's scala-library version: 3.8.4[0m
2026.08.02 01:15:28 INFO  no build target found for /Users/nilayshrivastava/Documents/programming_language/scala/learning_scala/fp_in_scala/inorder.scala. Using presentation compiler with project's scala-library version: 3.8.4[0m
2026.08.02 01:15:30 INFO  no build target found for /Users/nilayshrivastava/Documents/programming_language/scala/learning_scala/fp_in_scala/inorder.scala. Using presentation compiler with project's scala-library version: 3.8.4[0m
2026.08.02 01:15:30 INFO  no build target found for /Users/nilayshrivastava/Documents/programming_language/scala/learning_scala/fp_in_scala/inorder.scala. Using presentation compiler with project's scala-library version: 3.8.4[0m
2026.08.02 01:15:30 INFO  no build target found for /Users/nilayshrivastava/Documents/programming_language/scala/learning_scala/fp_in_scala/inorder.scala. Using presentation compiler with project's scala-library version: 3.8.4[0m
2026.08.02 01:15:30 INFO  no build target found for /Users/nilayshrivastava/Documents/programming_language/scala/learning_scala/fp_in_scala/inorder.scala. Using presentation compiler with project's scala-library version: 3.8.4[0m
2026.08.02 01:15:30 INFO  no build target found for /Users/nilayshrivastava/Documents/programming_language/scala/learning_scala/fp_in_scala/inorder.scala. Using presentation compiler with project's scala-library version: 3.8.4[0m
2026.08.02 01:15:30 INFO  no build target found for /Users/nilayshrivastava/Documents/programming_language/scala/learning_scala/fp_in_scala/inorder.scala. Using presentation compiler with project's scala-library version: 3.8.4[0m
2026.08.02 01:15:30 INFO  no build target found for /Users/nilayshrivastava/Documents/programming_language/scala/learning_scala/fp_in_scala/inorder.scala. Using presentation compiler with project's scala-library version: 3.8.4[0m
2026.08.02 01:15:30 INFO  no build target found for /Users/nilayshrivastava/Documents/programming_language/scala/learning_scala/fp_in_scala/inorder.scala. Using presentation compiler with project's scala-library version: 3.8.4[0m
2026.08.02 01:15:30 INFO  no build target found for /Users/nilayshrivastava/Documents/programming_language/scala/learning_scala/fp_in_scala/inorder.scala. Using presentation compiler with project's scala-library version: 3.8.4[0m
2026.08.02 01:15:31 INFO  no build target found for /Users/nilayshrivastava/Documents/programming_language/scala/learning_scala/fp_in_scala/inorder.scala. Using presentation compiler with project's scala-library version: 3.8.4[0m
2026.08.02 01:17:32 INFO  no build target found for /Users/nilayshrivastava/Documents/programming_language/scala/learning_scala/fp_in_scala/inorder.scala. Using presentation compiler with project's scala-library version: 3.8.4[0m
2026.08.02 01:17:32 INFO  no build target found for /Users/nilayshrivastava/Documents/programming_language/scala/learning_scala/fp_in_scala/inorder.scala. Using presentation compiler with project's scala-library version: 3.8.4[0m
2026.08.02 01:17:32 INFO  no build target found for /Users/nilayshrivastava/Documents/programming_language/scala/learning_scala/fp_in_scala/inorder.scala. Using presentation compiler with project's scala-library version: 3.8.4[0m
2026.08.02 01:17:32 INFO  no build target found for /Users/nilayshrivastava/Documents/programming_language/scala/learning_scala/fp_in_scala/inorder.scala. Using presentation compiler with project's scala-library version: 3.8.4[0m
2026.08.02 01:17:32 INFO  no build target found for /Users/nilayshrivastava/Documents/programming_language/scala/learning_scala/fp_in_scala/inorder.scala. Using presentation compiler with project's scala-library version: 3.8.4[0m
2026.08.02 01:17:32 INFO  no build target found for /Users/nilayshrivastava/Documents/programming_language/scala/learning_scala/fp_in_scala/inorder.scala. Using presentation compiler with project's scala-library version: 3.8.4[0m
2026.08.02 01:17:32 INFO  no build target found for /Users/nilayshrivastava/Documents/programming_language/scala/learning_scala/fp_in_scala/inorder.scala. Using presentation compiler with project's scala-library version: 3.8.4[0m
2026.08.02 01:17:32 INFO  no build target found for /Users/nilayshrivastava/Documents/programming_language/scala/learning_scala/fp_in_scala/inorder.scala. Using presentation compiler with project's scala-library version: 3.8.4[0m
2026.08.02 01:17:32 INFO  no build target found for /Users/nilayshrivastava/Documents/programming_language/scala/learning_scala/fp_in_scala/inorder.scala. Using presentation compiler with project's scala-library version: 3.8.4[0m
2026.08.02 01:17:32 INFO  no build target found for /Users/nilayshrivastava/Documents/programming_language/scala/learning_scala/fp_in_scala/inorder.scala. Using presentation compiler with project's scala-library version: 3.8.4[0m
2026.08.02 01:17:32 INFO  no build target found for /Users/nilayshrivastava/Documents/programming_language/scala/learning_scala/fp_in_scala/inorder.scala. Using presentation compiler with project's scala-library version: 3.8.4[0m
2026.08.02 01:17:32 INFO  no build target found for /Users/nilayshrivastava/Documents/programming_language/scala/learning_scala/fp_in_scala/inorder.scala. Using presentation compiler with project's scala-library version: 3.8.4[0m
2026.08.02 01:17:32 INFO  no build target found for /Users/nilayshrivastava/Documents/programming_language/scala/learning_scala/fp_in_scala/inorder.scala. Using presentation compiler with project's scala-library version: 3.8.4[0m
2026.08.02 01:17:32 INFO  no build target found for /Users/nilayshrivastava/Documents/programming_language/scala/learning_scala/fp_in_scala/inorder.scala. Using presentation compiler with project's scala-library version: 3.8.4[0m
2026.08.02 01:17:33 INFO  no build target found for /Users/nilayshrivastava/Documents/programming_language/scala/learning_scala/fp_in_scala/inorder.scala. Using presentation compiler with project's scala-library version: 3.8.4[0m
2026.08.02 01:17:33 INFO  no build target found for /Users/nilayshrivastava/Documents/programming_language/scala/learning_scala/fp_in_scala/inorder.scala. Using presentation compiler with project's scala-library version: 3.8.4[0m
2026.08.02 01:17:33 INFO  no build target found for /Users/nilayshrivastava/Documents/programming_language/scala/learning_scala/fp_in_scala/inorder.scala. Using presentation compiler with project's scala-library version: 3.8.4[0m
2026.08.02 01:17:33 INFO  no build target found for /Users/nilayshrivastava/Documents/programming_language/scala/learning_scala/fp_in_scala/inorder.scala. Using presentation compiler with project's scala-library version: 3.8.4[0m
2026.08.02 01:17:33 INFO  no build target found for /Users/nilayshrivastava/Documents/programming_language/scala/learning_scala/fp_in_scala/inorder.scala. Using presentation compiler with project's scala-library version: 3.8.4[0m
2026.08.02 01:17:33 INFO  no build target found for /Users/nilayshrivastava/Documents/programming_language/scala/learning_scala/fp_in_scala/inorder.scala. Using presentation compiler with project's scala-library version: 3.8.4[0m
2026.08.02 01:17:33 INFO  no build target found for /Users/nilayshrivastava/Documents/programming_language/scala/learning_scala/fp_in_scala/inorder.scala. Using presentation compiler with project's scala-library version: 3.8.4[0m
2026.08.02 01:17:33 INFO  no build target found for /Users/nilayshrivastava/Documents/programming_language/scala/learning_scala/fp_in_scala/inorder.scala. Using presentation compiler with project's scala-library version: 3.8.4[0m
2026.08.02 01:17:33 INFO  no build target found for /Users/nilayshrivastava/Documents/programming_language/scala/learning_scala/fp_in_scala/inorder.scala. Using presentation compiler with project's scala-library version: 3.8.4[0m
2026.08.02 01:17:33 INFO  no build target found for /Users/nilayshrivastava/Documents/programming_language/scala/learning_scala/fp_in_scala/inorder.scala. Using presentation compiler with project's scala-library version: 3.8.4[0m
2026.08.02 01:17:33 INFO  no build target found for /Users/nilayshrivastava/Documents/programming_language/scala/learning_scala/fp_in_scala/inorder.scala. Using presentation compiler with project's scala-library version: 3.8.4[0m
2026.08.02 01:17:33 INFO  no build target found for /Users/nilayshrivastava/Documents/programming_language/scala/learning_scala/fp_in_scala/inorder.scala. Using presentation compiler with project's scala-library version: 3.8.4[0m
2026.08.02 01:17:33 INFO  no build target found for /Users/nilayshrivastava/Documents/programming_language/scala/learning_scala/fp_in_scala/inorder.scala. Using presentation compiler with project's scala-library version: 3.8.4[0m
2026.08.02 01:17:33 INFO  no build target found for /Users/nilayshrivastava/Documents/programming_language/scala/learning_scala/fp_in_scala/inorder.scala. Using presentation compiler with project's scala-library version: 3.8.4[0m
2026.08.02 01:17:33 INFO  no build target found for /Users/nilayshrivastava/Documents/programming_language/scala/learning_scala/fp_in_scala/inorder.scala. Using presentation compiler with project's scala-library version: 3.8.4[0m
2026.08.02 01:17:33 INFO  no build target found for /Users/nilayshrivastava/Documents/programming_language/scala/learning_scala/fp_in_scala/inorder.scala. Using presentation compiler with project's scala-library version: 3.8.4[0m
2026.08.02 01:17:33 INFO  no build target found for /Users/nilayshrivastava/Documents/programming_language/scala/learning_scala/fp_in_scala/inorder.scala. Using presentation compiler with project's scala-library version: 3.8.4[0m
2026.08.02 01:17:33 INFO  no build target found for /Users/nilayshrivastava/Documents/programming_language/scala/learning_scala/fp_in_scala/inorder.scala. Using presentation compiler with project's scala-library version: 3.8.4[0m
2026.08.02 01:17:35 INFO  no build target found for /Users/nilayshrivastava/Documents/programming_language/scala/learning_scala/fp_in_scala/inorder.scala. Using presentation compiler with project's scala-library version: 3.8.4[0m
2026.08.02 01:17:35 INFO  no build target found for /Users/nilayshrivastava/Documents/programming_language/scala/learning_scala/fp_in_scala/inorder.scala. Using presentation compiler with project's scala-library version: 3.8.4[0m
2026.08.02 01:17:35 INFO  no build target found for /Users/nilayshrivastava/Documents/programming_language/scala/learning_scala/fp_in_scala/inorder.scala. Using presentation compiler with project's scala-library version: 3.8.4[0m
2026.08.02 01:17:35 INFO  no build target found for /Users/nilayshrivastava/Documents/programming_language/scala/learning_scala/fp_in_scala/inorder.scala. Using presentation compiler with project's scala-library version: 3.8.4[0m
2026.08.02 01:17:35 INFO  no build target found for /Users/nilayshrivastava/Documents/programming_language/scala/learning_scala/fp_in_scala/inorder.scala. Using presentation compiler with project's scala-library version: 3.8.4[0m
2026.08.02 01:17:35 INFO  no build target found for /Users/nilayshrivastava/Documents/programming_language/scala/learning_scala/fp_in_scala/inorder.scala. Using presentation compiler with project's scala-library version: 3.8.4[0m
2026.08.02 01:17:35 INFO  no build target found for /Users/nilayshrivastava/Documents/programming_language/scala/learning_scala/fp_in_scala/inorder.scala. Using presentation compiler with project's scala-library version: 3.8.4[0m
2026.08.02 01:17:35 INFO  no build target found for /Users/nilayshrivastava/Documents/programming_language/scala/learning_scala/fp_in_scala/inorder.scala. Using presentation compiler with project's scala-library version: 3.8.4[0m
2026.08.02 01:17:35 INFO  no build target found for /Users/nilayshrivastava/Documents/programming_language/scala/learning_scala/fp_in_scala/inorder.scala. Using presentation compiler with project's scala-library version: 3.8.4[0m
2026.08.02 01:17:35 INFO  no build target found for /Users/nilayshrivastava/Documents/programming_language/scala/learning_scala/fp_in_scala/inorder.scala. Using presentation compiler with project's scala-library version: 3.8.4[0m
2026.08.02 01:17:36 INFO  no build target found for /Users/nilayshrivastava/Documents/programming_language/scala/learning_scala/fp_in_scala/inorder.scala. Using presentation compiler with project's scala-library version: 3.8.4[0m
2026.08.02 01:17:36 INFO  no build target found for /Users/nilayshrivastava/Documents/programming_language/scala/learning_scala/fp_in_scala/inorder.scala. Using presentation compiler with project's scala-library version: 3.8.4[0m
2026.08.02 01:17:36 INFO  no build target found for /Users/nilayshrivastava/Documents/programming_language/scala/learning_scala/fp_in_scala/inorder.scala. Using presentation compiler with project's scala-library version: 3.8.4[0m
2026.08.02 01:17:36 INFO  no build target found for /Users/nilayshrivastava/Documents/programming_language/scala/learning_scala/fp_in_scala/inorder.scala. Using presentation compiler with project's scala-library version: 3.8.4[0m
2026.08.02 01:17:36 INFO  no build target found for /Users/nilayshrivastava/Documents/programming_language/scala/learning_scala/fp_in_scala/inorder.scala. Using presentation compiler with project's scala-library version: 3.8.4[0m
2026.08.02 01:17:36 INFO  no build target found for /Users/nilayshrivastava/Documents/programming_language/scala/learning_scala/fp_in_scala/inorder.scala. Using presentation compiler with project's scala-library version: 3.8.4[0m
2026.08.02 01:17:36 INFO  no build target found for /Users/nilayshrivastava/Documents/programming_language/scala/learning_scala/fp_in_scala/inorder.scala. Using presentation compiler with project's scala-library version: 3.8.4[0m
2026.08.02 01:17:36 INFO  no build target found for /Users/nilayshrivastava/Documents/programming_language/scala/learning_scala/fp_in_scala/inorder.scala. Using presentation compiler with project's scala-library version: 3.8.4[0m
2026.08.02 01:17:36 INFO  no build target found for /Users/nilayshrivastava/Documents/programming_language/scala/learning_scala/fp_in_scala/inorder.scala. Using presentation compiler with project's scala-library version: 3.8.4[0m
2026.08.02 01:17:36 INFO  no build target found for /Users/nilayshrivastava/Documents/programming_language/scala/learning_scala/fp_in_scala/inorder.scala. Using presentation compiler with project's scala-library version: 3.8.4[0m
2026.08.02 01:17:36 INFO  no build target found for /Users/nilayshrivastava/Documents/programming_language/scala/learning_scala/fp_in_scala/inorder.scala. Using presentation compiler with project's scala-library version: 3.8.4[0m
2026.08.02 01:17:36 INFO  no build target found for /Users/nilayshrivastava/Documents/programming_language/scala/learning_scala/fp_in_scala/inorder.scala. Using presentation compiler with project's scala-library version: 3.8.4[0m
2026.08.02 01:17:36 INFO  no build target found for /Users/nilayshrivastava/Documents/programming_language/scala/learning_scala/fp_in_scala/inorder.scala. Using presentation compiler with project's scala-library version: 3.8.4[0m
2026.08.02 01:17:37 INFO  no build target found for /Users/nilayshrivastava/Documents/programming_language/scala/learning_scala/fp_in_scala/inorder.scala. Using presentation compiler with project's scala-library version: 3.8.4[0m
2026.08.02 01:17:37 INFO  no build target found for /Users/nilayshrivastava/Documents/programming_language/scala/learning_scala/fp_in_scala/inorder.scala. Using presentation compiler with project's scala-library version: 3.8.4[0m
2026.08.02 01:17:37 INFO  no build target found for /Users/nilayshrivastava/Documents/programming_language/scala/learning_scala/fp_in_scala/inorder.scala. Using presentation compiler with project's scala-library version: 3.8.4[0m
2026.08.02 01:17:37 INFO  no build target found for /Users/nilayshrivastava/Documents/programming_language/scala/learning_scala/fp_in_scala/inorder.scala. Using presentation compiler with project's scala-library version: 3.8.4[0m
2026.08.02 01:17:37 INFO  no build target found for /Users/nilayshrivastava/Documents/programming_language/scala/learning_scala/fp_in_scala/inorder.scala. Using presentation compiler with project's scala-library version: 3.8.4[0m
2026.08.02 01:17:37 INFO  no build target found for /Users/nilayshrivastava/Documents/programming_language/scala/learning_scala/fp_in_scala/inorder.scala. Using presentation compiler with project's scala-library version: 3.8.4[0m
2026.08.02 01:17:37 INFO  no build target found for /Users/nilayshrivastava/Documents/programming_language/scala/learning_scala/fp_in_scala/inorder.scala. Using presentation compiler with project's scala-library version: 3.8.4[0m
2026.08.02 01:17:37 INFO  no build target found for /Users/nilayshrivastava/Documents/programming_language/scala/learning_scala/fp_in_scala/inorder.scala. Using presentation compiler with project's scala-library version: 3.8.4[0m
2026.08.02 01:17:37 INFO  no build target found for /Users/nilayshrivastava/Documents/programming_language/scala/learning_scala/fp_in_scala/inorder.scala. Using presentation compiler with project's scala-library version: 3.8.4[0m
2026.08.02 01:17:37 INFO  no build target found for /Users/nilayshrivastava/Documents/programming_language/scala/learning_scala/fp_in_scala/inorder.scala. Using presentation compiler with project's scala-library version: 3.8.4[0m
2026.08.02 01:17:37 INFO  no build target found for /Users/nilayshrivastava/Documents/programming_language/scala/learning_scala/fp_in_scala/inorder.scala. Using presentation compiler with project's scala-library version: 3.8.4[0m
2026.08.02 01:17:37 INFO  no build target found for /Users/nilayshrivastava/Documents/programming_language/scala/learning_scala/fp_in_scala/inorder.scala. Using presentation compiler with project's scala-library version: 3.8.4[0m
2026.08.02 01:17:37 INFO  no build target found for /Users/nilayshrivastava/Documents/programming_language/scala/learning_scala/fp_in_scala/inorder.scala. Using presentation compiler with project's scala-library version: 3.8.4[0m
2026.08.02 01:17:37 INFO  no build target found for /Users/nilayshrivastava/Documents/programming_language/scala/learning_scala/fp_in_scala/inorder.scala. Using presentation compiler with project's scala-library version: 3.8.4[0m
2026.08.02 01:17:38 INFO  no build target found for /Users/nilayshrivastava/Documents/programming_language/scala/learning_scala/fp_in_scala/inorder.scala. Using presentation compiler with project's scala-library version: 3.8.4[0m
2026.08.02 01:17:38 INFO  no build target found for /Users/nilayshrivastava/Documents/programming_language/scala/learning_scala/fp_in_scala/inorder.scala. Using presentation compiler with project's scala-library version: 3.8.4[0m
2026.08.02 01:17:38 INFO  no build target found for /Users/nilayshrivastava/Documents/programming_language/scala/learning_scala/fp_in_scala/inorder.scala. Using presentation compiler with project's scala-library version: 3.8.4[0m
2026.08.02 01:17:38 INFO  no build target found for /Users/nilayshrivastava/Documents/programming_language/scala/learning_scala/fp_in_scala/inorder.scala. Using presentation compiler with project's scala-library version: 3.8.4[0m
2026.08.02 01:17:38 INFO  no build target found for /Users/nilayshrivastava/Documents/programming_language/scala/learning_scala/fp_in_scala/inorder.scala. Using presentation compiler with project's scala-library version: 3.8.4[0m
2026.08.02 01:17:38 INFO  no build target found for /Users/nilayshrivastava/Documents/programming_language/scala/learning_scala/fp_in_scala/inorder.scala. Using presentation compiler with project's scala-library version: 3.8.4[0m
2026.08.02 01:17:38 INFO  no build target found for /Users/nilayshrivastava/Documents/programming_language/scala/learning_scala/fp_in_scala/inorder.scala. Using presentation compiler with project's scala-library version: 3.8.4[0m
2026.08.02 01:17:38 INFO  no build target found for /Users/nilayshrivastava/Documents/programming_language/scala/learning_scala/fp_in_scala/inorder.scala. Using presentation compiler with project's scala-library version: 3.8.4[0m
2026.08.02 01:17:38 INFO  no build target found for /Users/nilayshrivastava/Documents/programming_language/scala/learning_scala/fp_in_scala/inorder.scala. Using presentation compiler with project's scala-library version: 3.8.4[0m
2026.08.02 01:17:38 INFO  no build target found for /Users/nilayshrivastava/Documents/programming_language/scala/learning_scala/fp_in_scala/inorder.scala. Using presentation compiler with project's scala-library version: 3.8.4[0m
2026.08.02 01:17:38 INFO  no build target found for /Users/nilayshrivastava/Documents/programming_language/scala/learning_scala/fp_in_scala/inorder.scala. Using presentation compiler with project's scala-library version: 3.8.4[0m
2026.08.02 01:17:38 INFO  no build target found for /Users/nilayshrivastava/Documents/programming_language/scala/learning_scala/fp_in_scala/inorder.scala. Using presentation compiler with project's scala-library version: 3.8.4[0m
2026.08.02 01:17:38 INFO  no build target found for /Users/nilayshrivastava/Documents/programming_language/scala/learning_scala/fp_in_scala/inorder.scala. Using presentation compiler with project's scala-library version: 3.8.4[0m
2026.08.02 01:17:38 INFO  no build target found for /Users/nilayshrivastava/Documents/programming_language/scala/learning_scala/fp_in_scala/inorder.scala. Using presentation compiler with project's scala-library version: 3.8.4[0m
2026.08.02 01:17:38 INFO  no build target found for /Users/nilayshrivastava/Documents/programming_language/scala/learning_scala/fp_in_scala/inorder.scala. Using presentation compiler with project's scala-library version: 3.8.4[0m
2026.08.02 01:17:38 INFO  no build target found for /Users/nilayshrivastava/Documents/programming_language/scala/learning_scala/fp_in_scala/inorder.scala. Using presentation compiler with project's scala-library version: 3.8.4[0m
2026.08.02 01:17:38 INFO  no build target found for /Users/nilayshrivastava/Documents/programming_language/scala/learning_scala/fp_in_scala/inorder.scala. Using presentation compiler with project's scala-library version: 3.8.4[0m
2026.08.02 01:17:39 INFO  no build target found for /Users/nilayshrivastava/Documents/programming_language/scala/learning_scala/fp_in_scala/inorder.scala. Using presentation compiler with project's scala-library version: 3.8.4[0m
2026.08.02 01:17:39 INFO  no build target found for /Users/nilayshrivastava/Documents/programming_language/scala/learning_scala/fp_in_scala/inorder.scala. Using presentation compiler with project's scala-library version: 3.8.4[0m
2026.08.02 01:17:39 INFO  no build target found for /Users/nilayshrivastava/Documents/programming_language/scala/learning_scala/fp_in_scala/inorder.scala. Using presentation compiler with project's scala-library version: 3.8.4[0m
2026.08.02 01:17:39 INFO  no build target found for /Users/nilayshrivastava/Documents/programming_language/scala/learning_scala/fp_in_scala/inorder.scala. Using presentation compiler with project's scala-library version: 3.8.4[0m
2026.08.02 01:17:39 INFO  no build target found for /Users/nilayshrivastava/Documents/programming_language/scala/learning_scala/fp_in_scala/inorder.scala. Using presentation compiler with project's scala-library version: 3.8.4[0m
2026.08.02 01:17:39 INFO  no build target found for /Users/nilayshrivastava/Documents/programming_language/scala/learning_scala/fp_in_scala/inorder.scala. Using presentation compiler with project's scala-library version: 3.8.4[0m
2026.08.02 01:17:39 INFO  no build target found for /Users/nilayshrivastava/Documents/programming_language/scala/learning_scala/fp_in_scala/inorder.scala. Using presentation compiler with project's scala-library version: 3.8.4[0m
2026.08.02 01:17:39 INFO  no build target found for /Users/nilayshrivastava/Documents/programming_language/scala/learning_scala/fp_in_scala/inorder.scala. Using presentation compiler with project's scala-library version: 3.8.4[0m
2026.08.02 01:17:39 INFO  no build target found for /Users/nilayshrivastava/Documents/programming_language/scala/learning_scala/fp_in_scala/inorder.scala. Using presentation compiler with project's scala-library version: 3.8.4[0m
2026.08.02 01:17:39 INFO  no build target found for /Users/nilayshrivastava/Documents/programming_language/scala/learning_scala/fp_in_scala/inorder.scala. Using presentation compiler with project's scala-library version: 3.8.4[0m
2026.08.02 01:17:39 INFO  no build target found for /Users/nilayshrivastava/Documents/programming_language/scala/learning_scala/fp_in_scala/inorder.scala. Using presentation compiler with project's scala-library version: 3.8.4[0m
2026.08.02 01:17:39 INFO  no build target found for /Users/nilayshrivastava/Documents/programming_language/scala/learning_scala/fp_in_scala/inorder.scala. Using presentation compiler with project's scala-library version: 3.8.4[0m
2026.08.02 01:17:39 INFO  no build target found for /Users/nilayshrivastava/Documents/programming_language/scala/learning_scala/fp_in_scala/inorder.scala. Using presentation compiler with project's scala-library version: 3.8.4[0m
2026.08.02 01:17:39 INFO  no build target found for /Users/nilayshrivastava/Documents/programming_language/scala/learning_scala/fp_in_scala/inorder.scala. Using presentation compiler with project's scala-library version: 3.8.4[0m
2026.08.02 01:17:39 INFO  no build target found for /Users/nilayshrivastava/Documents/programming_language/scala/learning_scala/fp_in_scala/inorder.scala. Using presentation compiler with project's scala-library version: 3.8.4[0m
2026.08.02 01:17:39 INFO  no build target found for /Users/nilayshrivastava/Documents/programming_language/scala/learning_scala/fp_in_scala/inorder.scala. Using presentation compiler with project's scala-library version: 3.8.4[0m
2026.08.02 01:17:40 INFO  no build target found for /Users/nilayshrivastava/Documents/programming_language/scala/learning_scala/fp_in_scala/inorder.scala. Using presentation compiler with project's scala-library version: 3.8.4[0m
2026.08.02 01:17:40 INFO  no build target found for /Users/nilayshrivastava/Documents/programming_language/scala/learning_scala/fp_in_scala/inorder.scala. Using presentation compiler with project's scala-library version: 3.8.4[0m
2026.08.02 01:17:40 INFO  no build target found for /Users/nilayshrivastava/Documents/programming_language/scala/learning_scala/fp_in_scala/inorder.scala. Using presentation compiler with project's scala-library version: 3.8.4[0m
2026.08.02 01:17:40 INFO  no build target found for /Users/nilayshrivastava/Documents/programming_language/scala/learning_scala/fp_in_scala/inorder.scala. Using presentation compiler with project's scala-library version: 3.8.4[0m
2026.08.02 01:17:40 INFO  no build target found for /Users/nilayshrivastava/Documents/programming_language/scala/learning_scala/fp_in_scala/inorder.scala. Using presentation compiler with project's scala-library version: 3.8.4[0m
2026.08.02 01:17:40 INFO  no build target found for /Users/nilayshrivastava/Documents/programming_language/scala/learning_scala/fp_in_scala/inorder.scala. Using presentation compiler with project's scala-library version: 3.8.4[0m
2026.08.02 01:17:40 INFO  no build target found for /Users/nilayshrivastava/Documents/programming_language/scala/learning_scala/fp_in_scala/inorder.scala. Using presentation compiler with project's scala-library version: 3.8.4[0m
2026.08.02 01:17:40 INFO  no build target found for /Users/nilayshrivastava/Documents/programming_language/scala/learning_scala/fp_in_scala/inorder.scala. Using presentation compiler with project's scala-library version: 3.8.4[0m
2026.08.02 01:17:40 INFO  no build target found for /Users/nilayshrivastava/Documents/programming_language/scala/learning_scala/fp_in_scala/inorder.scala. Using presentation compiler with project's scala-library version: 3.8.4[0m
2026.08.02 01:17:40 INFO  no build target found for /Users/nilayshrivastava/Documents/programming_language/scala/learning_scala/fp_in_scala/inorder.scala. Using presentation compiler with project's scala-library version: 3.8.4[0m
2026.08.02 01:17:40 INFO  no build target found for /Users/nilayshrivastava/Documents/programming_language/scala/learning_scala/fp_in_scala/inorder.scala. Using presentation compiler with project's scala-library version: 3.8.4[0m
2026.08.02 01:17:41 INFO  no build target found for /Users/nilayshrivastava/Documents/programming_language/scala/learning_scala/fp_in_scala/inorder.scala. Using presentation compiler with project's scala-library version: 3.8.4[0m
2026.08.02 01:17:41 INFO  no build target found for /Users/nilayshrivastava/Documents/programming_language/scala/learning_scala/fp_in_scala/inorder.scala. Using presentation compiler with project's scala-library version: 3.8.4[0m
2026.08.02 01:17:41 INFO  no build target found for /Users/nilayshrivastava/Documents/programming_language/scala/learning_scala/fp_in_scala/inorder.scala. Using presentation compiler with project's scala-library version: 3.8.4[0m
2026.08.02 01:17:41 INFO  no build target found for /Users/nilayshrivastava/Documents/programming_language/scala/learning_scala/fp_in_scala/inorder.scala. Using presentation compiler with project's scala-library version: 3.8.4[0m
2026.08.02 01:17:41 INFO  no build target found for /Users/nilayshrivastava/Documents/programming_language/scala/learning_scala/fp_in_scala/inorder.scala. Using presentation compiler with project's scala-library version: 3.8.4[0m
2026.08.02 01:17:41 INFO  no build target found for /Users/nilayshrivastava/Documents/programming_language/scala/learning_scala/fp_in_scala/inorder.scala. Using presentation compiler with project's scala-library version: 3.8.4[0m
2026.08.02 01:17:41 INFO  no build target found for /Users/nilayshrivastava/Documents/programming_language/scala/learning_scala/fp_in_scala/inorder.scala. Using presentation compiler with project's scala-library version: 3.8.4[0m
2026.08.02 01:17:41 INFO  no build target found for /Users/nilayshrivastava/Documents/programming_language/scala/learning_scala/fp_in_scala/inorder.scala. Using presentation compiler with project's scala-library version: 3.8.4[0m
2026.08.02 01:17:41 INFO  no build target found for /Users/nilayshrivastava/Documents/programming_language/scala/learning_scala/fp_in_scala/inorder.scala. Using presentation compiler with project's scala-library version: 3.8.4[0m
2026.08.02 01:17:41 INFO  no build target found for /Users/nilayshrivastava/Documents/programming_language/scala/learning_scala/fp_in_scala/inorder.scala. Using presentation compiler with project's scala-library version: 3.8.4[0m
2026.08.02 01:17:41 INFO  no build target found for /Users/nilayshrivastava/Documents/programming_language/scala/learning_scala/fp_in_scala/inorder.scala. Using presentation compiler with project's scala-library version: 3.8.4[0m
2026.08.02 01:17:41 INFO  no build target found for /Users/nilayshrivastava/Documents/programming_language/scala/learning_scala/fp_in_scala/inorder.scala. Using presentation compiler with project's scala-library version: 3.8.4[0m
2026.08.02 01:17:41 INFO  no build target found for /Users/nilayshrivastava/Documents/programming_language/scala/learning_scala/fp_in_scala/inorder.scala. Using presentation compiler with project's scala-library version: 3.8.4[0m
2026.08.02 01:17:41 INFO  no build target found for /Users/nilayshrivastava/Documents/programming_language/scala/learning_scala/fp_in_scala/inorder.scala. Using presentation compiler with project's scala-library version: 3.8.4[0m
2026.08.02 01:17:41 INFO  no build target found for /Users/nilayshrivastava/Documents/programming_language/scala/learning_scala/fp_in_scala/inorder.scala. Using presentation compiler with project's scala-library version: 3.8.4[0m
2026.08.02 01:17:41 INFO  no build target found for /Users/nilayshrivastava/Documents/programming_language/scala/learning_scala/fp_in_scala/inorder.scala. Using presentation compiler with project's scala-library version: 3.8.4[0m
2026.08.02 01:17:42 INFO  no build target found for /Users/nilayshrivastava/Documents/programming_language/scala/learning_scala/fp_in_scala/inorder.scala. Using presentation compiler with project's scala-library version: 3.8.4[0m
2026.08.02 01:17:42 INFO  no build target found for /Users/nilayshrivastava/Documents/programming_language/scala/learning_scala/fp_in_scala/inorder.scala. Using presentation compiler with project's scala-library version: 3.8.4[0m
2026.08.02 01:17:42 INFO  no build target found for /Users/nilayshrivastava/Documents/programming_language/scala/learning_scala/fp_in_scala/inorder.scala. Using presentation compiler with project's scala-library version: 3.8.4[0m
2026.08.02 01:17:42 INFO  no build target found for /Users/nilayshrivastava/Documents/programming_language/scala/learning_scala/fp_in_scala/inorder.scala. Using presentation compiler with project's scala-library version: 3.8.4[0m
2026.08.02 01:17:42 INFO  no build target found for /Users/nilayshrivastava/Documents/programming_language/scala/learning_scala/fp_in_scala/inorder.scala. Using presentation compiler with project's scala-library version: 3.8.4[0m
2026.08.02 01:17:42 INFO  no build target found for /Users/nilayshrivastava/Documents/programming_language/scala/learning_scala/fp_in_scala/inorder.scala. Using presentation compiler with project's scala-library version: 3.8.4[0m
2026.08.02 01:17:42 INFO  no build target found for /Users/nilayshrivastava/Documents/programming_language/scala/learning_scala/fp_in_scala/inorder.scala. Using presentation compiler with project's scala-library version: 3.8.4[0m
2026.08.02 01:17:42 INFO  no build target found for /Users/nilayshrivastava/Documents/programming_language/scala/learning_scala/fp_in_scala/inorder.scala. Using presentation compiler with project's scala-library version: 3.8.4[0m
2026.08.02 01:17:44 INFO  no build target found for /Users/nilayshrivastava/Documents/programming_language/scala/learning_scala/fp_in_scala/inorder.scala. Using presentation compiler with project's scala-library version: 3.8.4[0m
2026.08.02 01:17:44 INFO  no build target found for /Users/nilayshrivastava/Documents/programming_language/scala/learning_scala/fp_in_scala/inorder.scala. Using presentation compiler with project's scala-library version: 3.8.4[0m
2026.08.02 01:17:44 INFO  no build target found for /Users/nilayshrivastava/Documents/programming_language/scala/learning_scala/fp_in_scala/inorder.scala. Using presentation compiler with project's scala-library version: 3.8.4[0m
2026.08.02 01:17:44 INFO  no build target found for /Users/nilayshrivastava/Documents/programming_language/scala/learning_scala/fp_in_scala/inorder.scala. Using presentation compiler with project's scala-library version: 3.8.4[0m
2026.08.02 01:17:44 INFO  no build target found for /Users/nilayshrivastava/Documents/programming_language/scala/learning_scala/fp_in_scala/inorder.scala. Using presentation compiler with project's scala-library version: 3.8.4[0m
2026.08.02 01:17:44 INFO  no build target found for /Users/nilayshrivastava/Documents/programming_language/scala/learning_scala/fp_in_scala/inorder.scala. Using presentation compiler with project's scala-library version: 3.8.4[0m
2026.08.02 01:17:44 INFO  no build target found for /Users/nilayshrivastava/Documents/programming_language/scala/learning_scala/fp_in_scala/inorder.scala. Using presentation compiler with project's scala-library version: 3.8.4[0m
2026.08.02 01:17:44 INFO  no build target found for /Users/nilayshrivastava/Documents/programming_language/scala/learning_scala/fp_in_scala/inorder.scala. Using presentation compiler with project's scala-library version: 3.8.4[0m
2026.08.02 01:17:44 INFO  no build target found for /Users/nilayshrivastava/Documents/programming_language/scala/learning_scala/fp_in_scala/inorder.scala. Using presentation compiler with project's scala-library version: 3.8.4[0m
2026.08.02 01:17:44 INFO  no build target found for /Users/nilayshrivastava/Documents/programming_language/scala/learning_scala/fp_in_scala/inorder.scala. Using presentation compiler with project's scala-library version: 3.8.4[0m
2026.08.02 01:17:44 INFO  no build target found for /Users/nilayshrivastava/Documents/programming_language/scala/learning_scala/fp_in_scala/inorder.scala. Using presentation compiler with project's scala-library version: 3.8.4[0m
2026.08.02 01:17:44 INFO  no build target found for /Users/nilayshrivastava/Documents/programming_language/scala/learning_scala/fp_in_scala/inorder.scala. Using presentation compiler with project's scala-library version: 3.8.4[0m
2026.08.02 01:17:44 INFO  no build target found for /Users/nilayshrivastava/Documents/programming_language/scala/learning_scala/fp_in_scala/inorder.scala. Using presentation compiler with project's scala-library version: 3.8.4[0m
2026.08.02 01:17:45 INFO  no build target found for /Users/nilayshrivastava/Documents/programming_language/scala/learning_scala/fp_in_scala/inorder.scala. Using presentation compiler with project's scala-library version: 3.8.4[0m
2026.08.02 01:17:45 INFO  no build target found for /Users/nilayshrivastava/Documents/programming_language/scala/learning_scala/fp_in_scala/inorder.scala. Using presentation compiler with project's scala-library version: 3.8.4[0m
2026.08.02 01:17:45 INFO  no build target found for /Users/nilayshrivastava/Documents/programming_language/scala/learning_scala/fp_in_scala/inorder.scala. Using presentation compiler with project's scala-library version: 3.8.4[0m
2026.08.02 01:17:45 INFO  no build target found for /Users/nilayshrivastava/Documents/programming_language/scala/learning_scala/fp_in_scala/inorder.scala. Using presentation compiler with project's scala-library version: 3.8.4[0m
2026.08.02 01:17:45 INFO  no build target found for /Users/nilayshrivastava/Documents/programming_language/scala/learning_scala/fp_in_scala/inorder.scala. Using presentation compiler with project's scala-library version: 3.8.4[0m
2026.08.02 01:17:45 INFO  no build target found for /Users/nilayshrivastava/Documents/programming_language/scala/learning_scala/fp_in_scala/inorder.scala. Using presentation compiler with project's scala-library version: 3.8.4[0m
2026.08.02 01:17:45 INFO  no build target found for /Users/nilayshrivastava/Documents/programming_language/scala/learning_scala/fp_in_scala/inorder.scala. Using presentation compiler with project's scala-library version: 3.8.4[0m
2026.08.02 01:17:45 INFO  no build target found for /Users/nilayshrivastava/Documents/programming_language/scala/learning_scala/fp_in_scala/inorder.scala. Using presentation compiler with project's scala-library version: 3.8.4[0m
2026.08.02 01:17:45 INFO  no build target found for /Users/nilayshrivastava/Documents/programming_language/scala/learning_scala/fp_in_scala/inorder.scala. Using presentation compiler with project's scala-library version: 3.8.4[0m
2026.08.02 01:17:45 INFO  no build target found for /Users/nilayshrivastava/Documents/programming_language/scala/learning_scala/fp_in_scala/inorder.scala. Using presentation compiler with project's scala-library version: 3.8.4[0m
2026.08.02 01:17:45 INFO  no build target found for /Users/nilayshrivastava/Documents/programming_language/scala/learning_scala/fp_in_scala/inorder.scala. Using presentation compiler with project's scala-library version: 3.8.4[0m
2026.08.02 01:17:45 INFO  no build target found for /Users/nilayshrivastava/Documents/programming_language/scala/learning_scala/fp_in_scala/inorder.scala. Using presentation compiler with project's scala-library version: 3.8.4[0m
2026.08.02 01:17:49 INFO  no build target found for /Users/nilayshrivastava/Documents/programming_language/scala/learning_scala/fp_in_scala/inorder.scala. Using presentation compiler with project's scala-library version: 3.8.4[0m
2026.08.02 01:17:49 INFO  no build target found for /Users/nilayshrivastava/Documents/programming_language/scala/learning_scala/fp_in_scala/inorder.scala. Using presentation compiler with project's scala-library version: 3.8.4[0m
2026.08.02 01:17:50 INFO  no build target found for /Users/nilayshrivastava/Documents/programming_language/scala/learning_scala/fp_in_scala/inorder.scala. Using presentation compiler with project's scala-library version: 3.8.4[0m
2026.08.02 01:17:51 INFO  no build target found for /Users/nilayshrivastava/Documents/programming_language/scala/learning_scala/fp_in_scala/inorder.scala. Using presentation compiler with project's scala-library version: 3.8.4[0m
2026.08.02 01:17:51 INFO  no build target found for /Users/nilayshrivastava/Documents/programming_language/scala/learning_scala/fp_in_scala/inorder.scala. Using presentation compiler with project's scala-library version: 3.8.4[0m
2026.08.02 01:17:51 INFO  no build target found for /Users/nilayshrivastava/Documents/programming_language/scala/learning_scala/fp_in_scala/inorder.scala. Using presentation compiler with project's scala-library version: 3.8.4[0m
2026.08.02 01:17:53 INFO  no build target found for /Users/nilayshrivastava/Documents/programming_language/scala/learning_scala/fp_in_scala/inorder.scala. Using presentation compiler with project's scala-library version: 3.8.4[0m
2026.08.02 01:17:53 INFO  no build target found for /Users/nilayshrivastava/Documents/programming_language/scala/learning_scala/fp_in_scala/inorder.scala. Using presentation compiler with project's scala-library version: 3.8.4[0m
2026.08.02 01:17:53 INFO  no build target found for /Users/nilayshrivastava/Documents/programming_language/scala/learning_scala/fp_in_scala/inorder.scala. Using presentation compiler with project's scala-library version: 3.8.4[0m
2026.08.02 01:17:53 INFO  no build target found for /Users/nilayshrivastava/Documents/programming_language/scala/learning_scala/fp_in_scala/inorder.scala. Using presentation compiler with project's scala-library version: 3.8.4[0m
2026.08.02 01:17:53 INFO  no build target found for /Users/nilayshrivastava/Documents/programming_language/scala/learning_scala/fp_in_scala/inorder.scala. Using presentation compiler with project's scala-library version: 3.8.4[0m
2026.08.02 01:17:53 INFO  no build target found for /Users/nilayshrivastava/Documents/programming_language/scala/learning_scala/fp_in_scala/inorder.scala. Using presentation compiler with project's scala-library version: 3.8.4[0m
2026.08.02 01:17:53 INFO  no build target found for /Users/nilayshrivastava/Documents/programming_language/scala/learning_scala/fp_in_scala/inorder.scala. Using presentation compiler with project's scala-library version: 3.8.4[0m
2026.08.02 01:17:53 INFO  no build target found for /Users/nilayshrivastava/Documents/programming_language/scala/learning_scala/fp_in_scala/inorder.scala. Using presentation compiler with project's scala-library version: 3.8.4[0m
2026.08.02 01:17:54 INFO  no build target found for /Users/nilayshrivastava/Documents/programming_language/scala/learning_scala/fp_in_scala/inorder.scala. Using presentation compiler with project's scala-library version: 3.8.4[0m
2026.08.02 01:17:54 INFO  no build target found for /Users/nilayshrivastava/Documents/programming_language/scala/learning_scala/fp_in_scala/inorder.scala. Using presentation compiler with project's scala-library version: 3.8.4[0m
2026.08.02 01:17:54 INFO  no build target found for /Users/nilayshrivastava/Documents/programming_language/scala/learning_scala/fp_in_scala/inorder.scala. Using presentation compiler with project's scala-library version: 3.8.4[0m
2026.08.02 01:17:54 INFO  no build target found for /Users/nilayshrivastava/Documents/programming_language/scala/learning_scala/fp_in_scala/inorder.scala. Using presentation compiler with project's scala-library version: 3.8.4[0m
2026.08.02 01:17:54 INFO  no build target found for /Users/nilayshrivastava/Documents/programming_language/scala/learning_scala/fp_in_scala/inorder.scala. Using presentation compiler with project's scala-library version: 3.8.4[0m
2026.08.02 01:17:55 INFO  no build target found for /Users/nilayshrivastava/Documents/programming_language/scala/learning_scala/fp_in_scala/inorder.scala. Using presentation compiler with project's scala-library version: 3.8.4[0m
2026.08.02 01:17:55 INFO  no build target found for /Users/nilayshrivastava/Documents/programming_language/scala/learning_scala/fp_in_scala/inorder.scala. Using presentation compiler with project's scala-library version: 3.8.4[0m
2026.08.02 01:17:55 INFO  no build target found for /Users/nilayshrivastava/Documents/programming_language/scala/learning_scala/fp_in_scala/inorder.scala. Using presentation compiler with project's scala-library version: 3.8.4[0m
2026.08.02 01:17:57 INFO  no build target found for /Users/nilayshrivastava/Documents/programming_language/scala/learning_scala/fp_in_scala/inorder.scala. Using presentation compiler with project's scala-library version: 3.8.4[0m
2026.08.02 01:18:00 INFO  no build target found for /Users/nilayshrivastava/Documents/programming_language/scala/learning_scala/fp_in_scala/inorder.scala. Using presentation compiler with project's scala-library version: 3.8.4[0m
2026.08.02 01:18:00 INFO  no build target found for /Users/nilayshrivastava/Documents/programming_language/scala/learning_scala/fp_in_scala/inorder.scala. Using presentation compiler with project's scala-library version: 3.8.4[0m
2026.08.02 01:18:00 INFO  no build target found for /Users/nilayshrivastava/Documents/programming_language/scala/learning_scala/fp_in_scala/inorder.scala. Using presentation compiler with project's scala-library version: 3.8.4[0m
2026.08.02 01:18:00 INFO  no build target found for /Users/nilayshrivastava/Documents/programming_language/scala/learning_scala/fp_in_scala/inorder.scala. Using presentation compiler with project's scala-library version: 3.8.4[0m
2026.08.02 01:18:00 INFO  no build target found for /Users/nilayshrivastava/Documents/programming_language/scala/learning_scala/fp_in_scala/inorder.scala. Using presentation compiler with project's scala-library version: 3.8.4[0m
2026.08.02 01:18:00 INFO  no build target found for /Users/nilayshrivastava/Documents/programming_language/scala/learning_scala/fp_in_scala/inorder.scala. Using presentation compiler with project's scala-library version: 3.8.4[0m
2026.08.02 01:18:00 INFO  no build target found for /Users/nilayshrivastava/Documents/programming_language/scala/learning_scala/fp_in_scala/inorder.scala. Using presentation compiler with project's scala-library version: 3.8.4[0m
2026.08.02 01:18:01 INFO  no build target found for /Users/nilayshrivastava/Documents/programming_language/scala/learning_scala/fp_in_scala/inorder.scala. Using presentation compiler with project's scala-library version: 3.8.4[0m
2026.08.02 01:18:01 INFO  no build target found for /Users/nilayshrivastava/Documents/programming_language/scala/learning_scala/fp_in_scala/inorder.scala. Using presentation compiler with project's scala-library version: 3.8.4[0m
2026.08.02 01:18:01 INFO  no build target found for /Users/nilayshrivastava/Documents/programming_language/scala/learning_scala/fp_in_scala/inorder.scala. Using presentation compiler with project's scala-library version: 3.8.4[0m
2026.08.02 01:18:01 INFO  no build target found for /Users/nilayshrivastava/Documents/programming_language/scala/learning_scala/fp_in_scala/inorder.scala. Using presentation compiler with project's scala-library version: 3.8.4[0m
2026.08.02 01:18:01 INFO  no build target found for /Users/nilayshrivastava/Documents/programming_language/scala/learning_scala/fp_in_scala/inorder.scala. Using presentation compiler with project's scala-library version: 3.8.4[0m
2026.08.02 01:18:01 INFO  no build target found for /Users/nilayshrivastava/Documents/programming_language/scala/learning_scala/fp_in_scala/inorder.scala. Using presentation compiler with project's scala-library version: 3.8.4[0m
2026.08.02 01:18:01 INFO  no build target found for /Users/nilayshrivastava/Documents/programming_language/scala/learning_scala/fp_in_scala/inorder.scala. Using presentation compiler with project's scala-library version: 3.8.4[0m
2026.08.02 01:18:01 INFO  no build target found for /Users/nilayshrivastava/Documents/programming_language/scala/learning_scala/fp_in_scala/inorder.scala. Using presentation compiler with project's scala-library version: 3.8.4[0m
2026.08.02 01:18:01 INFO  no build target found for /Users/nilayshrivastava/Documents/programming_language/scala/learning_scala/fp_in_scala/inorder.scala. Using presentation compiler with project's scala-library version: 3.8.4[0m
2026.08.02 01:18:01 INFO  no build target found for /Users/nilayshrivastava/Documents/programming_language/scala/learning_scala/fp_in_scala/inorder.scala. Using presentation compiler with project's scala-library version: 3.8.4[0m
2026.08.02 01:18:01 INFO  no build target found for /Users/nilayshrivastava/Documents/programming_language/scala/learning_scala/fp_in_scala/inorder.scala. Using presentation compiler with project's scala-library version: 3.8.4[0m
2026.08.02 01:18:01 INFO  no build target found for /Users/nilayshrivastava/Documents/programming_language/scala/learning_scala/fp_in_scala/inorder.scala. Using presentation compiler with project's scala-library version: 3.8.4[0m
2026.08.02 01:18:03 INFO  no build target found for /Users/nilayshrivastava/Documents/programming_language/scala/learning_scala/fp_in_scala/inorder.scala. Using presentation compiler with project's scala-library version: 3.8.4[0m
2026.08.02 01:18:03 INFO  no build target found for /Users/nilayshrivastava/Documents/programming_language/scala/learning_scala/fp_in_scala/inorder.scala. Using presentation compiler with project's scala-library version: 3.8.4[0m
2026.08.02 01:18:03 INFO  no build target found for /Users/nilayshrivastava/Documents/programming_language/scala/learning_scala/fp_in_scala/inorder.scala. Using presentation compiler with project's scala-library version: 3.8.4[0m
2026.08.02 01:18:03 INFO  no build target found for /Users/nilayshrivastava/Documents/programming_language/scala/learning_scala/fp_in_scala/inorder.scala. Using presentation compiler with project's scala-library version: 3.8.4[0m
2026.08.02 01:18:03 INFO  no build target found for /Users/nilayshrivastava/Documents/programming_language/scala/learning_scala/fp_in_scala/inorder.scala. Using presentation compiler with project's scala-library version: 3.8.4[0m
2026.08.02 01:18:03 INFO  no build target found for /Users/nilayshrivastava/Documents/programming_language/scala/learning_scala/fp_in_scala/inorder.scala. Using presentation compiler with project's scala-library version: 3.8.4[0m
2026.08.02 01:18:03 INFO  no build target found for /Users/nilayshrivastava/Documents/programming_language/scala/learning_scala/fp_in_scala/inorder.scala. Using presentation compiler with project's scala-library version: 3.8.4[0m
2026.08.02 01:18:10 INFO  no build target found for /Users/nilayshrivastava/Documents/programming_language/scala/learning_scala/fp_in_scala/inorder.scala. Using presentation compiler with project's scala-library version: 3.8.4[0m
2026.08.02 01:18:10 INFO  no build target found for /Users/nilayshrivastava/Documents/programming_language/scala/learning_scala/fp_in_scala/inorder.scala. Using presentation compiler with project's scala-library version: 3.8.4[0m
2026.08.02 01:18:12 INFO  no build target found for /Users/nilayshrivastava/Documents/programming_language/scala/learning_scala/fp_in_scala/inorder.scala. Using presentation compiler with project's scala-library version: 3.8.4[0m
2026.08.02 01:18:12 INFO  no build target found for /Users/nilayshrivastava/Documents/programming_language/scala/learning_scala/fp_in_scala/inorder.scala. Using presentation compiler with project's scala-library version: 3.8.4[0m
2026.08.02 01:18:12 INFO  no build target found for /Users/nilayshrivastava/Documents/programming_language/scala/learning_scala/fp_in_scala/inorder.scala. Using presentation compiler with project's scala-library version: 3.8.4[0m
2026.08.02 01:18:12 INFO  no build target found for /Users/nilayshrivastava/Documents/programming_language/scala/learning_scala/fp_in_scala/inorder.scala. Using presentation compiler with project's scala-library version: 3.8.4[0m
2026.08.02 01:18:12 INFO  no build target found for /Users/nilayshrivastava/Documents/programming_language/scala/learning_scala/fp_in_scala/inorder.scala. Using presentation compiler with project's scala-library version: 3.8.4[0m
2026.08.02 01:18:12 INFO  no build target found for /Users/nilayshrivastava/Documents/programming_language/scala/learning_scala/fp_in_scala/inorder.scala. Using presentation compiler with project's scala-library version: 3.8.4[0m
2026.08.02 01:18:12 INFO  no build target found for /Users/nilayshrivastava/Documents/programming_language/scala/learning_scala/fp_in_scala/inorder.scala. Using presentation compiler with project's scala-library version: 3.8.4[0m
2026.08.02 01:18:12 INFO  no build target found for /Users/nilayshrivastava/Documents/programming_language/scala/learning_scala/fp_in_scala/inorder.scala. Using presentation compiler with project's scala-library version: 3.8.4[0m
2026.08.02 01:18:12 INFO  no build target found for /Users/nilayshrivastava/Documents/programming_language/scala/learning_scala/fp_in_scala/inorder.scala. Using presentation compiler with project's scala-library version: 3.8.4[0m
2026.08.02 01:18:13 INFO  no build target found for /Users/nilayshrivastava/Documents/programming_language/scala/learning_scala/fp_in_scala/inorder.scala. Using presentation compiler with project's scala-library version: 3.8.4[0m
2026.08.02 01:18:13 INFO  no build target found for /Users/nilayshrivastava/Documents/programming_language/scala/learning_scala/fp_in_scala/inorder.scala. Using presentation compiler with project's scala-library version: 3.8.4[0m
2026.08.02 01:18:13 INFO  no build target found for /Users/nilayshrivastava/Documents/programming_language/scala/learning_scala/fp_in_scala/inorder.scala. Using presentation compiler with project's scala-library version: 3.8.4[0m
2026.08.02 01:18:13 INFO  no build target found for /Users/nilayshrivastava/Documents/programming_language/scala/learning_scala/fp_in_scala/inorder.scala. Using presentation compiler with project's scala-library version: 3.8.4[0m
2026.08.02 01:18:13 INFO  no build target found for /Users/nilayshrivastava/Documents/programming_language/scala/learning_scala/fp_in_scala/inorder.scala. Using presentation compiler with project's scala-library version: 3.8.4[0m
2026.08.02 01:18:13 INFO  no build target found for /Users/nilayshrivastava/Documents/programming_language/scala/learning_scala/fp_in_scala/inorder.scala. Using presentation compiler with project's scala-library version: 3.8.4[0m
2026.08.02 01:18:13 INFO  no build target found for /Users/nilayshrivastava/Documents/programming_language/scala/learning_scala/fp_in_scala/inorder.scala. Using presentation compiler with project's scala-library version: 3.8.4[0m
2026.08.02 01:18:13 INFO  no build target found for /Users/nilayshrivastava/Documents/programming_language/scala/learning_scala/fp_in_scala/inorder.scala. Using presentation compiler with project's scala-library version: 3.8.4[0m
2026.08.02 01:18:15 INFO  no build target found for /Users/nilayshrivastava/Documents/programming_language/scala/learning_scala/fp_in_scala/inorder.scala. Using presentation compiler with project's scala-library version: 3.8.4[0m
2026.08.02 01:18:15 INFO  no build target found for /Users/nilayshrivastava/Documents/programming_language/scala/learning_scala/fp_in_scala/inorder.scala. Using presentation compiler with project's scala-library version: 3.8.4[0m
2026.08.02 01:18:15 INFO  no build target found for /Users/nilayshrivastava/Documents/programming_language/scala/learning_scala/fp_in_scala/inorder.scala. Using presentation compiler with project's scala-library version: 3.8.4[0m
2026.08.02 01:18:15 INFO  no build target found for /Users/nilayshrivastava/Documents/programming_language/scala/learning_scala/fp_in_scala/inorder.scala. Using presentation compiler with project's scala-library version: 3.8.4[0m
2026.08.02 01:18:15 INFO  no build target found for /Users/nilayshrivastava/Documents/programming_language/scala/learning_scala/fp_in_scala/inorder.scala. Using presentation compiler with project's scala-library version: 3.8.4[0m
2026.08.02 01:18:15 INFO  no build target found for /Users/nilayshrivastava/Documents/programming_language/scala/learning_scala/fp_in_scala/inorder.scala. Using presentation compiler with project's scala-library version: 3.8.4[0m
2026.08.02 01:18:17 INFO  no build target found for /Users/nilayshrivastava/Documents/programming_language/scala/learning_scala/fp_in_scala/inorder.scala. Using presentation compiler with project's scala-library version: 3.8.4[0m
2026.08.02 01:18:17 INFO  no build target found for /Users/nilayshrivastava/Documents/programming_language/scala/learning_scala/fp_in_scala/inorder.scala. Using presentation compiler with project's scala-library version: 3.8.4[0m
2026.08.02 01:18:17 INFO  no build target found for /Users/nilayshrivastava/Documents/programming_language/scala/learning_scala/fp_in_scala/inorder.scala. Using presentation compiler with project's scala-library version: 3.8.4[0m
2026.08.02 01:18:20 INFO  no build target found for /Users/nilayshrivastava/Documents/programming_language/scala/learning_scala/fp_in_scala/inorder.scala. Using presentation compiler with project's scala-library version: 3.8.4[0m
2026.08.02 01:18:20 INFO  no build target found for /Users/nilayshrivastava/Documents/programming_language/scala/learning_scala/fp_in_scala/inorder.scala. Using presentation compiler with project's scala-library version: 3.8.4[0m
2026.08.02 01:18:20 INFO  no build target found for /Users/nilayshrivastava/Documents/programming_language/scala/learning_scala/fp_in_scala/inorder.scala. Using presentation compiler with project's scala-library version: 3.8.4[0m
2026.08.02 01:18:20 INFO  no build target found for /Users/nilayshrivastava/Documents/programming_language/scala/learning_scala/fp_in_scala/inorder.scala. Using presentation compiler with project's scala-library version: 3.8.4[0m
2026.08.02 01:18:20 INFO  no build target found for /Users/nilayshrivastava/Documents/programming_language/scala/learning_scala/fp_in_scala/inorder.scala. Using presentation compiler with project's scala-library version: 3.8.4[0m
2026.08.02 01:18:25 INFO  no build target found for /Users/nilayshrivastava/Documents/programming_language/scala/learning_scala/fp_in_scala/inorder.scala. Using presentation compiler with project's scala-library version: 3.8.4[0m
2026.08.02 01:18:47 INFO  no build target found for /Users/nilayshrivastava/Documents/programming_language/scala/learning_scala/fp_in_scala/inorder.scala. Using presentation compiler with project's scala-library version: 3.8.4[0m
2026.08.02 01:18:47 INFO  no build target found for /Users/nilayshrivastava/Documents/programming_language/scala/learning_scala/fp_in_scala/inorder.scala. Using presentation compiler with project's scala-library version: 3.8.4[0m
2026.08.02 01:18:47 INFO  no build target found for /Users/nilayshrivastava/Documents/programming_language/scala/learning_scala/fp_in_scala/inorder.scala. Using presentation compiler with project's scala-library version: 3.8.4[0m
2026.08.02 01:18:47 INFO  no build target found for /Users/nilayshrivastava/Documents/programming_language/scala/learning_scala/fp_in_scala/inorder.scala. Using presentation compiler with project's scala-library version: 3.8.4[0m
2026.08.02 01:18:47 INFO  no build target found for /Users/nilayshrivastava/Documents/programming_language/scala/learning_scala/fp_in_scala/inorder.scala. Using presentation compiler with project's scala-library version: 3.8.4[0m
2026.08.02 01:18:47 INFO  no build target found for /Users/nilayshrivastava/Documents/programming_language/scala/learning_scala/fp_in_scala/inorder.scala. Using presentation compiler with project's scala-library version: 3.8.4[0m
2026.08.02 01:18:47 INFO  no build target found for /Users/nilayshrivastava/Documents/programming_language/scala/learning_scala/fp_in_scala/inorder.scala. Using presentation compiler with project's scala-library version: 3.8.4[0m
2026.08.02 01:18:49 INFO  no build target found for /Users/nilayshrivastava/Documents/programming_language/scala/learning_scala/fp_in_scala/inorder.scala. Using presentation compiler with project's scala-library version: 3.8.4[0m
2026.08.02 01:18:49 INFO  no build target found for /Users/nilayshrivastava/Documents/programming_language/scala/learning_scala/fp_in_scala/inorder.scala. Using presentation compiler with project's scala-library version: 3.8.4[0m
2026.08.02 01:18:49 INFO  no build target found for /Users/nilayshrivastava/Documents/programming_language/scala/learning_scala/fp_in_scala/inorder.scala. Using presentation compiler with project's scala-library version: 3.8.4[0m
2026.08.02 01:18:49 INFO  no build target found for /Users/nilayshrivastava/Documents/programming_language/scala/learning_scala/fp_in_scala/inorder.scala. Using presentation compiler with project's scala-library version: 3.8.4[0m
2026.08.02 01:18:49 INFO  no build target found for /Users/nilayshrivastava/Documents/programming_language/scala/learning_scala/fp_in_scala/inorder.scala. Using presentation compiler with project's scala-library version: 3.8.4[0m
2026.08.02 01:18:49 INFO  no build target found for /Users/nilayshrivastava/Documents/programming_language/scala/learning_scala/fp_in_scala/inorder.scala. Using presentation compiler with project's scala-library version: 3.8.4[0m
2026.08.02 01:18:49 INFO  no build target found for /Users/nilayshrivastava/Documents/programming_language/scala/learning_scala/fp_in_scala/inorder.scala. Using presentation compiler with project's scala-library version: 3.8.4[0m
2026.08.02 01:18:49 INFO  no build target found for /Users/nilayshrivastava/Documents/programming_language/scala/learning_scala/fp_in_scala/inorder.scala. Using presentation compiler with project's scala-library version: 3.8.4[0m
2026.08.02 01:18:50 INFO  no build target found for /Users/nilayshrivastava/Documents/programming_language/scala/learning_scala/fp_in_scala/inorder.scala. Using presentation compiler with project's scala-library version: 3.8.4[0m
2026.08.02 01:18:50 INFO  no build target found for /Users/nilayshrivastava/Documents/programming_language/scala/learning_scala/fp_in_scala/inorder.scala. Using presentation compiler with project's scala-library version: 3.8.4[0m
2026.08.02 01:18:53 INFO  no build target found for /Users/nilayshrivastava/Documents/programming_language/scala/learning_scala/fp_in_scala/inorder.scala. Using presentation compiler with project's scala-library version: 3.8.4[0m
2026.08.02 01:18:53 INFO  no build target found for /Users/nilayshrivastava/Documents/programming_language/scala/learning_scala/fp_in_scala/inorder.scala. Using presentation compiler with project's scala-library version: 3.8.4[0m
2026.08.02 01:18:53 INFO  no build target found for /Users/nilayshrivastava/Documents/programming_language/scala/learning_scala/fp_in_scala/inorder.scala. Using presentation compiler with project's scala-library version: 3.8.4[0m
2026.08.02 01:18:53 INFO  no build target found for /Users/nilayshrivastava/Documents/programming_language/scala/learning_scala/fp_in_scala/inorder.scala. Using presentation compiler with project's scala-library version: 3.8.4[0m
2026.08.02 01:18:53 INFO  no build target found for /Users/nilayshrivastava/Documents/programming_language/scala/learning_scala/fp_in_scala/inorder.scala. Using presentation compiler with project's scala-library version: 3.8.4[0m
2026.08.02 01:18:54 INFO  no build target found for /Users/nilayshrivastava/Documents/programming_language/scala/learning_scala/fp_in_scala/inorder.scala. Using presentation compiler with project's scala-library version: 3.8.4[0m
2026.08.02 01:18:54 INFO  no build target found for /Users/nilayshrivastava/Documents/programming_language/scala/learning_scala/fp_in_scala/inorder.scala. Using presentation compiler with project's scala-library version: 3.8.4[0m
2026.08.02 01:18:54 INFO  no build target found for /Users/nilayshrivastava/Documents/programming_language/scala/learning_scala/fp_in_scala/inorder.scala. Using presentation compiler with project's scala-library version: 3.8.4[0m
2026.08.02 01:18:55 INFO  no build target found for /Users/nilayshrivastava/Documents/programming_language/scala/learning_scala/fp_in_scala/inorder.scala. Using presentation compiler with project's scala-library version: 3.8.4[0m
2026.08.02 01:18:55 INFO  no build target found for /Users/nilayshrivastava/Documents/programming_language/scala/learning_scala/fp_in_scala/inorder.scala. Using presentation compiler with project's scala-library version: 3.8.4[0m
2026.08.02 01:18:55 INFO  no build target found for /Users/nilayshrivastava/Documents/programming_language/scala/learning_scala/fp_in_scala/inorder.scala. Using presentation compiler with project's scala-library version: 3.8.4[0m
2026.08.02 01:18:55 INFO  no build target found for /Users/nilayshrivastava/Documents/programming_language/scala/learning_scala/fp_in_scala/inorder.scala. Using presentation compiler with project's scala-library version: 3.8.4[0m
2026.08.02 01:18:58 INFO  no build target found for /Users/nilayshrivastava/Documents/programming_language/scala/learning_scala/fp_in_scala/inorder.scala. Using presentation compiler with project's scala-library version: 3.8.4[0m
2026.08.02 01:18:58 INFO  no build target found for /Users/nilayshrivastava/Documents/programming_language/scala/learning_scala/fp_in_scala/inorder.scala. Using presentation compiler with project's scala-library version: 3.8.4[0m
2026.08.02 01:18:58 INFO  no build target found for /Users/nilayshrivastava/Documents/programming_language/scala/learning_scala/fp_in_scala/inorder.scala. Using presentation compiler with project's scala-library version: 3.8.4[0m
2026.08.02 01:19:00 INFO  no build target found for /Users/nilayshrivastava/Documents/programming_language/scala/learning_scala/fp_in_scala/inorder.scala. Using presentation compiler with project's scala-library version: 3.8.4[0m
2026.08.02 01:19:00 INFO  no build target found for /Users/nilayshrivastava/Documents/programming_language/scala/learning_scala/fp_in_scala/inorder.scala. Using presentation compiler with project's scala-library version: 3.8.4[0m
2026.08.02 01:19:00 INFO  no build target found for /Users/nilayshrivastava/Documents/programming_language/scala/learning_scala/fp_in_scala/inorder.scala. Using presentation compiler with project's scala-library version: 3.8.4[0m
2026.08.02 01:19:00 INFO  no build target found for /Users/nilayshrivastava/Documents/programming_language/scala/learning_scala/fp_in_scala/inorder.scala. Using presentation compiler with project's scala-library version: 3.8.4[0m
2026.08.02 01:19:01 INFO  no build target found for /Users/nilayshrivastava/Documents/programming_language/scala/learning_scala/fp_in_scala/inorder.scala. Using presentation compiler with project's scala-library version: 3.8.4[0m
2026.08.02 01:19:10 INFO  no build target found for /Users/nilayshrivastava/Documents/programming_language/scala/learning_scala/fp_in_scala/inorder.scala. Using presentation compiler with project's scala-library version: 3.8.4[0m
2026.08.02 01:19:10 INFO  no build target found for /Users/nilayshrivastava/Documents/programming_language/scala/learning_scala/fp_in_scala/inorder.scala. Using presentation compiler with project's scala-library version: 3.8.4[0m
2026.08.02 01:19:10 INFO  no build target found for /Users/nilayshrivastava/Documents/programming_language/scala/learning_scala/fp_in_scala/inorder.scala. Using presentation compiler with project's scala-library version: 3.8.4[0m
2026.08.02 01:19:10 INFO  no build target found for /Users/nilayshrivastava/Documents/programming_language/scala/learning_scala/fp_in_scala/inorder.scala. Using presentation compiler with project's scala-library version: 3.8.4[0m
2026.08.02 01:19:10 INFO  no build target found for /Users/nilayshrivastava/Documents/programming_language/scala/learning_scala/fp_in_scala/inorder.scala. Using presentation compiler with project's scala-library version: 3.8.4[0m
2026.08.02 01:19:10 INFO  no build target found for /Users/nilayshrivastava/Documents/programming_language/scala/learning_scala/fp_in_scala/inorder.scala. Using presentation compiler with project's scala-library version: 3.8.4[0m
2026.08.02 01:19:10 INFO  no build target found for /Users/nilayshrivastava/Documents/programming_language/scala/learning_scala/fp_in_scala/inorder.scala. Using presentation compiler with project's scala-library version: 3.8.4[0m
2026.08.02 01:19:11 INFO  no build target found for /Users/nilayshrivastava/Documents/programming_language/scala/learning_scala/fp_in_scala/inorder.scala. Using presentation compiler with project's scala-library version: 3.8.4[0m
2026.08.02 01:19:11 INFO  no build target found for /Users/nilayshrivastava/Documents/programming_language/scala/learning_scala/fp_in_scala/inorder.scala. Using presentation compiler with project's scala-library version: 3.8.4[0m
2026.08.02 01:19:11 INFO  no build target found for /Users/nilayshrivastava/Documents/programming_language/scala/learning_scala/fp_in_scala/inorder.scala. Using presentation compiler with project's scala-library version: 3.8.4[0m
2026.08.02 01:19:11 INFO  no build target found for /Users/nilayshrivastava/Documents/programming_language/scala/learning_scala/fp_in_scala/inorder.scala. Using presentation compiler with project's scala-library version: 3.8.4[0m
2026.08.02 01:19:11 INFO  no build target found for /Users/nilayshrivastava/Documents/programming_language/scala/learning_scala/fp_in_scala/inorder.scala. Using presentation compiler with project's scala-library version: 3.8.4[0m
2026.08.02 01:19:11 INFO  no build target found for /Users/nilayshrivastava/Documents/programming_language/scala/learning_scala/fp_in_scala/inorder.scala. Using presentation compiler with project's scala-library version: 3.8.4[0m
2026.08.02 01:19:12 INFO  no build target found for /Users/nilayshrivastava/Documents/programming_language/scala/learning_scala/fp_in_scala/inorder.scala. Using presentation compiler with project's scala-library version: 3.8.4[0m
2026.08.02 01:19:13 INFO  no build target found for /Users/nilayshrivastava/Documents/programming_language/scala/learning_scala/fp_in_scala/inorder.scala. Using presentation compiler with project's scala-library version: 3.8.4[0m
2026.08.02 01:19:13 INFO  no build target found for /Users/nilayshrivastava/Documents/programming_language/scala/learning_scala/fp_in_scala/inorder.scala. Using presentation compiler with project's scala-library version: 3.8.4[0m
2026.08.02 01:19:13 INFO  no build target found for /Users/nilayshrivastava/Documents/programming_language/scala/learning_scala/fp_in_scala/inorder.scala. Using presentation compiler with project's scala-library version: 3.8.4[0m
2026.08.02 01:19:14 INFO  no build target found for /Users/nilayshrivastava/Documents/programming_language/scala/learning_scala/fp_in_scala/inorder.scala. Using presentation compiler with project's scala-library version: 3.8.4[0m
2026.08.02 01:19:14 INFO  no build target found for /Users/nilayshrivastava/Documents/programming_language/scala/learning_scala/fp_in_scala/inorder.scala. Using presentation compiler with project's scala-library version: 3.8.4[0m
2026.08.02 01:19:14 INFO  no build target found for /Users/nilayshrivastava/Documents/programming_language/scala/learning_scala/fp_in_scala/inorder.scala. Using presentation compiler with project's scala-library version: 3.8.4[0m
2026.08.02 01:19:14 INFO  no build target found for /Users/nilayshrivastava/Documents/programming_language/scala/learning_scala/fp_in_scala/inorder.scala. Using presentation compiler with project's scala-library version: 3.8.4[0m
2026.08.02 01:19:14 INFO  no build target found for /Users/nilayshrivastava/Documents/programming_language/scala/learning_scala/fp_in_scala/inorder.scala. Using presentation compiler with project's scala-library version: 3.8.4[0m
2026.08.02 01:19:14 INFO  no build target found for /Users/nilayshrivastava/Documents/programming_language/scala/learning_scala/fp_in_scala/inorder.scala. Using presentation compiler with project's scala-library version: 3.8.4[0m
2026.08.02 01:19:16 INFO  no build target found for /Users/nilayshrivastava/Documents/programming_language/scala/learning_scala/fp_in_scala/inorder.scala. Using presentation compiler with project's scala-library version: 3.8.4[0m
2026.08.02 01:19:16 INFO  no build target found for /Users/nilayshrivastava/Documents/programming_language/scala/learning_scala/fp_in_scala/inorder.scala. Using presentation compiler with project's scala-library version: 3.8.4[0m
2026.08.02 01:19:16 INFO  no build target found for /Users/nilayshrivastava/Documents/programming_language/scala/learning_scala/fp_in_scala/inorder.scala. Using presentation compiler with project's scala-library version: 3.8.4[0m
2026.08.02 01:19:16 INFO  no build target found for /Users/nilayshrivastava/Documents/programming_language/scala/learning_scala/fp_in_scala/inorder.scala. Using presentation compiler with project's scala-library version: 3.8.4[0m
2026.08.02 01:19:17 INFO  no build target found for /Users/nilayshrivastava/Documents/programming_language/scala/learning_scala/fp_in_scala/inorder.scala. Using presentation compiler with project's scala-library version: 3.8.4[0m
2026.08.02 01:19:17 INFO  no build target found for /Users/nilayshrivastava/Documents/programming_language/scala/learning_scala/fp_in_scala/inorder.scala. Using presentation compiler with project's scala-library version: 3.8.4[0m
2026.08.02 01:19:24 INFO  no build target found for /Users/nilayshrivastava/Documents/programming_language/scala/learning_scala/fp_in_scala/inorder.scala. Using presentation compiler with project's scala-library version: 3.8.4[0m
2026.08.02 01:19:24 INFO  no build target found for /Users/nilayshrivastava/Documents/programming_language/scala/learning_scala/fp_in_scala/inorder.scala. Using presentation compiler with project's scala-library version: 3.8.4[0m
2026.08.02 01:19:24 INFO  no build target found for /Users/nilayshrivastava/Documents/programming_language/scala/learning_scala/fp_in_scala/inorder.scala. Using presentation compiler with project's scala-library version: 3.8.4[0m
2026.08.02 01:19:24 INFO  no build target found for /Users/nilayshrivastava/Documents/programming_language/scala/learning_scala/fp_in_scala/inorder.scala. Using presentation compiler with project's scala-library version: 3.8.4[0m
2026.08.02 01:19:24 INFO  no build target found for /Users/nilayshrivastava/Documents/programming_language/scala/learning_scala/fp_in_scala/inorder.scala. Using presentation compiler with project's scala-library version: 3.8.4[0m
2026.08.02 01:19:24 INFO  no build target found for /Users/nilayshrivastava/Documents/programming_language/scala/learning_scala/fp_in_scala/inorder.scala. Using presentation compiler with project's scala-library version: 3.8.4[0m
2026.08.02 01:19:24 INFO  no build target found for /Users/nilayshrivastava/Documents/programming_language/scala/learning_scala/fp_in_scala/inorder.scala. Using presentation compiler with project's scala-library version: 3.8.4[0m
2026.08.02 01:19:24 INFO  no build target found for /Users/nilayshrivastava/Documents/programming_language/scala/learning_scala/fp_in_scala/inorder.scala. Using presentation compiler with project's scala-library version: 3.8.4[0m
2026.08.02 01:19:24 INFO  no build target found for /Users/nilayshrivastava/Documents/programming_language/scala/learning_scala/fp_in_scala/inorder.scala. Using presentation compiler with project's scala-library version: 3.8.4[0m
2026.08.02 01:19:24 INFO  no build target found for /Users/nilayshrivastava/Documents/programming_language/scala/learning_scala/fp_in_scala/inorder.scala. Using presentation compiler with project's scala-library version: 3.8.4[0m
2026.08.02 01:19:25 INFO  no build target found for /Users/nilayshrivastava/Documents/programming_language/scala/learning_scala/fp_in_scala/inorder.scala. Using presentation compiler with project's scala-library version: 3.8.4[0m
2026.08.02 01:19:25 INFO  no build target found for /Users/nilayshrivastava/Documents/programming_language/scala/learning_scala/fp_in_scala/inorder.scala. Using presentation compiler with project's scala-library version: 3.8.4[0m
2026.08.02 01:19:25 INFO  no build target found for /Users/nilayshrivastava/Documents/programming_language/scala/learning_scala/fp_in_scala/inorder.scala. Using presentation compiler with project's scala-library version: 3.8.4[0m
2026.08.02 01:19:25 INFO  no build target found for /Users/nilayshrivastava/Documents/programming_language/scala/learning_scala/fp_in_scala/inorder.scala. Using presentation compiler with project's scala-library version: 3.8.4[0m
2026.08.02 01:19:27 INFO  no build target found for /Users/nilayshrivastava/Documents/programming_language/scala/learning_scala/fp_in_scala/inorder.scala. Using presentation compiler with project's scala-library version: 3.8.4[0m
2026.08.02 01:19:27 INFO  no build target found for /Users/nilayshrivastava/Documents/programming_language/scala/learning_scala/fp_in_scala/inorder.scala. Using presentation compiler with project's scala-library version: 3.8.4[0m
2026.08.02 01:19:27 INFO  no build target found for /Users/nilayshrivastava/Documents/programming_language/scala/learning_scala/fp_in_scala/inorder.scala. Using presentation compiler with project's scala-library version: 3.8.4[0m
2026.08.02 01:19:27 INFO  no build target found for /Users/nilayshrivastava/Documents/programming_language/scala/learning_scala/fp_in_scala/inorder.scala. Using presentation compiler with project's scala-library version: 3.8.4[0m
2026.08.02 01:19:27 INFO  no build target found for /Users/nilayshrivastava/Documents/programming_language/scala/learning_scala/fp_in_scala/inorder.scala. Using presentation compiler with project's scala-library version: 3.8.4[0m
2026.08.02 01:19:27 INFO  no build target found for /Users/nilayshrivastava/Documents/programming_language/scala/learning_scala/fp_in_scala/inorder.scala. Using presentation compiler with project's scala-library version: 3.8.4[0m
2026.08.02 01:19:27 INFO  no build target found for /Users/nilayshrivastava/Documents/programming_language/scala/learning_scala/fp_in_scala/inorder.scala. Using presentation compiler with project's scala-library version: 3.8.4[0m
2026.08.02 01:19:28 INFO  no build target found for /Users/nilayshrivastava/Documents/programming_language/scala/learning_scala/fp_in_scala/inorder.scala. Using presentation compiler with project's scala-library version: 3.8.4[0m
2026.08.02 01:19:28 INFO  no build target found for /Users/nilayshrivastava/Documents/programming_language/scala/learning_scala/fp_in_scala/inorder.scala. Using presentation compiler with project's scala-library version: 3.8.4[0m
2026.08.02 01:19:28 INFO  no build target found for /Users/nilayshrivastava/Documents/programming_language/scala/learning_scala/fp_in_scala/inorder.scala. Using presentation compiler with project's scala-library version: 3.8.4[0m
2026.08.02 01:19:28 INFO  no build target found for /Users/nilayshrivastava/Documents/programming_language/scala/learning_scala/fp_in_scala/inorder.scala. Using presentation compiler with project's scala-library version: 3.8.4[0m
2026.08.02 01:19:28 INFO  no build target found for /Users/nilayshrivastava/Documents/programming_language/scala/learning_scala/fp_in_scala/inorder.scala. Using presentation compiler with project's scala-library version: 3.8.4[0m
2026.08.02 01:19:28 INFO  no build target found for /Users/nilayshrivastava/Documents/programming_language/scala/learning_scala/fp_in_scala/inorder.scala. Using presentation compiler with project's scala-library version: 3.8.4[0m
2026.08.02 01:19:28 INFO  no build target found for /Users/nilayshrivastava/Documents/programming_language/scala/learning_scala/fp_in_scala/inorder.scala. Using presentation compiler with project's scala-library version: 3.8.4[0m
2026.08.02 01:19:29 INFO  no build target found for /Users/nilayshrivastava/Documents/programming_language/scala/learning_scala/fp_in_scala/inorder.scala. Using presentation compiler with project's scala-library version: 3.8.4[0m
2026.08.02 01:19:29 INFO  no build target found for /Users/nilayshrivastava/Documents/programming_language/scala/learning_scala/fp_in_scala/inorder.scala. Using presentation compiler with project's scala-library version: 3.8.4[0m
2026.08.02 01:19:29 INFO  no build target found for /Users/nilayshrivastava/Documents/programming_language/scala/learning_scala/fp_in_scala/inorder.scala. Using presentation compiler with project's scala-library version: 3.8.4[0m
2026.08.02 01:19:31 INFO  no build target found for /Users/nilayshrivastava/Documents/programming_language/scala/learning_scala/fp_in_scala/inorder.scala. Using presentation compiler with project's scala-library version: 3.8.4[0m
2026.08.02 01:19:31 INFO  no build target found for /Users/nilayshrivastava/Documents/programming_language/scala/learning_scala/fp_in_scala/inorder.scala. Using presentation compiler with project's scala-library version: 3.8.4[0m
2026.08.02 01:19:31 INFO  no build target found for /Users/nilayshrivastava/Documents/programming_language/scala/learning_scala/fp_in_scala/inorder.scala. Using presentation compiler with project's scala-library version: 3.8.4[0m
2026.08.02 01:19:31 INFO  no build target found for /Users/nilayshrivastava/Documents/programming_language/scala/learning_scala/fp_in_scala/inorder.scala. Using presentation compiler with project's scala-library version: 3.8.4[0m
2026.08.02 01:19:31 INFO  no build target found for /Users/nilayshrivastava/Documents/programming_language/scala/learning_scala/fp_in_scala/inorder.scala. Using presentation compiler with project's scala-library version: 3.8.4[0m
2026.08.02 01:19:31 INFO  no build target found for /Users/nilayshrivastava/Documents/programming_language/scala/learning_scala/fp_in_scala/inorder.scala. Using presentation compiler with project's scala-library version: 3.8.4[0m
2026.08.02 01:19:31 INFO  no build target found for /Users/nilayshrivastava/Documents/programming_language/scala/learning_scala/fp_in_scala/inorder.scala. Using presentation compiler with project's scala-library version: 3.8.4[0m
2026.08.02 01:19:31 INFO  no build target found for /Users/nilayshrivastava/Documents/programming_language/scala/learning_scala/fp_in_scala/inorder.scala. Using presentation compiler with project's scala-library version: 3.8.4[0m
2026.08.02 01:19:31 INFO  no build target found for /Users/nilayshrivastava/Documents/programming_language/scala/learning_scala/fp_in_scala/inorder.scala. Using presentation compiler with project's scala-library version: 3.8.4[0m
2026.08.02 01:19:31 INFO  no build target found for /Users/nilayshrivastava/Documents/programming_language/scala/learning_scala/fp_in_scala/inorder.scala. Using presentation compiler with project's scala-library version: 3.8.4[0m
2026.08.02 01:19:31 INFO  no build target found for /Users/nilayshrivastava/Documents/programming_language/scala/learning_scala/fp_in_scala/inorder.scala. Using presentation compiler with project's scala-library version: 3.8.4[0m
2026.08.02 01:19:33 INFO  no build target found for /Users/nilayshrivastava/Documents/programming_language/scala/learning_scala/fp_in_scala/inorder.scala. Using presentation compiler with project's scala-library version: 3.8.4[0m
2026.08.02 01:19:33 INFO  no build target found for /Users/nilayshrivastava/Documents/programming_language/scala/learning_scala/fp_in_scala/inorder.scala. Using presentation compiler with project's scala-library version: 3.8.4[0m
2026.08.02 01:19:46 INFO  no build target found for /Users/nilayshrivastava/Documents/programming_language/scala/learning_scala/fp_in_scala/inorder.scala. Using presentation compiler with project's scala-library version: 3.8.4[0m
2026.08.02 01:19:48 INFO  no build target found for /Users/nilayshrivastava/Documents/programming_language/scala/learning_scala/fp_in_scala/inorder.scala. Using presentation compiler with project's scala-library version: 3.8.4[0m
2026.08.02 01:19:48 INFO  no build target found for /Users/nilayshrivastava/Documents/programming_language/scala/learning_scala/fp_in_scala/inorder.scala. Using presentation compiler with project's scala-library version: 3.8.4[0m
2026.08.02 01:19:48 INFO  no build target found for /Users/nilayshrivastava/Documents/programming_language/scala/learning_scala/fp_in_scala/inorder.scala. Using presentation compiler with project's scala-library version: 3.8.4[0m
2026.08.02 01:19:51 INFO  no build target found for /Users/nilayshrivastava/Documents/programming_language/scala/learning_scala/fp_in_scala/inorder.scala. Using presentation compiler with project's scala-library version: 3.8.4[0m
2026.08.02 01:19:51 INFO  no build target found for /Users/nilayshrivastava/Documents/programming_language/scala/learning_scala/fp_in_scala/inorder.scala. Using presentation compiler with project's scala-library version: 3.8.4[0m
2026.08.02 01:19:51 INFO  no build target found for /Users/nilayshrivastava/Documents/programming_language/scala/learning_scala/fp_in_scala/inorder.scala. Using presentation compiler with project's scala-library version: 3.8.4[0m
2026.08.02 01:19:51 INFO  no build target found for /Users/nilayshrivastava/Documents/programming_language/scala/learning_scala/fp_in_scala/inorder.scala. Using presentation compiler with project's scala-library version: 3.8.4[0m
2026.08.02 01:19:51 INFO  no build target found for /Users/nilayshrivastava/Documents/programming_language/scala/learning_scala/fp_in_scala/inorder.scala. Using presentation compiler with project's scala-library version: 3.8.4[0m
2026.08.02 01:22:31 INFO  no build target found for /Users/nilayshrivastava/Documents/programming_language/scala/learning_scala/fp_in_scala/inorder.scala. Using presentation compiler with project's scala-library version: 3.8.4[0m
2026.08.02 01:22:31 INFO  no build target found for /Users/nilayshrivastava/Documents/programming_language/scala/learning_scala/fp_in_scala/inorder.scala. Using presentation compiler with project's scala-library version: 3.8.4[0m
2026.08.02 01:22:31 INFO  no build target found for /Users/nilayshrivastava/Documents/programming_language/scala/learning_scala/fp_in_scala/inorder.scala. Using presentation compiler with project's scala-library version: 3.8.4[0m
2026.08.02 01:22:35 INFO  no build target found for /Users/nilayshrivastava/Documents/programming_language/scala/learning_scala/fp_in_scala/inorder.scala. Using presentation compiler with project's scala-library version: 3.8.4[0m
2026.08.02 01:22:35 INFO  no build target found for /Users/nilayshrivastava/Documents/programming_language/scala/learning_scala/fp_in_scala/inorder.scala. Using presentation compiler with project's scala-library version: 3.8.4[0m
2026.08.02 01:22:35 INFO  no build target found for /Users/nilayshrivastava/Documents/programming_language/scala/learning_scala/fp_in_scala/inorder.scala. Using presentation compiler with project's scala-library version: 3.8.4[0m
2026.08.02 01:22:35 INFO  no build target found for /Users/nilayshrivastava/Documents/programming_language/scala/learning_scala/fp_in_scala/inorder.scala. Using presentation compiler with project's scala-library version: 3.8.4[0m
2026.08.02 01:22:36 INFO  no build target found for /Users/nilayshrivastava/Documents/programming_language/scala/learning_scala/fp_in_scala/inorder.scala. Using presentation compiler with project's scala-library version: 3.8.4[0m
2026.08.02 01:22:36 INFO  no build target found for /Users/nilayshrivastava/Documents/programming_language/scala/learning_scala/fp_in_scala/inorder.scala. Using presentation compiler with project's scala-library version: 3.8.4[0m
2026.08.02 01:22:36 INFO  no build target found for /Users/nilayshrivastava/Documents/programming_language/scala/learning_scala/fp_in_scala/inorder.scala. Using presentation compiler with project's scala-library version: 3.8.4[0m
2026.08.02 01:22:39 INFO  no build target found for /Users/nilayshrivastava/Documents/programming_language/scala/learning_scala/fp_in_scala/inorder.scala. Using presentation compiler with project's scala-library version: 3.8.4[0m
2026.08.02 01:22:39 INFO  no build target found for /Users/nilayshrivastava/Documents/programming_language/scala/learning_scala/fp_in_scala/inorder.scala. Using presentation compiler with project's scala-library version: 3.8.4[0m
2026.08.02 01:22:39 INFO  no build target found for /Users/nilayshrivastava/Documents/programming_language/scala/learning_scala/fp_in_scala/inorder.scala. Using presentation compiler with project's scala-library version: 3.8.4[0m
2026.08.02 01:22:39 INFO  no build target found for /Users/nilayshrivastava/Documents/programming_language/scala/learning_scala/fp_in_scala/inorder.scala. Using presentation compiler with project's scala-library version: 3.8.4[0m
2026.08.02 01:22:39 INFO  no build target found for /Users/nilayshrivastava/Documents/programming_language/scala/learning_scala/fp_in_scala/inorder.scala. Using presentation compiler with project's scala-library version: 3.8.4[0m
2026.08.02 01:22:39 INFO  no build target found for /Users/nilayshrivastava/Documents/programming_language/scala/learning_scala/fp_in_scala/inorder.scala. Using presentation compiler with project's scala-library version: 3.8.4[0m
2026.08.02 01:22:39 INFO  no build target found for /Users/nilayshrivastava/Documents/programming_language/scala/learning_scala/fp_in_scala/inorder.scala. Using presentation compiler with project's scala-library version: 3.8.4[0m
2026.08.02 01:22:39 INFO  no build target found for /Users/nilayshrivastava/Documents/programming_language/scala/learning_scala/fp_in_scala/inorder.scala. Using presentation compiler with project's scala-library version: 3.8.4[0m
2026.08.02 01:22:39 INFO  no build target found for /Users/nilayshrivastava/Documents/programming_language/scala/learning_scala/fp_in_scala/inorder.scala. Using presentation compiler with project's scala-library version: 3.8.4[0m
2026.08.02 01:22:39 INFO  no build target found for /Users/nilayshrivastava/Documents/programming_language/scala/learning_scala/fp_in_scala/inorder.scala. Using presentation compiler with project's scala-library version: 3.8.4[0m
2026.08.02 01:22:40 INFO  no build target found for /Users/nilayshrivastava/Documents/programming_language/scala/learning_scala/fp_in_scala/inorder.scala. Using presentation compiler with project's scala-library version: 3.8.4[0m
2026.08.02 01:22:40 INFO  no build target found for /Users/nilayshrivastava/Documents/programming_language/scala/learning_scala/fp_in_scala/inorder.scala. Using presentation compiler with project's scala-library version: 3.8.4[0m
2026.08.02 01:22:40 INFO  no build target found for /Users/nilayshrivastava/Documents/programming_language/scala/learning_scala/fp_in_scala/inorder.scala. Using presentation compiler with project's scala-library version: 3.8.4[0m
2026.08.02 01:22:40 INFO  no build target found for /Users/nilayshrivastava/Documents/programming_language/scala/learning_scala/fp_in_scala/inorder.scala. Using presentation compiler with project's scala-library version: 3.8.4[0m
2026.08.02 01:22:40 INFO  no build target found for /Users/nilayshrivastava/Documents/programming_language/scala/learning_scala/fp_in_scala/inorder.scala. Using presentation compiler with project's scala-library version: 3.8.4[0m
2026.08.02 01:22:40 INFO  no build target found for /Users/nilayshrivastava/Documents/programming_language/scala/learning_scala/fp_in_scala/inorder.scala. Using presentation compiler with project's scala-library version: 3.8.4[0m
2026.08.02 01:22:40 INFO  no build target found for /Users/nilayshrivastava/Documents/programming_language/scala/learning_scala/fp_in_scala/inorder.scala. Using presentation compiler with project's scala-library version: 3.8.4[0m
2026.08.02 01:22:41 INFO  no build target found for /Users/nilayshrivastava/Documents/programming_language/scala/learning_scala/fp_in_scala/inorder.scala. Using presentation compiler with project's scala-library version: 3.8.4[0m
2026.08.02 01:22:41 INFO  no build target found for /Users/nilayshrivastava/Documents/programming_language/scala/learning_scala/fp_in_scala/inorder.scala. Using presentation compiler with project's scala-library version: 3.8.4[0m
2026.08.02 01:22:41 INFO  no build target found for /Users/nilayshrivastava/Documents/programming_language/scala/learning_scala/fp_in_scala/inorder.scala. Using presentation compiler with project's scala-library version: 3.8.4[0m
2026.08.02 01:22:41 INFO  no build target found for /Users/nilayshrivastava/Documents/programming_language/scala/learning_scala/fp_in_scala/inorder.scala. Using presentation compiler with project's scala-library version: 3.8.4[0m
2026.08.02 01:22:41 INFO  no build target found for /Users/nilayshrivastava/Documents/programming_language/scala/learning_scala/fp_in_scala/inorder.scala. Using presentation compiler with project's scala-library version: 3.8.4[0m
2026.08.02 01:22:41 INFO  no build target found for /Users/nilayshrivastava/Documents/programming_language/scala/learning_scala/fp_in_scala/inorder.scala. Using presentation compiler with project's scala-library version: 3.8.4[0m
2026.08.02 01:22:41 INFO  no build target found for /Users/nilayshrivastava/Documents/programming_language/scala/learning_scala/fp_in_scala/inorder.scala. Using presentation compiler with project's scala-library version: 3.8.4[0m
2026.08.02 01:22:41 INFO  no build target found for /Users/nilayshrivastava/Documents/programming_language/scala/learning_scala/fp_in_scala/inorder.scala. Using presentation compiler with project's scala-library version: 3.8.4[0m
2026.08.02 01:22:41 INFO  no build target found for /Users/nilayshrivastava/Documents/programming_language/scala/learning_scala/fp_in_scala/inorder.scala. Using presentation compiler with project's scala-library version: 3.8.4[0m
2026.08.02 01:22:41 INFO  no build target found for /Users/nilayshrivastava/Documents/programming_language/scala/learning_scala/fp_in_scala/inorder.scala. Using presentation compiler with project's scala-library version: 3.8.4[0m
2026.08.02 01:22:41 INFO  no build target found for /Users/nilayshrivastava/Documents/programming_language/scala/learning_scala/fp_in_scala/inorder.scala. Using presentation compiler with project's scala-library version: 3.8.4[0m
2026.08.02 01:22:41 INFO  no build target found for /Users/nilayshrivastava/Documents/programming_language/scala/learning_scala/fp_in_scala/inorder.scala. Using presentation compiler with project's scala-library version: 3.8.4[0m
2026.08.02 01:22:42 INFO  no build target found for /Users/nilayshrivastava/Documents/programming_language/scala/learning_scala/fp_in_scala/inorder.scala. Using presentation compiler with project's scala-library version: 3.8.4[0m
2026.08.02 01:22:42 INFO  no build target found for /Users/nilayshrivastava/Documents/programming_language/scala/learning_scala/fp_in_scala/inorder.scala. Using presentation compiler with project's scala-library version: 3.8.4[0m
2026.08.02 01:22:42 INFO  no build target found for /Users/nilayshrivastava/Documents/programming_language/scala/learning_scala/fp_in_scala/inorder.scala. Using presentation compiler with project's scala-library version: 3.8.4[0m
2026.08.02 01:22:42 INFO  no build target found for /Users/nilayshrivastava/Documents/programming_language/scala/learning_scala/fp_in_scala/inorder.scala. Using presentation compiler with project's scala-library version: 3.8.4[0m
2026.08.02 01:22:42 INFO  no build target found for /Users/nilayshrivastava/Documents/programming_language/scala/learning_scala/fp_in_scala/inorder.scala. Using presentation compiler with project's scala-library version: 3.8.4[0m
2026.08.02 01:22:42 INFO  no build target found for /Users/nilayshrivastava/Documents/programming_language/scala/learning_scala/fp_in_scala/inorder.scala. Using presentation compiler with project's scala-library version: 3.8.4[0m
2026.08.02 01:22:42 INFO  no build target found for /Users/nilayshrivastava/Documents/programming_language/scala/learning_scala/fp_in_scala/inorder.scala. Using presentation compiler with project's scala-library version: 3.8.4[0m
2026.08.02 01:22:42 INFO  no build target found for /Users/nilayshrivastava/Documents/programming_language/scala/learning_scala/fp_in_scala/inorder.scala. Using presentation compiler with project's scala-library version: 3.8.4[0m
2026.08.02 01:22:42 INFO  no build target found for /Users/nilayshrivastava/Documents/programming_language/scala/learning_scala/fp_in_scala/inorder.scala. Using presentation compiler with project's scala-library version: 3.8.4[0m
2026.08.02 01:22:42 INFO  no build target found for /Users/nilayshrivastava/Documents/programming_language/scala/learning_scala/fp_in_scala/inorder.scala. Using presentation compiler with project's scala-library version: 3.8.4[0m
2026.08.02 01:22:42 INFO  no build target found for /Users/nilayshrivastava/Documents/programming_language/scala/learning_scala/fp_in_scala/inorder.scala. Using presentation compiler with project's scala-library version: 3.8.4[0m
2026.08.02 01:22:43 INFO  no build target found for /Users/nilayshrivastava/Documents/programming_language/scala/learning_scala/fp_in_scala/inorder.scala. Using presentation compiler with project's scala-library version: 3.8.4[0m
2026.08.02 01:22:43 INFO  no build target found for /Users/nilayshrivastava/Documents/programming_language/scala/learning_scala/fp_in_scala/inorder.scala. Using presentation compiler with project's scala-library version: 3.8.4[0m
2026.08.02 01:22:47 INFO  no build target found for /Users/nilayshrivastava/Documents/programming_language/scala/learning_scala/fp_in_scala/inorder.scala. Using presentation compiler with project's scala-library version: 3.8.4[0m
2026.08.02 01:22:47 INFO  no build target found for /Users/nilayshrivastava/Documents/programming_language/scala/learning_scala/fp_in_scala/inorder.scala. Using presentation compiler with project's scala-library version: 3.8.4[0m
2026.08.02 01:22:47 INFO  no build target found for /Users/nilayshrivastava/Documents/programming_language/scala/learning_scala/fp_in_scala/inorder.scala. Using presentation compiler with project's scala-library version: 3.8.4[0m
2026.08.02 01:22:47 INFO  no build target found for /Users/nilayshrivastava/Documents/programming_language/scala/learning_scala/fp_in_scala/inorder.scala. Using presentation compiler with project's scala-library version: 3.8.4[0m
2026.08.02 01:22:47 INFO  no build target found for /Users/nilayshrivastava/Documents/programming_language/scala/learning_scala/fp_in_scala/inorder.scala. Using presentation compiler with project's scala-library version: 3.8.4[0m
2026.08.02 01:22:47 INFO  no build target found for /Users/nilayshrivastava/Documents/programming_language/scala/learning_scala/fp_in_scala/inorder.scala. Using presentation compiler with project's scala-library version: 3.8.4[0m
2026.08.02 01:22:47 INFO  no build target found for /Users/nilayshrivastava/Documents/programming_language/scala/learning_scala/fp_in_scala/inorder.scala. Using presentation compiler with project's scala-library version: 3.8.4[0m
2026.08.02 01:22:47 INFO  no build target found for /Users/nilayshrivastava/Documents/programming_language/scala/learning_scala/fp_in_scala/inorder.scala. Using presentation compiler with project's scala-library version: 3.8.4[0m
2026.08.02 01:22:47 INFO  no build target found for /Users/nilayshrivastava/Documents/programming_language/scala/learning_scala/fp_in_scala/inorder.scala. Using presentation compiler with project's scala-library version: 3.8.4[0m
2026.08.02 01:22:47 INFO  no build target found for /Users/nilayshrivastava/Documents/programming_language/scala/learning_scala/fp_in_scala/inorder.scala. Using presentation compiler with project's scala-library version: 3.8.4[0m
2026.08.02 01:22:48 INFO  no build target found for /Users/nilayshrivastava/Documents/programming_language/scala/learning_scala/fp_in_scala/inorder.scala. Using presentation compiler with project's scala-library version: 3.8.4[0m
2026.08.02 01:22:48 INFO  no build target found for /Users/nilayshrivastava/Documents/programming_language/scala/learning_scala/fp_in_scala/inorder.scala. Using presentation compiler with project's scala-library version: 3.8.4[0m
2026.08.02 01:22:48 INFO  no build target found for /Users/nilayshrivastava/Documents/programming_language/scala/learning_scala/fp_in_scala/inorder.scala. Using presentation compiler with project's scala-library version: 3.8.4[0m
2026.08.02 01:22:48 INFO  no build target found for /Users/nilayshrivastava/Documents/programming_language/scala/learning_scala/fp_in_scala/inorder.scala. Using presentation compiler with project's scala-library version: 3.8.4[0m
2026.08.02 01:22:48 INFO  no build target found for /Users/nilayshrivastava/Documents/programming_language/scala/learning_scala/fp_in_scala/inorder.scala. Using presentation compiler with project's scala-library version: 3.8.4[0m
2026.08.02 01:22:48 INFO  no build target found for /Users/nilayshrivastava/Documents/programming_language/scala/learning_scala/fp_in_scala/inorder.scala. Using presentation compiler with project's scala-library version: 3.8.4[0m
2026.08.02 01:22:49 INFO  no build target found for /Users/nilayshrivastava/Documents/programming_language/scala/learning_scala/fp_in_scala/inorder.scala. Using presentation compiler with project's scala-library version: 3.8.4[0m
2026.08.02 01:22:49 INFO  no build target found for /Users/nilayshrivastava/Documents/programming_language/scala/learning_scala/fp_in_scala/inorder.scala. Using presentation compiler with project's scala-library version: 3.8.4[0m
2026.08.02 01:22:49 INFO  no build target found for /Users/nilayshrivastava/Documents/programming_language/scala/learning_scala/fp_in_scala/inorder.scala. Using presentation compiler with project's scala-library version: 3.8.4[0m
2026.08.02 01:22:49 INFO  no build target found for /Users/nilayshrivastava/Documents/programming_language/scala/learning_scala/fp_in_scala/inorder.scala. Using presentation compiler with project's scala-library version: 3.8.4[0m
2026.08.02 01:22:49 INFO  no build target found for /Users/nilayshrivastava/Documents/programming_language/scala/learning_scala/fp_in_scala/inorder.scala. Using presentation compiler with project's scala-library version: 3.8.4[0m
2026.08.02 01:22:49 INFO  no build target found for /Users/nilayshrivastava/Documents/programming_language/scala/learning_scala/fp_in_scala/inorder.scala. Using presentation compiler with project's scala-library version: 3.8.4[0m
2026.08.02 01:22:49 INFO  no build target found for /Users/nilayshrivastava/Documents/programming_language/scala/learning_scala/fp_in_scala/inorder.scala. Using presentation compiler with project's scala-library version: 3.8.4[0m
2026.08.02 01:22:49 INFO  no build target found for /Users/nilayshrivastava/Documents/programming_language/scala/learning_scala/fp_in_scala/inorder.scala. Using presentation compiler with project's scala-library version: 3.8.4[0m
2026.08.02 01:22:49 INFO  no build target found for /Users/nilayshrivastava/Documents/programming_language/scala/learning_scala/fp_in_scala/inorder.scala. Using presentation compiler with project's scala-library version: 3.8.4[0m
2026.08.02 01:22:50 INFO  no build target found for /Users/nilayshrivastava/Documents/programming_language/scala/learning_scala/fp_in_scala/inorder.scala. Using presentation compiler with project's scala-library version: 3.8.4[0m
2026.08.02 01:22:50 INFO  no build target found for /Users/nilayshrivastava/Documents/programming_language/scala/learning_scala/fp_in_scala/inorder.scala. Using presentation compiler with project's scala-library version: 3.8.4[0m
2026.08.02 01:22:50 INFO  no build target found for /Users/nilayshrivastava/Documents/programming_language/scala/learning_scala/fp_in_scala/inorder.scala. Using presentation compiler with project's scala-library version: 3.8.4[0m
2026.08.02 01:22:50 INFO  no build target found for /Users/nilayshrivastava/Documents/programming_language/scala/learning_scala/fp_in_scala/inorder.scala. Using presentation compiler with project's scala-library version: 3.8.4[0m
2026.08.02 01:22:50 INFO  no build target found for /Users/nilayshrivastava/Documents/programming_language/scala/learning_scala/fp_in_scala/inorder.scala. Using presentation compiler with project's scala-library version: 3.8.4[0m
2026.08.02 01:22:50 INFO  no build target found for /Users/nilayshrivastava/Documents/programming_language/scala/learning_scala/fp_in_scala/inorder.scala. Using presentation compiler with project's scala-library version: 3.8.4[0m
2026.08.02 01:22:50 INFO  no build target found for /Users/nilayshrivastava/Documents/programming_language/scala/learning_scala/fp_in_scala/inorder.scala. Using presentation compiler with project's scala-library version: 3.8.4[0m
2026.08.02 01:22:51 INFO  no build target found for /Users/nilayshrivastava/Documents/programming_language/scala/learning_scala/fp_in_scala/inorder.scala. Using presentation compiler with project's scala-library version: 3.8.4[0m
2026.08.02 01:22:51 INFO  no build target found for /Users/nilayshrivastava/Documents/programming_language/scala/learning_scala/fp_in_scala/inorder.scala. Using presentation compiler with project's scala-library version: 3.8.4[0m
2026.08.02 01:22:51 INFO  no build target found for /Users/nilayshrivastava/Documents/programming_language/scala/learning_scala/fp_in_scala/inorder.scala. Using presentation compiler with project's scala-library version: 3.8.4[0m
2026.08.02 01:22:53 INFO  no build target found for /Users/nilayshrivastava/Documents/programming_language/scala/learning_scala/fp_in_scala/inorder.scala. Using presentation compiler with project's scala-library version: 3.8.4[0m
2026.08.02 01:22:53 INFO  no build target found for /Users/nilayshrivastava/Documents/programming_language/scala/learning_scala/fp_in_scala/inorder.scala. Using presentation compiler with project's scala-library version: 3.8.4[0m
2026.08.02 01:22:53 INFO  no build target found for /Users/nilayshrivastava/Documents/programming_language/scala/learning_scala/fp_in_scala/inorder.scala. Using presentation compiler with project's scala-library version: 3.8.4[0m
2026.08.02 01:22:53 INFO  no build target found for /Users/nilayshrivastava/Documents/programming_language/scala/learning_scala/fp_in_scala/inorder.scala. Using presentation compiler with project's scala-library version: 3.8.4[0m
2026.08.02 01:22:53 INFO  no build target found for /Users/nilayshrivastava/Documents/programming_language/scala/learning_scala/fp_in_scala/inorder.scala. Using presentation compiler with project's scala-library version: 3.8.4[0m
2026.08.02 01:22:53 INFO  no build target found for /Users/nilayshrivastava/Documents/programming_language/scala/learning_scala/fp_in_scala/inorder.scala. Using presentation compiler with project's scala-library version: 3.8.4[0m
2026.08.02 01:22:53 INFO  no build target found for /Users/nilayshrivastava/Documents/programming_language/scala/learning_scala/fp_in_scala/inorder.scala. Using presentation compiler with project's scala-library version: 3.8.4[0m
2026.08.02 01:22:53 INFO  no build target found for /Users/nilayshrivastava/Documents/programming_language/scala/learning_scala/fp_in_scala/inorder.scala. Using presentation compiler with project's scala-library version: 3.8.4[0m
2026.08.02 01:22:53 INFO  no build target found for /Users/nilayshrivastava/Documents/programming_language/scala/learning_scala/fp_in_scala/inorder.scala. Using presentation compiler with project's scala-library version: 3.8.4[0m
2026.08.02 01:22:53 INFO  no build target found for /Users/nilayshrivastava/Documents/programming_language/scala/learning_scala/fp_in_scala/inorder.scala. Using presentation compiler with project's scala-library version: 3.8.4[0m
2026.08.02 01:22:55 INFO  no build target found for /Users/nilayshrivastava/Documents/programming_language/scala/learning_scala/fp_in_scala/inorder.scala. Using presentation compiler with project's scala-library version: 3.8.4[0m
2026.08.02 01:22:55 INFO  no build target found for /Users/nilayshrivastava/Documents/programming_language/scala/learning_scala/fp_in_scala/inorder.scala. Using presentation compiler with project's scala-library version: 3.8.4[0m
2026.08.02 01:22:55 INFO  no build target found for /Users/nilayshrivastava/Documents/programming_language/scala/learning_scala/fp_in_scala/inorder.scala. Using presentation compiler with project's scala-library version: 3.8.4[0m
2026.08.02 01:22:55 INFO  no build target found for /Users/nilayshrivastava/Documents/programming_language/scala/learning_scala/fp_in_scala/inorder.scala. Using presentation compiler with project's scala-library version: 3.8.4[0m
2026.08.02 01:22:55 INFO  no build target found for /Users/nilayshrivastava/Documents/programming_language/scala/learning_scala/fp_in_scala/inorder.scala. Using presentation compiler with project's scala-library version: 3.8.4[0m
2026.08.02 01:22:55 INFO  no build target found for /Users/nilayshrivastava/Documents/programming_language/scala/learning_scala/fp_in_scala/inorder.scala. Using presentation compiler with project's scala-library version: 3.8.4[0m
2026.08.02 01:22:57 INFO  no build target found for /Users/nilayshrivastava/Documents/programming_language/scala/learning_scala/fp_in_scala/inorder.scala. Using presentation compiler with project's scala-library version: 3.8.4[0m
2026.08.02 01:22:57 INFO  no build target found for /Users/nilayshrivastava/Documents/programming_language/scala/learning_scala/fp_in_scala/inorder.scala. Using presentation compiler with project's scala-library version: 3.8.4[0m
2026.08.02 01:22:59 INFO  no build target found for /Users/nilayshrivastava/Documents/programming_language/scala/learning_scala/fp_in_scala/inorder.scala. Using presentation compiler with project's scala-library version: 3.8.4[0m
2026.08.02 01:22:59 INFO  no build target found for /Users/nilayshrivastava/Documents/programming_language/scala/learning_scala/fp_in_scala/inorder.scala. Using presentation compiler with project's scala-library version: 3.8.4[0m
2026.08.02 01:22:59 INFO  no build target found for /Users/nilayshrivastava/Documents/programming_language/scala/learning_scala/fp_in_scala/inorder.scala. Using presentation compiler with project's scala-library version: 3.8.4[0m
2026.08.02 01:22:59 INFO  no build target found for /Users/nilayshrivastava/Documents/programming_language/scala/learning_scala/fp_in_scala/inorder.scala. Using presentation compiler with project's scala-library version: 3.8.4[0m
2026.08.02 01:22:59 INFO  no build target found for /Users/nilayshrivastava/Documents/programming_language/scala/learning_scala/fp_in_scala/inorder.scala. Using presentation compiler with project's scala-library version: 3.8.4[0m
2026.08.02 01:22:59 INFO  no build target found for /Users/nilayshrivastava/Documents/programming_language/scala/learning_scala/fp_in_scala/inorder.scala. Using presentation compiler with project's scala-library version: 3.8.4[0m
2026.08.02 01:22:59 INFO  no build target found for /Users/nilayshrivastava/Documents/programming_language/scala/learning_scala/fp_in_scala/inorder.scala. Using presentation compiler with project's scala-library version: 3.8.4[0m
2026.08.02 01:22:59 INFO  no build target found for /Users/nilayshrivastava/Documents/programming_language/scala/learning_scala/fp_in_scala/inorder.scala. Using presentation compiler with project's scala-library version: 3.8.4[0m
2026.08.02 01:23:00 INFO  no build target found for /Users/nilayshrivastava/Documents/programming_language/scala/learning_scala/fp_in_scala/inorder.scala. Using presentation compiler with project's scala-library version: 3.8.4[0m
2026.08.02 01:23:00 INFO  no build target found for /Users/nilayshrivastava/Documents/programming_language/scala/learning_scala/fp_in_scala/inorder.scala. Using presentation compiler with project's scala-library version: 3.8.4[0m
2026.08.02 01:23:00 INFO  no build target found for /Users/nilayshrivastava/Documents/programming_language/scala/learning_scala/fp_in_scala/inorder.scala. Using presentation compiler with project's scala-library version: 3.8.4[0m
2026.08.02 01:23:00 INFO  no build target found for /Users/nilayshrivastava/Documents/programming_language/scala/learning_scala/fp_in_scala/inorder.scala. Using presentation compiler with project's scala-library version: 3.8.4[0m
2026.08.02 01:23:00 INFO  no build target found for /Users/nilayshrivastava/Documents/programming_language/scala/learning_scala/fp_in_scala/inorder.scala. Using presentation compiler with project's scala-library version: 3.8.4[0m
2026.08.02 01:23:00 INFO  no build target found for /Users/nilayshrivastava/Documents/programming_language/scala/learning_scala/fp_in_scala/inorder.scala. Using presentation compiler with project's scala-library version: 3.8.4[0m
2026.08.02 01:23:01 INFO  no build target found for /Users/nilayshrivastava/Documents/programming_language/scala/learning_scala/fp_in_scala/inorder.scala. Using presentation compiler with project's scala-library version: 3.8.4[0m
2026.08.02 01:23:01 INFO  no build target found for /Users/nilayshrivastava/Documents/programming_language/scala/learning_scala/fp_in_scala/inorder.scala. Using presentation compiler with project's scala-library version: 3.8.4[0m
2026.08.02 01:23:01 INFO  no build target found for /Users/nilayshrivastava/Documents/programming_language/scala/learning_scala/fp_in_scala/inorder.scala. Using presentation compiler with project's scala-library version: 3.8.4[0m
2026.08.02 01:23:01 INFO  no build target found for /Users/nilayshrivastava/Documents/programming_language/scala/learning_scala/fp_in_scala/inorder.scala. Using presentation compiler with project's scala-library version: 3.8.4[0m
2026.08.02 01:23:01 INFO  no build target found for /Users/nilayshrivastava/Documents/programming_language/scala/learning_scala/fp_in_scala/inorder.scala. Using presentation compiler with project's scala-library version: 3.8.4[0m
2026.08.02 01:23:01 INFO  no build target found for /Users/nilayshrivastava/Documents/programming_language/scala/learning_scala/fp_in_scala/inorder.scala. Using presentation compiler with project's scala-library version: 3.8.4[0m
2026.08.02 01:23:01 INFO  no build target found for /Users/nilayshrivastava/Documents/programming_language/scala/learning_scala/fp_in_scala/inorder.scala. Using presentation compiler with project's scala-library version: 3.8.4[0m
2026.08.02 01:23:04 INFO  no build target found for /Users/nilayshrivastava/Documents/programming_language/scala/learning_scala/fp_in_scala/inorder.scala. Using presentation compiler with project's scala-library version: 3.8.4[0m
2026.08.02 01:23:04 INFO  no build target found for /Users/nilayshrivastava/Documents/programming_language/scala/learning_scala/fp_in_scala/inorder.scala. Using presentation compiler with project's scala-library version: 3.8.4[0m
2026.08.02 01:23:04 INFO  no build target found for /Users/nilayshrivastava/Documents/programming_language/scala/learning_scala/fp_in_scala/inorder.scala. Using presentation compiler with project's scala-library version: 3.8.4[0m
2026.08.02 01:23:04 INFO  no build target found for /Users/nilayshrivastava/Documents/programming_language/scala/learning_scala/fp_in_scala/inorder.scala. Using presentation compiler with project's scala-library version: 3.8.4[0m
2026.08.02 01:23:04 INFO  no build target found for /Users/nilayshrivastava/Documents/programming_language/scala/learning_scala/fp_in_scala/inorder.scala. Using presentation compiler with project's scala-library version: 3.8.4[0m
2026.08.02 01:23:05 INFO  no build target found for /Users/nilayshrivastava/Documents/programming_language/scala/learning_scala/fp_in_scala/inorder.scala. Using presentation compiler with project's scala-library version: 3.8.4[0m
2026.08.02 01:23:05 INFO  no build target found for /Users/nilayshrivastava/Documents/programming_language/scala/learning_scala/fp_in_scala/inorder.scala. Using presentation compiler with project's scala-library version: 3.8.4[0m
2026.08.02 01:23:07 INFO  no build target found for /Users/nilayshrivastava/Documents/programming_language/scala/learning_scala/fp_in_scala/inorder.scala. Using presentation compiler with project's scala-library version: 3.8.4[0m
2026.08.02 01:23:07 INFO  no build target found for /Users/nilayshrivastava/Documents/programming_language/scala/learning_scala/fp_in_scala/inorder.scala. Using presentation compiler with project's scala-library version: 3.8.4[0m
2026.08.02 01:23:07 INFO  no build target found for /Users/nilayshrivastava/Documents/programming_language/scala/learning_scala/fp_in_scala/inorder.scala. Using presentation compiler with project's scala-library version: 3.8.4[0m
2026.08.02 01:23:07 INFO  no build target found for /Users/nilayshrivastava/Documents/programming_language/scala/learning_scala/fp_in_scala/inorder.scala. Using presentation compiler with project's scala-library version: 3.8.4[0m
2026.08.02 01:23:08 INFO  no build target found for /Users/nilayshrivastava/Documents/programming_language/scala/learning_scala/fp_in_scala/inorder.scala. Using presentation compiler with project's scala-library version: 3.8.4[0m
2026.08.02 01:23:08 INFO  no build target found for /Users/nilayshrivastava/Documents/programming_language/scala/learning_scala/fp_in_scala/inorder.scala. Using presentation compiler with project's scala-library version: 3.8.4[0m
2026.08.02 01:23:08 INFO  no build target found for /Users/nilayshrivastava/Documents/programming_language/scala/learning_scala/fp_in_scala/inorder.scala. Using presentation compiler with project's scala-library version: 3.8.4[0m
2026.08.02 01:23:08 INFO  no build target found for /Users/nilayshrivastava/Documents/programming_language/scala/learning_scala/fp_in_scala/inorder.scala. Using presentation compiler with project's scala-library version: 3.8.4[0m
2026.08.02 01:23:08 INFO  no build target found for /Users/nilayshrivastava/Documents/programming_language/scala/learning_scala/fp_in_scala/inorder.scala. Using presentation compiler with project's scala-library version: 3.8.4[0m
2026.08.02 01:23:08 INFO  no build target found for /Users/nilayshrivastava/Documents/programming_language/scala/learning_scala/fp_in_scala/inorder.scala. Using presentation compiler with project's scala-library version: 3.8.4[0m
2026.08.02 01:23:09 INFO  no build target found for /Users/nilayshrivastava/Documents/programming_language/scala/learning_scala/fp_in_scala/inorder.scala. Using presentation compiler with project's scala-library version: 3.8.4[0m
2026.08.02 01:23:09 INFO  no build target found for /Users/nilayshrivastava/Documents/programming_language/scala/learning_scala/fp_in_scala/inorder.scala. Using presentation compiler with project's scala-library version: 3.8.4[0m
2026.08.02 01:23:09 INFO  no build target found for /Users/nilayshrivastava/Documents/programming_language/scala/learning_scala/fp_in_scala/inorder.scala. Using presentation compiler with project's scala-library version: 3.8.4[0m
2026.08.02 01:23:10 INFO  no build target found for /Users/nilayshrivastava/Documents/programming_language/scala/learning_scala/fp_in_scala/inorder.scala. Using presentation compiler with project's scala-library version: 3.8.4[0m
2026.08.02 01:23:10 INFO  no build target found for /Users/nilayshrivastava/Documents/programming_language/scala/learning_scala/fp_in_scala/inorder.scala. Using presentation compiler with project's scala-library version: 3.8.4[0m
2026.08.02 01:23:10 INFO  no build target found for /Users/nilayshrivastava/Documents/programming_language/scala/learning_scala/fp_in_scala/inorder.scala. Using presentation compiler with project's scala-library version: 3.8.4[0m
2026.08.02 01:23:25 INFO  no build target found for /Users/nilayshrivastava/Documents/programming_language/scala/learning_scala/fp_in_scala/inorder.scala. Using presentation compiler with project's scala-library version: 3.8.4[0m
2026.08.02 01:23:25 INFO  no build target found for /Users/nilayshrivastava/Documents/programming_language/scala/learning_scala/fp_in_scala/inorder.scala. Using presentation compiler with project's scala-library version: 3.8.4[0m
2026.08.02 01:23:25 INFO  no build target found for /Users/nilayshrivastava/Documents/programming_language/scala/learning_scala/fp_in_scala/inorder.scala. Using presentation compiler with project's scala-library version: 3.8.4[0m
2026.08.02 01:23:25 INFO  no build target found for /Users/nilayshrivastava/Documents/programming_language/scala/learning_scala/fp_in_scala/inorder.scala. Using presentation compiler with project's scala-library version: 3.8.4[0m
2026.08.02 01:23:25 INFO  no build target found for /Users/nilayshrivastava/Documents/programming_language/scala/learning_scala/fp_in_scala/inorder.scala. Using presentation compiler with project's scala-library version: 3.8.4[0m
2026.08.02 01:23:26 INFO  no build target found for /Users/nilayshrivastava/Documents/programming_language/scala/learning_scala/fp_in_scala/inorder.scala. Using presentation compiler with project's scala-library version: 3.8.4[0m
2026.08.02 01:23:26 INFO  no build target found for /Users/nilayshrivastava/Documents/programming_language/scala/learning_scala/fp_in_scala/inorder.scala. Using presentation compiler with project's scala-library version: 3.8.4[0m
2026.08.02 01:23:26 INFO  no build target found for /Users/nilayshrivastava/Documents/programming_language/scala/learning_scala/fp_in_scala/inorder.scala. Using presentation compiler with project's scala-library version: 3.8.4[0m
2026.08.02 01:23:26 INFO  no build target found for /Users/nilayshrivastava/Documents/programming_language/scala/learning_scala/fp_in_scala/inorder.scala. Using presentation compiler with project's scala-library version: 3.8.4[0m
2026.08.02 01:23:26 INFO  no build target found for /Users/nilayshrivastava/Documents/programming_language/scala/learning_scala/fp_in_scala/inorder.scala. Using presentation compiler with project's scala-library version: 3.8.4[0m
2026.08.02 01:23:26 INFO  no build target found for /Users/nilayshrivastava/Documents/programming_language/scala/learning_scala/fp_in_scala/inorder.scala. Using presentation compiler with project's scala-library version: 3.8.4[0m
2026.08.02 01:23:26 INFO  no build target found for /Users/nilayshrivastava/Documents/programming_language/scala/learning_scala/fp_in_scala/inorder.scala. Using presentation compiler with project's scala-library version: 3.8.4[0m
2026.08.02 01:23:27 INFO  no build target found for /Users/nilayshrivastava/Documents/programming_language/scala/learning_scala/fp_in_scala/inorder.scala. Using presentation compiler with project's scala-library version: 3.8.4[0m
2026.08.02 01:23:27 INFO  no build target found for /Users/nilayshrivastava/Documents/programming_language/scala/learning_scala/fp_in_scala/inorder.scala. Using presentation compiler with project's scala-library version: 3.8.4[0m
2026.08.02 01:23:27 INFO  no build target found for /Users/nilayshrivastava/Documents/programming_language/scala/learning_scala/fp_in_scala/inorder.scala. Using presentation compiler with project's scala-library version: 3.8.4[0m
2026.08.02 01:23:27 INFO  no build target found for /Users/nilayshrivastava/Documents/programming_language/scala/learning_scala/fp_in_scala/inorder.scala. Using presentation compiler with project's scala-library version: 3.8.4[0m
2026.08.02 01:23:29 INFO  no build target found for /Users/nilayshrivastava/Documents/programming_language/scala/learning_scala/fp_in_scala/inorder.scala. Using presentation compiler with project's scala-library version: 3.8.4[0m
2026.08.02 01:23:29 INFO  no build target found for /Users/nilayshrivastava/Documents/programming_language/scala/learning_scala/fp_in_scala/inorder.scala. Using presentation compiler with project's scala-library version: 3.8.4[0m
2026.08.02 01:23:29 INFO  no build target found for /Users/nilayshrivastava/Documents/programming_language/scala/learning_scala/fp_in_scala/inorder.scala. Using presentation compiler with project's scala-library version: 3.8.4[0m
2026.08.02 01:23:29 INFO  no build target found for /Users/nilayshrivastava/Documents/programming_language/scala/learning_scala/fp_in_scala/inorder.scala. Using presentation compiler with project's scala-library version: 3.8.4[0m
2026.08.02 01:23:29 INFO  no build target found for /Users/nilayshrivastava/Documents/programming_language/scala/learning_scala/fp_in_scala/inorder.scala. Using presentation compiler with project's scala-library version: 3.8.4[0m
2026.08.02 01:23:29 INFO  no build target found for /Users/nilayshrivastava/Documents/programming_language/scala/learning_scala/fp_in_scala/inorder.scala. Using presentation compiler with project's scala-library version: 3.8.4[0m
2026.08.02 01:23:29 INFO  no build target found for /Users/nilayshrivastava/Documents/programming_language/scala/learning_scala/fp_in_scala/inorder.scala. Using presentation compiler with project's scala-library version: 3.8.4[0m
2026.08.02 01:23:29 INFO  no build target found for /Users/nilayshrivastava/Documents/programming_language/scala/learning_scala/fp_in_scala/inorder.scala. Using presentation compiler with project's scala-library version: 3.8.4[0m
2026.08.02 01:23:58 INFO  no build target found for /Users/nilayshrivastava/Documents/programming_language/scala/learning_scala/fp_in_scala/inorder.scala. Using presentation compiler with project's scala-library version: 3.8.4[0m
2026.08.02 01:23:58 INFO  no build target found for /Users/nilayshrivastava/Documents/programming_language/scala/learning_scala/fp_in_scala/inorder.scala. Using presentation compiler with project's scala-library version: 3.8.4[0m
2026.08.02 01:24:31 INFO  no build target found for /Users/nilayshrivastava/Documents/programming_language/scala/learning_scala/fp_in_scala/inorder.scala. Using presentation compiler with project's scala-library version: 3.8.4[0m
2026.08.02 01:24:31 INFO  no build target found for /Users/nilayshrivastava/Documents/programming_language/scala/learning_scala/fp_in_scala/inorder.scala. Using presentation compiler with project's scala-library version: 3.8.4[0m
2026.08.02 01:24:31 INFO  no build target found for /Users/nilayshrivastava/Documents/programming_language/scala/learning_scala/fp_in_scala/inorder.scala. Using presentation compiler with project's scala-library version: 3.8.4[0m
2026.08.02 01:24:31 INFO  no build target found for /Users/nilayshrivastava/Documents/programming_language/scala/learning_scala/fp_in_scala/inorder.scala. Using presentation compiler with project's scala-library version: 3.8.4[0m
2026.08.02 01:24:31 INFO  no build target found for /Users/nilayshrivastava/Documents/programming_language/scala/learning_scala/fp_in_scala/inorder.scala. Using presentation compiler with project's scala-library version: 3.8.4[0m
2026.08.02 01:24:31 INFO  no build target found for /Users/nilayshrivastava/Documents/programming_language/scala/learning_scala/fp_in_scala/inorder.scala. Using presentation compiler with project's scala-library version: 3.8.4[0m
2026.08.02 01:24:31 INFO  no build target found for /Users/nilayshrivastava/Documents/programming_language/scala/learning_scala/fp_in_scala/inorder.scala. Using presentation compiler with project's scala-library version: 3.8.4[0m
2026.08.02 01:24:31 INFO  no build target found for /Users/nilayshrivastava/Documents/programming_language/scala/learning_scala/fp_in_scala/inorder.scala. Using presentation compiler with project's scala-library version: 3.8.4[0m
2026.08.02 01:24:31 INFO  no build target found for /Users/nilayshrivastava/Documents/programming_language/scala/learning_scala/fp_in_scala/inorder.scala. Using presentation compiler with project's scala-library version: 3.8.4[0m
2026.08.02 01:24:31 INFO  no build target found for /Users/nilayshrivastava/Documents/programming_language/scala/learning_scala/fp_in_scala/inorder.scala. Using presentation compiler with project's scala-library version: 3.8.4[0m
2026.08.02 01:24:31 INFO  no build target found for /Users/nilayshrivastava/Documents/programming_language/scala/learning_scala/fp_in_scala/inorder.scala. Using presentation compiler with project's scala-library version: 3.8.4[0m
2026.08.02 01:24:32 INFO  no build target found for /Users/nilayshrivastava/Documents/programming_language/scala/learning_scala/fp_in_scala/inorder.scala. Using presentation compiler with project's scala-library version: 3.8.4[0m
2026.08.02 01:24:32 INFO  no build target found for /Users/nilayshrivastava/Documents/programming_language/scala/learning_scala/fp_in_scala/inorder.scala. Using presentation compiler with project's scala-library version: 3.8.4[0m
2026.08.02 01:24:32 INFO  no build target found for /Users/nilayshrivastava/Documents/programming_language/scala/learning_scala/fp_in_scala/inorder.scala. Using presentation compiler with project's scala-library version: 3.8.4[0m
2026.08.02 01:24:32 INFO  no build target found for /Users/nilayshrivastava/Documents/programming_language/scala/learning_scala/fp_in_scala/inorder.scala. Using presentation compiler with project's scala-library version: 3.8.4[0m
2026.08.02 01:24:32 INFO  no build target found for /Users/nilayshrivastava/Documents/programming_language/scala/learning_scala/fp_in_scala/inorder.scala. Using presentation compiler with project's scala-library version: 3.8.4[0m
2026.08.02 01:24:32 INFO  no build target found for /Users/nilayshrivastava/Documents/programming_language/scala/learning_scala/fp_in_scala/inorder.scala. Using presentation compiler with project's scala-library version: 3.8.4[0m
2026.08.02 01:24:32 INFO  no build target found for /Users/nilayshrivastava/Documents/programming_language/scala/learning_scala/fp_in_scala/inorder.scala. Using presentation compiler with project's scala-library version: 3.8.4[0m
2026.08.02 01:24:32 INFO  no build target found for /Users/nilayshrivastava/Documents/programming_language/scala/learning_scala/fp_in_scala/inorder.scala. Using presentation compiler with project's scala-library version: 3.8.4[0m
2026.08.02 01:24:32 INFO  no build target found for /Users/nilayshrivastava/Documents/programming_language/scala/learning_scala/fp_in_scala/inorder.scala. Using presentation compiler with project's scala-library version: 3.8.4[0m
2026.08.02 01:24:32 INFO  no build target found for /Users/nilayshrivastava/Documents/programming_language/scala/learning_scala/fp_in_scala/inorder.scala. Using presentation compiler with project's scala-library version: 3.8.4[0m
2026.08.02 01:24:32 INFO  no build target found for /Users/nilayshrivastava/Documents/programming_language/scala/learning_scala/fp_in_scala/inorder.scala. Using presentation compiler with project's scala-library version: 3.8.4[0m
2026.08.02 01:24:32 INFO  no build target found for /Users/nilayshrivastava/Documents/programming_language/scala/learning_scala/fp_in_scala/inorder.scala. Using presentation compiler with project's scala-library version: 3.8.4[0m
2026.08.02 01:24:32 INFO  no build target found for /Users/nilayshrivastava/Documents/programming_language/scala/learning_scala/fp_in_scala/inorder.scala. Using presentation compiler with project's scala-library version: 3.8.4[0m
2026.08.02 01:24:32 INFO  no build target found for /Users/nilayshrivastava/Documents/programming_language/scala/learning_scala/fp_in_scala/inorder.scala. Using presentation compiler with project's scala-library version: 3.8.4[0m
2026.08.02 01:24:32 INFO  no build target found for /Users/nilayshrivastava/Documents/programming_language/scala/learning_scala/fp_in_scala/inorder.scala. Using presentation compiler with project's scala-library version: 3.8.4[0m
2026.08.02 01:24:32 INFO  no build target found for /Users/nilayshrivastava/Documents/programming_language/scala/learning_scala/fp_in_scala/inorder.scala. Using presentation compiler with project's scala-library version: 3.8.4[0m
2026.08.02 01:24:32 INFO  no build target found for /Users/nilayshrivastava/Documents/programming_language/scala/learning_scala/fp_in_scala/inorder.scala. Using presentation compiler with project's scala-library version: 3.8.4[0m
2026.08.02 01:24:32 INFO  no build target found for /Users/nilayshrivastava/Documents/programming_language/scala/learning_scala/fp_in_scala/inorder.scala. Using presentation compiler with project's scala-library version: 3.8.4[0m
2026.08.02 01:24:32 INFO  no build target found for /Users/nilayshrivastava/Documents/programming_language/scala/learning_scala/fp_in_scala/inorder.scala. Using presentation compiler with project's scala-library version: 3.8.4[0m
2026.08.02 01:24:32 INFO  no build target found for /Users/nilayshrivastava/Documents/programming_language/scala/learning_scala/fp_in_scala/inorder.scala. Using presentation compiler with project's scala-library version: 3.8.4[0m
2026.08.02 01:24:32 INFO  no build target found for /Users/nilayshrivastava/Documents/programming_language/scala/learning_scala/fp_in_scala/inorder.scala. Using presentation compiler with project's scala-library version: 3.8.4[0m
2026.08.02 01:24:32 INFO  no build target found for /Users/nilayshrivastava/Documents/programming_language/scala/learning_scala/fp_in_scala/inorder.scala. Using presentation compiler with project's scala-library version: 3.8.4[0m
2026.08.02 01:24:33 INFO  no build target found for /Users/nilayshrivastava/Documents/programming_language/scala/learning_scala/fp_in_scala/inorder.scala. Using presentation compiler with project's scala-library version: 3.8.4[0m
2026.08.02 01:24:33 INFO  no build target found for /Users/nilayshrivastava/Documents/programming_language/scala/learning_scala/fp_in_scala/inorder.scala. Using presentation compiler with project's scala-library version: 3.8.4[0m
2026.08.02 01:24:33 INFO  no build target found for /Users/nilayshrivastava/Documents/programming_language/scala/learning_scala/fp_in_scala/inorder.scala. Using presentation compiler with project's scala-library version: 3.8.4[0m
2026.08.02 01:24:34 INFO  no build target found for /Users/nilayshrivastava/Documents/programming_language/scala/learning_scala/fp_in_scala/inorder.scala. Using presentation compiler with project's scala-library version: 3.8.4[0m
2026.08.02 01:24:34 INFO  no build target found for /Users/nilayshrivastava/Documents/programming_language/scala/learning_scala/fp_in_scala/inorder.scala. Using presentation compiler with project's scala-library version: 3.8.4[0m
2026.08.02 01:24:34 INFO  no build target found for /Users/nilayshrivastava/Documents/programming_language/scala/learning_scala/fp_in_scala/inorder.scala. Using presentation compiler with project's scala-library version: 3.8.4[0m
2026.08.02 01:24:34 INFO  no build target found for /Users/nilayshrivastava/Documents/programming_language/scala/learning_scala/fp_in_scala/inorder.scala. Using presentation compiler with project's scala-library version: 3.8.4[0m
2026.08.02 01:24:34 INFO  no build target found for /Users/nilayshrivastava/Documents/programming_language/scala/learning_scala/fp_in_scala/inorder.scala. Using presentation compiler with project's scala-library version: 3.8.4[0m
2026.08.02 01:24:34 INFO  no build target found for /Users/nilayshrivastava/Documents/programming_language/scala/learning_scala/fp_in_scala/inorder.scala. Using presentation compiler with project's scala-library version: 3.8.4[0m
2026.08.02 01:24:34 INFO  no build target found for /Users/nilayshrivastava/Documents/programming_language/scala/learning_scala/fp_in_scala/inorder.scala. Using presentation compiler with project's scala-library version: 3.8.4[0m
2026.08.02 01:24:34 INFO  no build target found for /Users/nilayshrivastava/Documents/programming_language/scala/learning_scala/fp_in_scala/inorder.scala. Using presentation compiler with project's scala-library version: 3.8.4[0m
2026.08.02 01:24:35 INFO  no build target found for /Users/nilayshrivastava/Documents/programming_language/scala/learning_scala/fp_in_scala/inorder.scala. Using presentation compiler with project's scala-library version: 3.8.4[0m
2026.08.02 01:24:35 INFO  no build target found for /Users/nilayshrivastava/Documents/programming_language/scala/learning_scala/fp_in_scala/inorder.scala. Using presentation compiler with project's scala-library version: 3.8.4[0m
2026.08.02 01:24:35 INFO  no build target found for /Users/nilayshrivastava/Documents/programming_language/scala/learning_scala/fp_in_scala/inorder.scala. Using presentation compiler with project's scala-library version: 3.8.4[0m
2026.08.02 01:24:35 INFO  no build target found for /Users/nilayshrivastava/Documents/programming_language/scala/learning_scala/fp_in_scala/inorder.scala. Using presentation compiler with project's scala-library version: 3.8.4[0m
2026.08.02 01:24:36 INFO  no build target found for /Users/nilayshrivastava/Documents/programming_language/scala/learning_scala/fp_in_scala/inorder.scala. Using presentation compiler with project's scala-library version: 3.8.4[0m
2026.08.02 01:24:36 INFO  no build target found for /Users/nilayshrivastava/Documents/programming_language/scala/learning_scala/fp_in_scala/inorder.scala. Using presentation compiler with project's scala-library version: 3.8.4[0m
2026.08.02 01:24:36 INFO  no build target found for /Users/nilayshrivastava/Documents/programming_language/scala/learning_scala/fp_in_scala/inorder.scala. Using presentation compiler with project's scala-library version: 3.8.4[0m
2026.08.02 01:24:36 INFO  no build target found for /Users/nilayshrivastava/Documents/programming_language/scala/learning_scala/fp_in_scala/inorder.scala. Using presentation compiler with project's scala-library version: 3.8.4[0m
2026.08.02 01:24:36 INFO  no build target found for /Users/nilayshrivastava/Documents/programming_language/scala/learning_scala/fp_in_scala/inorder.scala. Using presentation compiler with project's scala-library version: 3.8.4[0m
2026.08.02 01:24:38 INFO  no build target found for /Users/nilayshrivastava/Documents/programming_language/scala/learning_scala/fp_in_scala/inorder.scala. Using presentation compiler with project's scala-library version: 3.8.4[0m
2026.08.02 01:24:38 INFO  no build target found for /Users/nilayshrivastava/Documents/programming_language/scala/learning_scala/fp_in_scala/inorder.scala. Using presentation compiler with project's scala-library version: 3.8.4[0m
2026.08.02 01:24:38 INFO  no build target found for /Users/nilayshrivastava/Documents/programming_language/scala/learning_scala/fp_in_scala/inorder.scala. Using presentation compiler with project's scala-library version: 3.8.4[0m
2026.08.02 01:24:38 INFO  no build target found for /Users/nilayshrivastava/Documents/programming_language/scala/learning_scala/fp_in_scala/inorder.scala. Using presentation compiler with project's scala-library version: 3.8.4[0m
2026.08.02 01:24:38 INFO  no build target found for /Users/nilayshrivastava/Documents/programming_language/scala/learning_scala/fp_in_scala/inorder.scala. Using presentation compiler with project's scala-library version: 3.8.4[0m
2026.08.02 01:24:38 INFO  no build target found for /Users/nilayshrivastava/Documents/programming_language/scala/learning_scala/fp_in_scala/inorder.scala. Using presentation compiler with project's scala-library version: 3.8.4[0m
2026.08.02 01:24:39 INFO  no build target found for /Users/nilayshrivastava/Documents/programming_language/scala/learning_scala/fp_in_scala/inorder.scala. Using presentation compiler with project's scala-library version: 3.8.4[0m
2026.08.02 01:24:39 INFO  no build target found for /Users/nilayshrivastava/Documents/programming_language/scala/learning_scala/fp_in_scala/inorder.scala. Using presentation compiler with project's scala-library version: 3.8.4[0m
2026.08.02 01:24:49 INFO  no build target found for /Users/nilayshrivastava/Documents/programming_language/scala/learning_scala/fp_in_scala/inorder.scala. Using presentation compiler with project's scala-library version: 3.8.4[0m
2026.08.02 01:24:49 INFO  no build target found for /Users/nilayshrivastava/Documents/programming_language/scala/learning_scala/fp_in_scala/inorder.scala. Using presentation compiler with project's scala-library version: 3.8.4[0m
2026.08.02 01:24:49 INFO  no build target found for /Users/nilayshrivastava/Documents/programming_language/scala/learning_scala/fp_in_scala/inorder.scala. Using presentation compiler with project's scala-library version: 3.8.4[0m
2026.08.02 01:25:12 INFO  no build target found for /Users/nilayshrivastava/Documents/programming_language/scala/learning_scala/fp_in_scala/inorder.scala. Using presentation compiler with project's scala-library version: 3.8.4[0m
2026.08.02 01:25:12 INFO  no build target found for /Users/nilayshrivastava/Documents/programming_language/scala/learning_scala/fp_in_scala/inorder.scala. Using presentation compiler with project's scala-library version: 3.8.4[0m
2026.08.02 01:25:12 INFO  no build target found for /Users/nilayshrivastava/Documents/programming_language/scala/learning_scala/fp_in_scala/inorder.scala. Using presentation compiler with project's scala-library version: 3.8.4[0m
2026.08.02 01:25:12 INFO  no build target found for /Users/nilayshrivastava/Documents/programming_language/scala/learning_scala/fp_in_scala/inorder.scala. Using presentation compiler with project's scala-library version: 3.8.4[0m
2026.08.02 01:25:12 INFO  no build target found for /Users/nilayshrivastava/Documents/programming_language/scala/learning_scala/fp_in_scala/inorder.scala. Using presentation compiler with project's scala-library version: 3.8.4[0m
2026.08.02 01:25:12 INFO  no build target found for /Users/nilayshrivastava/Documents/programming_language/scala/learning_scala/fp_in_scala/inorder.scala. Using presentation compiler with project's scala-library version: 3.8.4[0m
2026.08.02 01:25:12 INFO  no build target found for /Users/nilayshrivastava/Documents/programming_language/scala/learning_scala/fp_in_scala/inorder.scala. Using presentation compiler with project's scala-library version: 3.8.4[0m
2026.08.02 01:25:12 INFO  no build target found for /Users/nilayshrivastava/Documents/programming_language/scala/learning_scala/fp_in_scala/inorder.scala. Using presentation compiler with project's scala-library version: 3.8.4[0m
2026.08.02 01:25:12 INFO  no build target found for /Users/nilayshrivastava/Documents/programming_language/scala/learning_scala/fp_in_scala/inorder.scala. Using presentation compiler with project's scala-library version: 3.8.4[0m
2026.08.02 01:25:12 INFO  no build target found for /Users/nilayshrivastava/Documents/programming_language/scala/learning_scala/fp_in_scala/inorder.scala. Using presentation compiler with project's scala-library version: 3.8.4[0m
2026.08.02 01:25:13 INFO  no build target found for /Users/nilayshrivastava/Documents/programming_language/scala/learning_scala/fp_in_scala/inorder.scala. Using presentation compiler with project's scala-library version: 3.8.4[0m
2026.08.02 01:25:13 INFO  no build target found for /Users/nilayshrivastava/Documents/programming_language/scala/learning_scala/fp_in_scala/inorder.scala. Using presentation compiler with project's scala-library version: 3.8.4[0m
2026.08.02 01:25:13 INFO  no build target found for /Users/nilayshrivastava/Documents/programming_language/scala/learning_scala/fp_in_scala/inorder.scala. Using presentation compiler with project's scala-library version: 3.8.4[0m
2026.08.02 01:25:14 INFO  no build target found for /Users/nilayshrivastava/Documents/programming_language/scala/learning_scala/fp_in_scala/inorder.scala. Using presentation compiler with project's scala-library version: 3.8.4[0m
2026.08.02 01:25:14 INFO  no build target found for /Users/nilayshrivastava/Documents/programming_language/scala/learning_scala/fp_in_scala/inorder.scala. Using presentation compiler with project's scala-library version: 3.8.4[0m
2026.08.02 01:25:14 INFO  no build target found for /Users/nilayshrivastava/Documents/programming_language/scala/learning_scala/fp_in_scala/inorder.scala. Using presentation compiler with project's scala-library version: 3.8.4[0m
2026.08.02 01:25:14 INFO  no build target found for /Users/nilayshrivastava/Documents/programming_language/scala/learning_scala/fp_in_scala/inorder.scala. Using presentation compiler with project's scala-library version: 3.8.4[0m
2026.08.02 01:25:14 INFO  no build target found for /Users/nilayshrivastava/Documents/programming_language/scala/learning_scala/fp_in_scala/inorder.scala. Using presentation compiler with project's scala-library version: 3.8.4[0m
2026.08.02 01:25:14 INFO  no build target found for /Users/nilayshrivastava/Documents/programming_language/scala/learning_scala/fp_in_scala/inorder.scala. Using presentation compiler with project's scala-library version: 3.8.4[0m
2026.08.02 01:25:15 INFO  no build target found for /Users/nilayshrivastava/Documents/programming_language/scala/learning_scala/fp_in_scala/inorder.scala. Using presentation compiler with project's scala-library version: 3.8.4[0m
2026.08.02 01:25:15 INFO  no build target found for /Users/nilayshrivastava/Documents/programming_language/scala/learning_scala/fp_in_scala/inorder.scala. Using presentation compiler with project's scala-library version: 3.8.4[0m
2026.08.02 01:25:15 INFO  no build target found for /Users/nilayshrivastava/Documents/programming_language/scala/learning_scala/fp_in_scala/inorder.scala. Using presentation compiler with project's scala-library version: 3.8.4[0m
2026.08.02 01:27:10 INFO  no build target found for /Users/nilayshrivastava/Documents/programming_language/scala/learning_scala/fp_in_scala/inorder.scala. Using presentation compiler with project's scala-library version: 3.8.4[0m
2026.08.02 01:27:14 INFO  no build target found for /Users/nilayshrivastava/Documents/programming_language/scala/learning_scala/fp_in_scala/inorder.scala. Using presentation compiler with project's scala-library version: 3.8.4[0m
2026.08.02 01:27:15 INFO  no build target found for /Users/nilayshrivastava/Documents/programming_language/scala/learning_scala/fp_in_scala/inorder.scala. Using presentation compiler with project's scala-library version: 3.8.4[0m
2026.08.02 01:27:15 INFO  no build target found for /Users/nilayshrivastava/Documents/programming_language/scala/learning_scala/fp_in_scala/inorder.scala. Using presentation compiler with project's scala-library version: 3.8.4[0m
2026.08.02 01:27:15 INFO  no build target found for /Users/nilayshrivastava/Documents/programming_language/scala/learning_scala/fp_in_scala/inorder.scala. Using presentation compiler with project's scala-library version: 3.8.4[0m
2026.08.02 01:27:15 INFO  no build target found for /Users/nilayshrivastava/Documents/programming_language/scala/learning_scala/fp_in_scala/inorder.scala. Using presentation compiler with project's scala-library version: 3.8.4[0m
2026.08.02 01:27:15 INFO  no build target found for /Users/nilayshrivastava/Documents/programming_language/scala/learning_scala/fp_in_scala/inorder.scala. Using presentation compiler with project's scala-library version: 3.8.4[0m
2026.08.02 01:27:15 INFO  no build target found for /Users/nilayshrivastava/Documents/programming_language/scala/learning_scala/fp_in_scala/inorder.scala. Using presentation compiler with project's scala-library version: 3.8.4[0m
2026.08.02 01:27:15 INFO  no build target found for /Users/nilayshrivastava/Documents/programming_language/scala/learning_scala/fp_in_scala/inorder.scala. Using presentation compiler with project's scala-library version: 3.8.4[0m
2026.08.02 01:27:15 INFO  no build target found for /Users/nilayshrivastava/Documents/programming_language/scala/learning_scala/fp_in_scala/inorder.scala. Using presentation compiler with project's scala-library version: 3.8.4[0m
2026.08.02 01:27:15 INFO  no build target found for /Users/nilayshrivastava/Documents/programming_language/scala/learning_scala/fp_in_scala/inorder.scala. Using presentation compiler with project's scala-library version: 3.8.4[0m
2026.08.02 01:27:20 INFO  no build target found for /Users/nilayshrivastava/Documents/programming_language/scala/learning_scala/fp_in_scala/inorder.scala. Using presentation compiler with project's scala-library version: 3.8.4[0m
2026.08.02 01:27:20 WARN  no build target for: /Users/nilayshrivastava/Documents/programming_language/scala/learning_scala/fp_in_scala/inorder.scala[0m
2026.08.02 04:40:57 INFO  no build target found for /Users/nilayshrivastava/Documents/programming_language/scala/learning_scala/fp_in_scala/inorder.scala. Using presentation compiler with project's scala-library version: 3.8.4[0m
2026.08.02 04:40:57 INFO  no build target found for /Users/nilayshrivastava/Documents/programming_language/scala/learning_scala/fp_in_scala/inorder.scala. Using presentation compiler with project's scala-library version: 3.8.4[0m
2026.08.02 04:40:57 INFO  no build target found for /Users/nilayshrivastava/Documents/programming_language/scala/learning_scala/fp_in_scala/inorder.scala. Using presentation compiler with project's scala-library version: 3.8.4[0m
2026.08.02 04:40:57 INFO  no build target found for /Users/nilayshrivastava/Documents/programming_language/scala/learning_scala/fp_in_scala/inorder.scala. Using presentation compiler with project's scala-library version: 3.8.4[0m
2026.08.02 04:40:57 INFO  no build target found for /Users/nilayshrivastava/Documents/programming_language/scala/learning_scala/fp_in_scala/inorder.scala. Using presentation compiler with project's scala-library version: 3.8.4[0m
2026.08.02 04:40:57 INFO  no build target found for /Users/nilayshrivastava/Documents/programming_language/scala/learning_scala/fp_in_scala/inorder.scala. Using presentation compiler with project's scala-library version: 3.8.4[0m
2026.08.02 04:40:57 INFO  no build target found for /Users/nilayshrivastava/Documents/programming_language/scala/learning_scala/fp_in_scala/inorder.scala. Using presentation compiler with project's scala-library version: 3.8.4[0m
2026.08.02 04:40:57 INFO  no build target found for /Users/nilayshrivastava/Documents/programming_language/scala/learning_scala/fp_in_scala/inorder.scala. Using presentation compiler with project's scala-library version: 3.8.4[0m
2026.08.02 04:40:57 INFO  no build target found for /Users/nilayshrivastava/Documents/programming_language/scala/learning_scala/fp_in_scala/inorder.scala. Using presentation compiler with project's scala-library version: 3.8.4[0m
2026.08.02 04:40:57 INFO  no build target found for /Users/nilayshrivastava/Documents/programming_language/scala/learning_scala/fp_in_scala/inorder.scala. Using presentation compiler with project's scala-library version: 3.8.4[0m
2026.08.02 04:40:57 INFO  no build target found for /Users/nilayshrivastava/Documents/programming_language/scala/learning_scala/fp_in_scala/inorder.scala. Using presentation compiler with project's scala-library version: 3.8.4[0m
2026.08.02 04:40:57 INFO  no build target found for /Users/nilayshrivastava/Documents/programming_language/scala/learning_scala/fp_in_scala/inorder.scala. Using presentation compiler with project's scala-library version: 3.8.4[0m
2026.08.02 04:40:58 INFO  no build target found for /Users/nilayshrivastava/Documents/programming_language/scala/learning_scala/fp_in_scala/inorder.scala. Using presentation compiler with project's scala-library version: 3.8.4[0m
2026.08.02 04:40:58 INFO  no build target found for /Users/nilayshrivastava/Documents/programming_language/scala/learning_scala/fp_in_scala/inorder.scala. Using presentation compiler with project's scala-library version: 3.8.4[0m
2026.08.02 04:40:58 INFO  no build target found for /Users/nilayshrivastava/Documents/programming_language/scala/learning_scala/fp_in_scala/inorder.scala. Using presentation compiler with project's scala-library version: 3.8.4[0m
2026.08.02 04:40:58 INFO  no build target found for /Users/nilayshrivastava/Documents/programming_language/scala/learning_scala/fp_in_scala/inorder.scala. Using presentation compiler with project's scala-library version: 3.8.4[0m
2026.08.02 04:40:58 INFO  no build target found for /Users/nilayshrivastava/Documents/programming_language/scala/learning_scala/fp_in_scala/inorder.scala. Using presentation compiler with project's scala-library version: 3.8.4[0m
2026.08.02 04:40:58 INFO  no build target found for /Users/nilayshrivastava/Documents/programming_language/scala/learning_scala/fp_in_scala/inorder.scala. Using presentation compiler with project's scala-library version: 3.8.4[0m
2026.08.02 04:40:59 INFO  no build target found for /Users/nilayshrivastava/Documents/programming_language/scala/learning_scala/fp_in_scala/inorder.scala. Using presentation compiler with project's scala-library version: 3.8.4[0m
2026.08.02 04:40:59 INFO  no build target found for /Users/nilayshrivastava/Documents/programming_language/scala/learning_scala/fp_in_scala/inorder.scala. Using presentation compiler with project's scala-library version: 3.8.4[0m
2026.08.02 04:40:59 INFO  no build target found for /Users/nilayshrivastava/Documents/programming_language/scala/learning_scala/fp_in_scala/inorder.scala. Using presentation compiler with project's scala-library version: 3.8.4[0m
2026.08.02 04:41:10 INFO  no build target found for /Users/nilayshrivastava/Documents/programming_language/scala/learning_scala/fp_in_scala/inorder.scala. Using presentation compiler with project's scala-library version: 3.8.4[0m
2026.08.02 04:41:10 INFO  no build target found for /Users/nilayshrivastava/Documents/programming_language/scala/learning_scala/fp_in_scala/inorder.scala. Using presentation compiler with project's scala-library version: 3.8.4[0m
2026.08.02 04:41:11 INFO  no build target found for /Users/nilayshrivastava/Documents/programming_language/scala/learning_scala/fp_in_scala/inorder.scala. Using presentation compiler with project's scala-library version: 3.8.4[0m
2026.08.02 04:41:11 INFO  no build target found for /Users/nilayshrivastava/Documents/programming_language/scala/learning_scala/fp_in_scala/inorder.scala. Using presentation compiler with project's scala-library version: 3.8.4[0m
2026.08.02 04:41:13 INFO  no build target found for /Users/nilayshrivastava/Documents/programming_language/scala/learning_scala/fp_in_scala/inorder.scala. Using presentation compiler with project's scala-library version: 3.8.4[0m
2026.08.02 04:41:13 INFO  no build target found for /Users/nilayshrivastava/Documents/programming_language/scala/learning_scala/fp_in_scala/inorder.scala. Using presentation compiler with project's scala-library version: 3.8.4[0m
2026.08.02 04:41:13 INFO  no build target found for /Users/nilayshrivastava/Documents/programming_language/scala/learning_scala/fp_in_scala/inorder.scala. Using presentation compiler with project's scala-library version: 3.8.4[0m
2026.08.02 04:41:13 INFO  no build target found for /Users/nilayshrivastava/Documents/programming_language/scala/learning_scala/fp_in_scala/inorder.scala. Using presentation compiler with project's scala-library version: 3.8.4[0m
2026.08.02 04:41:15 INFO  no build target found for /Users/nilayshrivastava/Documents/programming_language/scala/learning_scala/fp_in_scala/inorder.scala. Using presentation compiler with project's scala-library version: 3.8.4[0m
2026.08.02 04:41:15 INFO  no build target found for /Users/nilayshrivastava/Documents/programming_language/scala/learning_scala/fp_in_scala/inorder.scala. Using presentation compiler with project's scala-library version: 3.8.4[0m
2026.08.02 04:41:15 INFO  no build target found for /Users/nilayshrivastava/Documents/programming_language/scala/learning_scala/fp_in_scala/inorder.scala. Using presentation compiler with project's scala-library version: 3.8.4[0m
2026.08.02 04:41:15 INFO  no build target found for /Users/nilayshrivastava/Documents/programming_language/scala/learning_scala/fp_in_scala/inorder.scala. Using presentation compiler with project's scala-library version: 3.8.4[0m
2026.08.02 04:41:15 INFO  no build target found for /Users/nilayshrivastava/Documents/programming_language/scala/learning_scala/fp_in_scala/inorder.scala. Using presentation compiler with project's scala-library version: 3.8.4[0m
2026.08.02 04:41:15 INFO  no build target found for /Users/nilayshrivastava/Documents/programming_language/scala/learning_scala/fp_in_scala/inorder.scala. Using presentation compiler with project's scala-library version: 3.8.4[0m
2026.08.02 04:41:16 INFO  no build target found for /Users/nilayshrivastava/Documents/programming_language/scala/learning_scala/fp_in_scala/inorder.scala. Using presentation compiler with project's scala-library version: 3.8.4[0m
2026.08.02 04:41:16 INFO  no build target found for /Users/nilayshrivastava/Documents/programming_language/scala/learning_scala/fp_in_scala/inorder.scala. Using presentation compiler with project's scala-library version: 3.8.4[0m
2026.08.02 04:41:16 INFO  no build target found for /Users/nilayshrivastava/Documents/programming_language/scala/learning_scala/fp_in_scala/inorder.scala. Using presentation compiler with project's scala-library version: 3.8.4[0m
2026.08.02 04:41:18 INFO  no build target found for /Users/nilayshrivastava/Documents/programming_language/scala/learning_scala/fp_in_scala/inorder.scala. Using presentation compiler with project's scala-library version: 3.8.4[0m
2026.08.02 04:41:18 INFO  no build target found for /Users/nilayshrivastava/Documents/programming_language/scala/learning_scala/fp_in_scala/inorder.scala. Using presentation compiler with project's scala-library version: 3.8.4[0m
2026.08.02 04:41:18 INFO  no build target found for /Users/nilayshrivastava/Documents/programming_language/scala/learning_scala/fp_in_scala/inorder.scala. Using presentation compiler with project's scala-library version: 3.8.4[0m
2026.08.02 04:41:32 INFO  no build target found for /Users/nilayshrivastava/Documents/programming_language/scala/learning_scala/fp_in_scala/inorder.scala. Using presentation compiler with project's scala-library version: 3.8.4[0m
2026.08.02 04:41:32 INFO  no build target found for /Users/nilayshrivastava/Documents/programming_language/scala/learning_scala/fp_in_scala/inorder.scala. Using presentation compiler with project's scala-library version: 3.8.4[0m
2026.08.02 04:41:33 INFO  no build target found for /Users/nilayshrivastava/Documents/programming_language/scala/learning_scala/fp_in_scala/inorder.scala. Using presentation compiler with project's scala-library version: 3.8.4[0m
2026.08.02 04:41:33 INFO  no build target found for /Users/nilayshrivastava/Documents/programming_language/scala/learning_scala/fp_in_scala/inorder.scala. Using presentation compiler with project's scala-library version: 3.8.4[0m
2026.08.02 04:41:35 INFO  no build target found for /Users/nilayshrivastava/Documents/programming_language/scala/learning_scala/fp_in_scala/inorder.scala. Using presentation compiler with project's scala-library version: 3.8.4[0m
2026.08.02 04:41:35 INFO  no build target found for /Users/nilayshrivastava/Documents/programming_language/scala/learning_scala/fp_in_scala/inorder.scala. Using presentation compiler with project's scala-library version: 3.8.4[0m
2026.08.02 04:41:35 INFO  no build target found for /Users/nilayshrivastava/Documents/programming_language/scala/learning_scala/fp_in_scala/inorder.scala. Using presentation compiler with project's scala-library version: 3.8.4[0m
2026.08.02 04:41:35 INFO  no build target found for /Users/nilayshrivastava/Documents/programming_language/scala/learning_scala/fp_in_scala/inorder.scala. Using presentation compiler with project's scala-library version: 3.8.4[0m
2026.08.02 04:41:38 INFO  no build target found for /Users/nilayshrivastava/Documents/programming_language/scala/learning_scala/fp_in_scala/inorder.scala. Using presentation compiler with project's scala-library version: 3.8.4[0m
2026.08.02 04:41:38 INFO  no build target found for /Users/nilayshrivastava/Documents/programming_language/scala/learning_scala/fp_in_scala/inorder.scala. Using presentation compiler with project's scala-library version: 3.8.4[0m
2026.08.02 04:41:38 INFO  no build target found for /Users/nilayshrivastava/Documents/programming_language/scala/learning_scala/fp_in_scala/inorder.scala. Using presentation compiler with project's scala-library version: 3.8.4[0m
2026.08.02 04:41:38 INFO  no build target found for /Users/nilayshrivastava/Documents/programming_language/scala/learning_scala/fp_in_scala/inorder.scala. Using presentation compiler with project's scala-library version: 3.8.4[0m
2026.08.02 04:41:38 INFO  no build target found for /Users/nilayshrivastava/Documents/programming_language/scala/learning_scala/fp_in_scala/inorder.scala. Using presentation compiler with project's scala-library version: 3.8.4[0m
2026.08.02 04:41:38 INFO  no build target found for /Users/nilayshrivastava/Documents/programming_language/scala/learning_scala/fp_in_scala/inorder.scala. Using presentation compiler with project's scala-library version: 3.8.4[0m
2026.08.02 04:41:38 INFO  no build target found for /Users/nilayshrivastava/Documents/programming_language/scala/learning_scala/fp_in_scala/inorder.scala. Using presentation compiler with project's scala-library version: 3.8.4[0m
2026.08.02 04:41:38 INFO  no build target found for /Users/nilayshrivastava/Documents/programming_language/scala/learning_scala/fp_in_scala/inorder.scala. Using presentation compiler with project's scala-library version: 3.8.4[0m
2026.08.02 04:41:38 INFO  no build target found for /Users/nilayshrivastava/Documents/programming_language/scala/learning_scala/fp_in_scala/inorder.scala. Using presentation compiler with project's scala-library version: 3.8.4[0m
2026.08.02 04:41:39 INFO  no build target found for /Users/nilayshrivastava/Documents/programming_language/scala/learning_scala/fp_in_scala/inorder.scala. Using presentation compiler with project's scala-library version: 3.8.4[0m
2026.08.02 04:41:39 INFO  no build target found for /Users/nilayshrivastava/Documents/programming_language/scala/learning_scala/fp_in_scala/inorder.scala. Using presentation compiler with project's scala-library version: 3.8.4[0m
2026.08.02 04:41:39 INFO  no build target found for /Users/nilayshrivastava/Documents/programming_language/scala/learning_scala/fp_in_scala/inorder.scala. Using presentation compiler with project's scala-library version: 3.8.4[0m
2026.08.02 04:41:39 INFO  no build target found for /Users/nilayshrivastava/Documents/programming_language/scala/learning_scala/fp_in_scala/inorder.scala. Using presentation compiler with project's scala-library version: 3.8.4[0m
2026.08.02 04:41:39 INFO  no build target found for /Users/nilayshrivastava/Documents/programming_language/scala/learning_scala/fp_in_scala/inorder.scala. Using presentation compiler with project's scala-library version: 3.8.4[0m
2026.08.02 04:41:39 INFO  no build target found for /Users/nilayshrivastava/Documents/programming_language/scala/learning_scala/fp_in_scala/inorder.scala. Using presentation compiler with project's scala-library version: 3.8.4[0m
2026.08.02 04:41:40 INFO  no build target found for /Users/nilayshrivastava/Documents/programming_language/scala/learning_scala/fp_in_scala/inorder.scala. Using presentation compiler with project's scala-library version: 3.8.4[0m
2026.08.02 04:41:48 INFO  no build target found for /Users/nilayshrivastava/Documents/programming_language/scala/learning_scala/fp_in_scala/inorder.scala. Using presentation compiler with project's scala-library version: 3.8.4[0m
2026.08.02 04:41:48 INFO  no build target found for /Users/nilayshrivastava/Documents/programming_language/scala/learning_scala/fp_in_scala/inorder.scala. Using presentation compiler with project's scala-library version: 3.8.4[0m
2026.08.02 04:41:48 INFO  no build target found for /Users/nilayshrivastava/Documents/programming_language/scala/learning_scala/fp_in_scala/inorder.scala. Using presentation compiler with project's scala-library version: 3.8.4[0m
2026.08.02 04:41:48 INFO  no build target found for /Users/nilayshrivastava/Documents/programming_language/scala/learning_scala/fp_in_scala/inorder.scala. Using presentation compiler with project's scala-library version: 3.8.4[0m
2026.08.02 04:41:48 INFO  no build target found for /Users/nilayshrivastava/Documents/programming_language/scala/learning_scala/fp_in_scala/inorder.scala. Using presentation compiler with project's scala-library version: 3.8.4[0m
2026.08.02 04:41:48 INFO  no build target found for /Users/nilayshrivastava/Documents/programming_language/scala/learning_scala/fp_in_scala/inorder.scala. Using presentation compiler with project's scala-library version: 3.8.4[0m
2026.08.02 04:41:48 INFO  no build target found for /Users/nilayshrivastava/Documents/programming_language/scala/learning_scala/fp_in_scala/inorder.scala. Using presentation compiler with project's scala-library version: 3.8.4[0m
2026.08.02 04:41:48 INFO  no build target found for /Users/nilayshrivastava/Documents/programming_language/scala/learning_scala/fp_in_scala/inorder.scala. Using presentation compiler with project's scala-library version: 3.8.4[0m
2026.08.02 04:41:48 INFO  no build target found for /Users/nilayshrivastava/Documents/programming_language/scala/learning_scala/fp_in_scala/inorder.scala. Using presentation compiler with project's scala-library version: 3.8.4[0m
2026.08.02 04:41:48 INFO  no build target found for /Users/nilayshrivastava/Documents/programming_language/scala/learning_scala/fp_in_scala/inorder.scala. Using presentation compiler with project's scala-library version: 3.8.4[0m
2026.08.02 04:41:48 INFO  no build target found for /Users/nilayshrivastava/Documents/programming_language/scala/learning_scala/fp_in_scala/inorder.scala. Using presentation compiler with project's scala-library version: 3.8.4[0m
2026.08.02 04:41:48 INFO  no build target found for /Users/nilayshrivastava/Documents/programming_language/scala/learning_scala/fp_in_scala/inorder.scala. Using presentation compiler with project's scala-library version: 3.8.4[0m
2026.08.02 04:41:49 INFO  no build target found for /Users/nilayshrivastava/Documents/programming_language/scala/learning_scala/fp_in_scala/inorder.scala. Using presentation compiler with project's scala-library version: 3.8.4[0m
2026.08.02 04:41:51 INFO  no build target found for /Users/nilayshrivastava/Documents/programming_language/scala/learning_scala/fp_in_scala/inorder.scala. Using presentation compiler with project's scala-library version: 3.8.4[0m
2026.08.02 04:42:19 INFO  no build target found for /Users/nilayshrivastava/Documents/programming_language/scala/learning_scala/fp_in_scala/inorder.scala. Using presentation compiler with project's scala-library version: 3.8.4[0m
2026.08.02 04:42:19 INFO  no build target found for /Users/nilayshrivastava/Documents/programming_language/scala/learning_scala/fp_in_scala/inorder.scala. Using presentation compiler with project's scala-library version: 3.8.4[0m
2026.08.02 04:42:21 INFO  no build target found for /Users/nilayshrivastava/Documents/programming_language/scala/learning_scala/fp_in_scala/inorder.scala. Using presentation compiler with project's scala-library version: 3.8.4[0m
2026.08.02 04:42:26 INFO  no build target found for /Users/nilayshrivastava/Documents/programming_language/scala/learning_scala/fp_in_scala/inorder.scala. Using presentation compiler with project's scala-library version: 3.8.4[0m
2026.08.02 04:52:14 INFO  no build target found for /Users/nilayshrivastava/Documents/programming_language/scala/learning_scala/fp_in_scala/inorder.scala. Using presentation compiler with project's scala-library version: 3.8.4[0m
2026.08.02 04:52:14 INFO  no build target found for /Users/nilayshrivastava/Documents/programming_language/scala/learning_scala/fp_in_scala/inorder.scala. Using presentation compiler with project's scala-library version: 3.8.4[0m
2026.08.02 04:52:14 INFO  no build target found for /Users/nilayshrivastava/Documents/programming_language/scala/learning_scala/fp_in_scala/inorder.scala. Using presentation compiler with project's scala-library version: 3.8.4[0m
2026.08.02 04:52:14 INFO  no build target found for /Users/nilayshrivastava/Documents/programming_language/scala/learning_scala/fp_in_scala/inorder.scala. Using presentation compiler with project's scala-library version: 3.8.4[0m
2026.08.02 04:52:14 INFO  no build target found for /Users/nilayshrivastava/Documents/programming_language/scala/learning_scala/fp_in_scala/inorder.scala. Using presentation compiler with project's scala-library version: 3.8.4[0m
2026.08.02 04:52:14 INFO  no build target found for /Users/nilayshrivastava/Documents/programming_language/scala/learning_scala/fp_in_scala/inorder.scala. Using presentation compiler with project's scala-library version: 3.8.4[0m
2026.08.02 04:52:14 INFO  no build target found for /Users/nilayshrivastava/Documents/programming_language/scala/learning_scala/fp_in_scala/inorder.scala. Using presentation compiler with project's scala-library version: 3.8.4[0m
2026.08.02 04:52:15 INFO  no build target found for /Users/nilayshrivastava/Documents/programming_language/scala/learning_scala/fp_in_scala/inorder.scala. Using presentation compiler with project's scala-library version: 3.8.4[0m
2026.08.02 04:52:15 INFO  no build target found for /Users/nilayshrivastava/Documents/programming_language/scala/learning_scala/fp_in_scala/inorder.scala. Using presentation compiler with project's scala-library version: 3.8.4[0m
2026.08.02 04:52:15 INFO  no build target found for /Users/nilayshrivastava/Documents/programming_language/scala/learning_scala/fp_in_scala/inorder.scala. Using presentation compiler with project's scala-library version: 3.8.4[0m
2026.08.02 04:52:15 INFO  no build target found for /Users/nilayshrivastava/Documents/programming_language/scala/learning_scala/fp_in_scala/inorder.scala. Using presentation compiler with project's scala-library version: 3.8.4[0m
2026.08.02 04:52:15 INFO  no build target found for /Users/nilayshrivastava/Documents/programming_language/scala/learning_scala/fp_in_scala/inorder.scala. Using presentation compiler with project's scala-library version: 3.8.4[0m
2026.08.02 04:52:15 INFO  no build target found for /Users/nilayshrivastava/Documents/programming_language/scala/learning_scala/fp_in_scala/inorder.scala. Using presentation compiler with project's scala-library version: 3.8.4[0m
2026.08.02 04:52:15 INFO  no build target found for /Users/nilayshrivastava/Documents/programming_language/scala/learning_scala/fp_in_scala/inorder.scala. Using presentation compiler with project's scala-library version: 3.8.4[0m
2026.08.02 04:52:15 INFO  no build target found for /Users/nilayshrivastava/Documents/programming_language/scala/learning_scala/fp_in_scala/inorder.scala. Using presentation compiler with project's scala-library version: 3.8.4[0m
2026.08.02 04:52:17 INFO  no build target found for /Users/nilayshrivastava/Documents/programming_language/scala/learning_scala/fp_in_scala/inorder.scala. Using presentation compiler with project's scala-library version: 3.8.4[0m
2026.08.02 04:52:17 INFO  no build target found for /Users/nilayshrivastava/Documents/programming_language/scala/learning_scala/fp_in_scala/inorder.scala. Using presentation compiler with project's scala-library version: 3.8.4[0m
2026.08.02 04:52:18 INFO  no build target found for /Users/nilayshrivastava/Documents/programming_language/scala/learning_scala/fp_in_scala/inorder.scala. Using presentation compiler with project's scala-library version: 3.8.4[0m
2026.08.02 04:52:18 INFO  no build target found for /Users/nilayshrivastava/Documents/programming_language/scala/learning_scala/fp_in_scala/inorder.scala. Using presentation compiler with project's scala-library version: 3.8.4[0m
2026.08.02 04:52:18 INFO  no build target found for /Users/nilayshrivastava/Documents/programming_language/scala/learning_scala/fp_in_scala/inorder.scala. Using presentation compiler with project's scala-library version: 3.8.4[0m
2026.08.02 04:52:18 INFO  no build target found for /Users/nilayshrivastava/Documents/programming_language/scala/learning_scala/fp_in_scala/inorder.scala. Using presentation compiler with project's scala-library version: 3.8.4[0m
2026.08.02 04:52:18 INFO  no build target found for /Users/nilayshrivastava/Documents/programming_language/scala/learning_scala/fp_in_scala/inorder.scala. Using presentation compiler with project's scala-library version: 3.8.4[0m
2026.08.02 04:52:18 INFO  no build target found for /Users/nilayshrivastava/Documents/programming_language/scala/learning_scala/fp_in_scala/inorder.scala. Using presentation compiler with project's scala-library version: 3.8.4[0m
2026.08.02 04:52:18 INFO  no build target found for /Users/nilayshrivastava/Documents/programming_language/scala/learning_scala/fp_in_scala/inorder.scala. Using presentation compiler with project's scala-library version: 3.8.4[0m
2026.08.02 04:52:18 INFO  no build target found for /Users/nilayshrivastava/Documents/programming_language/scala/learning_scala/fp_in_scala/inorder.scala. Using presentation compiler with project's scala-library version: 3.8.4[0m
2026.08.02 04:52:18 INFO  no build target found for /Users/nilayshrivastava/Documents/programming_language/scala/learning_scala/fp_in_scala/inorder.scala. Using presentation compiler with project's scala-library version: 3.8.4[0m
2026.08.02 04:52:19 INFO  no build target found for /Users/nilayshrivastava/Documents/programming_language/scala/learning_scala/fp_in_scala/inorder.scala. Using presentation compiler with project's scala-library version: 3.8.4[0m
2026.08.02 04:52:19 INFO  no build target found for /Users/nilayshrivastava/Documents/programming_language/scala/learning_scala/fp_in_scala/inorder.scala. Using presentation compiler with project's scala-library version: 3.8.4[0m
2026.08.02 04:52:19 INFO  no build target found for /Users/nilayshrivastava/Documents/programming_language/scala/learning_scala/fp_in_scala/inorder.scala. Using presentation compiler with project's scala-library version: 3.8.4[0m
2026.08.02 04:52:25 INFO  no build target found for /Users/nilayshrivastava/Documents/programming_language/scala/learning_scala/fp_in_scala/inorder.scala. Using presentation compiler with project's scala-library version: 3.8.4[0m
2026.08.02 04:52:25 INFO  no build target found for /Users/nilayshrivastava/Documents/programming_language/scala/learning_scala/fp_in_scala/inorder.scala. Using presentation compiler with project's scala-library version: 3.8.4[0m
2026.08.02 04:52:25 INFO  no build target found for /Users/nilayshrivastava/Documents/programming_language/scala/learning_scala/fp_in_scala/inorder.scala. Using presentation compiler with project's scala-library version: 3.8.4[0m
2026.08.02 04:52:28 INFO  no build target found for /Users/nilayshrivastava/Documents/programming_language/scala/learning_scala/fp_in_scala/inorder.scala. Using presentation compiler with project's scala-library version: 3.8.4[0m
2026.08.02 04:52:28 INFO  no build target found for /Users/nilayshrivastava/Documents/programming_language/scala/learning_scala/fp_in_scala/inorder.scala. Using presentation compiler with project's scala-library version: 3.8.4[0m
2026.08.02 04:52:28 INFO  no build target found for /Users/nilayshrivastava/Documents/programming_language/scala/learning_scala/fp_in_scala/inorder.scala. Using presentation compiler with project's scala-library version: 3.8.4[0m
2026.08.02 04:52:28 INFO  no build target found for /Users/nilayshrivastava/Documents/programming_language/scala/learning_scala/fp_in_scala/inorder.scala. Using presentation compiler with project's scala-library version: 3.8.4[0m
2026.08.02 04:52:28 INFO  no build target found for /Users/nilayshrivastava/Documents/programming_language/scala/learning_scala/fp_in_scala/inorder.scala. Using presentation compiler with project's scala-library version: 3.8.4[0m
2026.08.02 04:52:30 INFO  no build target found for /Users/nilayshrivastava/Documents/programming_language/scala/learning_scala/fp_in_scala/inorder.scala. Using presentation compiler with project's scala-library version: 3.8.4[0m
2026.08.02 04:52:30 INFO  no build target found for /Users/nilayshrivastava/Documents/programming_language/scala/learning_scala/fp_in_scala/inorder.scala. Using presentation compiler with project's scala-library version: 3.8.4[0m
2026.08.02 04:52:30 INFO  no build target found for /Users/nilayshrivastava/Documents/programming_language/scala/learning_scala/fp_in_scala/inorder.scala. Using presentation compiler with project's scala-library version: 3.8.4[0m
2026.08.02 04:52:30 INFO  no build target found for /Users/nilayshrivastava/Documents/programming_language/scala/learning_scala/fp_in_scala/inorder.scala. Using presentation compiler with project's scala-library version: 3.8.4[0m
2026.08.02 04:52:31 INFO  no build target found for /Users/nilayshrivastava/Documents/programming_language/scala/learning_scala/fp_in_scala/inorder.scala. Using presentation compiler with project's scala-library version: 3.8.4[0m
2026.08.02 04:52:31 INFO  no build target found for /Users/nilayshrivastava/Documents/programming_language/scala/learning_scala/fp_in_scala/inorder.scala. Using presentation compiler with project's scala-library version: 3.8.4[0m
2026.08.02 04:52:31 INFO  no build target found for /Users/nilayshrivastava/Documents/programming_language/scala/learning_scala/fp_in_scala/inorder.scala. Using presentation compiler with project's scala-library version: 3.8.4[0m
2026.08.02 04:52:31 INFO  no build target found for /Users/nilayshrivastava/Documents/programming_language/scala/learning_scala/fp_in_scala/inorder.scala. Using presentation compiler with project's scala-library version: 3.8.4[0m
2026.08.02 04:52:31 INFO  no build target found for /Users/nilayshrivastava/Documents/programming_language/scala/learning_scala/fp_in_scala/inorder.scala. Using presentation compiler with project's scala-library version: 3.8.4[0m
2026.08.02 04:52:31 INFO  no build target found for /Users/nilayshrivastava/Documents/programming_language/scala/learning_scala/fp_in_scala/inorder.scala. Using presentation compiler with project's scala-library version: 3.8.4[0m
2026.08.02 04:52:31 INFO  no build target found for /Users/nilayshrivastava/Documents/programming_language/scala/learning_scala/fp_in_scala/inorder.scala. Using presentation compiler with project's scala-library version: 3.8.4[0m
2026.08.02 04:52:38 INFO  no build target found for /Users/nilayshrivastava/Documents/programming_language/scala/learning_scala/fp_in_scala/inorder.scala. Using presentation compiler with project's scala-library version: 3.8.4[0m
2026.08.02 04:52:38 INFO  no build target found for /Users/nilayshrivastava/Documents/programming_language/scala/learning_scala/fp_in_scala/inorder.scala. Using presentation compiler with project's scala-library version: 3.8.4[0m
2026.08.02 04:52:38 INFO  no build target found for /Users/nilayshrivastava/Documents/programming_language/scala/learning_scala/fp_in_scala/inorder.scala. Using presentation compiler with project's scala-library version: 3.8.4[0m
2026.08.02 04:52:39 INFO  no build target found for /Users/nilayshrivastava/Documents/programming_language/scala/learning_scala/fp_in_scala/inorder.scala. Using presentation compiler with project's scala-library version: 3.8.4[0m
2026.08.02 04:52:39 INFO  no build target found for /Users/nilayshrivastava/Documents/programming_language/scala/learning_scala/fp_in_scala/inorder.scala. Using presentation compiler with project's scala-library version: 3.8.4[0m
2026.08.02 04:52:39 INFO  no build target found for /Users/nilayshrivastava/Documents/programming_language/scala/learning_scala/fp_in_scala/inorder.scala. Using presentation compiler with project's scala-library version: 3.8.4[0m
2026.08.02 04:52:39 INFO  no build target found for /Users/nilayshrivastava/Documents/programming_language/scala/learning_scala/fp_in_scala/inorder.scala. Using presentation compiler with project's scala-library version: 3.8.4[0m
2026.08.02 04:52:39 INFO  no build target found for /Users/nilayshrivastava/Documents/programming_language/scala/learning_scala/fp_in_scala/inorder.scala. Using presentation compiler with project's scala-library version: 3.8.4[0m
2026.08.02 04:52:39 INFO  no build target found for /Users/nilayshrivastava/Documents/programming_language/scala/learning_scala/fp_in_scala/inorder.scala. Using presentation compiler with project's scala-library version: 3.8.4[0m
2026.08.02 04:52:39 INFO  no build target found for /Users/nilayshrivastava/Documents/programming_language/scala/learning_scala/fp_in_scala/inorder.scala. Using presentation compiler with project's scala-library version: 3.8.4[0m
2026.08.02 04:52:39 INFO  no build target found for /Users/nilayshrivastava/Documents/programming_language/scala/learning_scala/fp_in_scala/inorder.scala. Using presentation compiler with project's scala-library version: 3.8.4[0m
2026.08.02 04:52:39 INFO  no build target found for /Users/nilayshrivastava/Documents/programming_language/scala/learning_scala/fp_in_scala/inorder.scala. Using presentation compiler with project's scala-library version: 3.8.4[0m
2026.08.02 04:52:39 INFO  no build target found for /Users/nilayshrivastava/Documents/programming_language/scala/learning_scala/fp_in_scala/inorder.scala. Using presentation compiler with project's scala-library version: 3.8.4[0m
2026.08.02 04:52:39 INFO  no build target found for /Users/nilayshrivastava/Documents/programming_language/scala/learning_scala/fp_in_scala/inorder.scala. Using presentation compiler with project's scala-library version: 3.8.4[0m
2026.08.02 04:52:39 INFO  no build target found for /Users/nilayshrivastava/Documents/programming_language/scala/learning_scala/fp_in_scala/inorder.scala. Using presentation compiler with project's scala-library version: 3.8.4[0m
2026.08.02 04:52:40 INFO  no build target found for /Users/nilayshrivastava/Documents/programming_language/scala/learning_scala/fp_in_scala/inorder.scala. Using presentation compiler with project's scala-library version: 3.8.4[0m
2026.08.02 04:52:40 INFO  no build target found for /Users/nilayshrivastava/Documents/programming_language/scala/learning_scala/fp_in_scala/inorder.scala. Using presentation compiler with project's scala-library version: 3.8.4[0m
2026.08.02 04:52:40 INFO  no build target found for /Users/nilayshrivastava/Documents/programming_language/scala/learning_scala/fp_in_scala/inorder.scala. Using presentation compiler with project's scala-library version: 3.8.4[0m
2026.08.02 04:52:40 INFO  no build target found for /Users/nilayshrivastava/Documents/programming_language/scala/learning_scala/fp_in_scala/inorder.scala. Using presentation compiler with project's scala-library version: 3.8.4[0m
2026.08.02 04:52:40 INFO  no build target found for /Users/nilayshrivastava/Documents/programming_language/scala/learning_scala/fp_in_scala/inorder.scala. Using presentation compiler with project's scala-library version: 3.8.4[0m
2026.08.02 04:52:40 INFO  no build target found for /Users/nilayshrivastava/Documents/programming_language/scala/learning_scala/fp_in_scala/inorder.scala. Using presentation compiler with project's scala-library version: 3.8.4[0m
2026.08.02 04:52:40 INFO  no build target found for /Users/nilayshrivastava/Documents/programming_language/scala/learning_scala/fp_in_scala/inorder.scala. Using presentation compiler with project's scala-library version: 3.8.4[0m
2026.08.02 04:52:40 INFO  no build target found for /Users/nilayshrivastava/Documents/programming_language/scala/learning_scala/fp_in_scala/inorder.scala. Using presentation compiler with project's scala-library version: 3.8.4[0m
2026.08.02 04:52:41 INFO  no build target found for /Users/nilayshrivastava/Documents/programming_language/scala/learning_scala/fp_in_scala/inorder.scala. Using presentation compiler with project's scala-library version: 3.8.4[0m
2026.08.02 04:52:41 INFO  no build target found for /Users/nilayshrivastava/Documents/programming_language/scala/learning_scala/fp_in_scala/inorder.scala. Using presentation compiler with project's scala-library version: 3.8.4[0m
2026.08.02 04:52:41 INFO  no build target found for /Users/nilayshrivastava/Documents/programming_language/scala/learning_scala/fp_in_scala/inorder.scala. Using presentation compiler with project's scala-library version: 3.8.4[0m
2026.08.02 04:52:41 INFO  no build target found for /Users/nilayshrivastava/Documents/programming_language/scala/learning_scala/fp_in_scala/inorder.scala. Using presentation compiler with project's scala-library version: 3.8.4[0m
2026.08.02 04:52:41 INFO  no build target found for /Users/nilayshrivastava/Documents/programming_language/scala/learning_scala/fp_in_scala/inorder.scala. Using presentation compiler with project's scala-library version: 3.8.4[0m
2026.08.02 04:52:41 INFO  no build target found for /Users/nilayshrivastava/Documents/programming_language/scala/learning_scala/fp_in_scala/inorder.scala. Using presentation compiler with project's scala-library version: 3.8.4[0m
2026.08.02 04:52:41 INFO  no build target found for /Users/nilayshrivastava/Documents/programming_language/scala/learning_scala/fp_in_scala/inorder.scala. Using presentation compiler with project's scala-library version: 3.8.4[0m
2026.08.02 04:52:44 INFO  no build target found for /Users/nilayshrivastava/Documents/programming_language/scala/learning_scala/fp_in_scala/inorder.scala. Using presentation compiler with project's scala-library version: 3.8.4[0m
2026.08.02 04:52:44 INFO  no build target found for /Users/nilayshrivastava/Documents/programming_language/scala/learning_scala/fp_in_scala/inorder.scala. Using presentation compiler with project's scala-library version: 3.8.4[0m
2026.08.02 04:52:44 INFO  no build target found for /Users/nilayshrivastava/Documents/programming_language/scala/learning_scala/fp_in_scala/inorder.scala. Using presentation compiler with project's scala-library version: 3.8.4[0m
2026.08.02 04:52:44 INFO  no build target found for /Users/nilayshrivastava/Documents/programming_language/scala/learning_scala/fp_in_scala/inorder.scala. Using presentation compiler with project's scala-library version: 3.8.4[0m
2026.08.02 04:52:44 INFO  no build target found for /Users/nilayshrivastava/Documents/programming_language/scala/learning_scala/fp_in_scala/inorder.scala. Using presentation compiler with project's scala-library version: 3.8.4[0m
2026.08.02 04:52:44 INFO  no build target found for /Users/nilayshrivastava/Documents/programming_language/scala/learning_scala/fp_in_scala/inorder.scala. Using presentation compiler with project's scala-library version: 3.8.4[0m
2026.08.02 04:52:44 INFO  no build target found for /Users/nilayshrivastava/Documents/programming_language/scala/learning_scala/fp_in_scala/inorder.scala. Using presentation compiler with project's scala-library version: 3.8.4[0m
2026.08.02 04:52:44 INFO  no build target found for /Users/nilayshrivastava/Documents/programming_language/scala/learning_scala/fp_in_scala/inorder.scala. Using presentation compiler with project's scala-library version: 3.8.4[0m
2026.08.02 04:52:44 INFO  no build target found for /Users/nilayshrivastava/Documents/programming_language/scala/learning_scala/fp_in_scala/inorder.scala. Using presentation compiler with project's scala-library version: 3.8.4[0m
2026.08.02 04:52:44 INFO  no build target found for /Users/nilayshrivastava/Documents/programming_language/scala/learning_scala/fp_in_scala/inorder.scala. Using presentation compiler with project's scala-library version: 3.8.4[0m
2026.08.02 04:52:45 INFO  no build target found for /Users/nilayshrivastava/Documents/programming_language/scala/learning_scala/fp_in_scala/inorder.scala. Using presentation compiler with project's scala-library version: 3.8.4[0m
2026.08.02 04:52:45 INFO  no build target found for /Users/nilayshrivastava/Documents/programming_language/scala/learning_scala/fp_in_scala/inorder.scala. Using presentation compiler with project's scala-library version: 3.8.4[0m
2026.08.02 04:52:46 INFO  no build target found for /Users/nilayshrivastava/Documents/programming_language/scala/learning_scala/fp_in_scala/inorder.scala. Using presentation compiler with project's scala-library version: 3.8.4[0m
2026.08.02 04:52:46 INFO  no build target found for /Users/nilayshrivastava/Documents/programming_language/scala/learning_scala/fp_in_scala/inorder.scala. Using presentation compiler with project's scala-library version: 3.8.4[0m
2026.08.02 04:52:48 INFO  no build target found for /Users/nilayshrivastava/Documents/programming_language/scala/learning_scala/fp_in_scala/inorder.scala. Using presentation compiler with project's scala-library version: 3.8.4[0m
2026.08.02 04:52:48 INFO  no build target found for /Users/nilayshrivastava/Documents/programming_language/scala/learning_scala/fp_in_scala/inorder.scala. Using presentation compiler with project's scala-library version: 3.8.4[0m
2026.08.02 04:52:48 INFO  no build target found for /Users/nilayshrivastava/Documents/programming_language/scala/learning_scala/fp_in_scala/inorder.scala. Using presentation compiler with project's scala-library version: 3.8.4[0m
2026.08.02 04:52:48 INFO  no build target found for /Users/nilayshrivastava/Documents/programming_language/scala/learning_scala/fp_in_scala/inorder.scala. Using presentation compiler with project's scala-library version: 3.8.4[0m
2026.08.02 04:52:48 INFO  no build target found for /Users/nilayshrivastava/Documents/programming_language/scala/learning_scala/fp_in_scala/inorder.scala. Using presentation compiler with project's scala-library version: 3.8.4[0m
2026.08.02 04:52:48 INFO  no build target found for /Users/nilayshrivastava/Documents/programming_language/scala/learning_scala/fp_in_scala/inorder.scala. Using presentation compiler with project's scala-library version: 3.8.4[0m
2026.08.02 04:52:48 INFO  no build target found for /Users/nilayshrivastava/Documents/programming_language/scala/learning_scala/fp_in_scala/inorder.scala. Using presentation compiler with project's scala-library version: 3.8.4[0m
2026.08.02 04:52:48 INFO  no build target found for /Users/nilayshrivastava/Documents/programming_language/scala/learning_scala/fp_in_scala/inorder.scala. Using presentation compiler with project's scala-library version: 3.8.4[0m
2026.08.02 04:52:48 INFO  no build target found for /Users/nilayshrivastava/Documents/programming_language/scala/learning_scala/fp_in_scala/inorder.scala. Using presentation compiler with project's scala-library version: 3.8.4[0m
2026.08.02 04:52:48 INFO  no build target found for /Users/nilayshrivastava/Documents/programming_language/scala/learning_scala/fp_in_scala/inorder.scala. Using presentation compiler with project's scala-library version: 3.8.4[0m
2026.08.02 04:52:48 INFO  no build target found for /Users/nilayshrivastava/Documents/programming_language/scala/learning_scala/fp_in_scala/inorder.scala. Using presentation compiler with project's scala-library version: 3.8.4[0m
2026.08.02 04:52:48 INFO  no build target found for /Users/nilayshrivastava/Documents/programming_language/scala/learning_scala/fp_in_scala/inorder.scala. Using presentation compiler with project's scala-library version: 3.8.4[0m
2026.08.02 04:52:48 INFO  no build target found for /Users/nilayshrivastava/Documents/programming_language/scala/learning_scala/fp_in_scala/inorder.scala. Using presentation compiler with project's scala-library version: 3.8.4[0m
2026.08.02 04:52:48 INFO  no build target found for /Users/nilayshrivastava/Documents/programming_language/scala/learning_scala/fp_in_scala/inorder.scala. Using presentation compiler with project's scala-library version: 3.8.4[0m
2026.08.02 04:52:48 INFO  no build target found for /Users/nilayshrivastava/Documents/programming_language/scala/learning_scala/fp_in_scala/inorder.scala. Using presentation compiler with project's scala-library version: 3.8.4[0m
2026.08.02 04:52:48 INFO  no build target found for /Users/nilayshrivastava/Documents/programming_language/scala/learning_scala/fp_in_scala/inorder.scala. Using presentation compiler with project's scala-library version: 3.8.4[0m
2026.08.02 04:52:48 INFO  no build target found for /Users/nilayshrivastava/Documents/programming_language/scala/learning_scala/fp_in_scala/inorder.scala. Using presentation compiler with project's scala-library version: 3.8.4[0m
2026.08.02 04:52:48 INFO  no build target found for /Users/nilayshrivastava/Documents/programming_language/scala/learning_scala/fp_in_scala/inorder.scala. Using presentation compiler with project's scala-library version: 3.8.4[0m
2026.08.02 04:52:50 INFO  no build target found for /Users/nilayshrivastava/Documents/programming_language/scala/learning_scala/fp_in_scala/inorder.scala. Using presentation compiler with project's scala-library version: 3.8.4[0m
2026.08.02 04:52:50 INFO  no build target found for /Users/nilayshrivastava/Documents/programming_language/scala/learning_scala/fp_in_scala/inorder.scala. Using presentation compiler with project's scala-library version: 3.8.4[0m
2026.08.02 04:52:50 INFO  no build target found for /Users/nilayshrivastava/Documents/programming_language/scala/learning_scala/fp_in_scala/inorder.scala. Using presentation compiler with project's scala-library version: 3.8.4[0m
2026.08.02 04:52:50 INFO  no build target found for /Users/nilayshrivastava/Documents/programming_language/scala/learning_scala/fp_in_scala/inorder.scala. Using presentation compiler with project's scala-library version: 3.8.4[0m
2026.08.02 04:52:50 INFO  no build target found for /Users/nilayshrivastava/Documents/programming_language/scala/learning_scala/fp_in_scala/inorder.scala. Using presentation compiler with project's scala-library version: 3.8.4[0m
2026.08.02 04:52:50 INFO  no build target found for /Users/nilayshrivastava/Documents/programming_language/scala/learning_scala/fp_in_scala/inorder.scala. Using presentation compiler with project's scala-library version: 3.8.4[0m
2026.08.02 04:52:50 INFO  no build target found for /Users/nilayshrivastava/Documents/programming_language/scala/learning_scala/fp_in_scala/inorder.scala. Using presentation compiler with project's scala-library version: 3.8.4[0m
2026.08.02 04:52:50 INFO  no build target found for /Users/nilayshrivastava/Documents/programming_language/scala/learning_scala/fp_in_scala/inorder.scala. Using presentation compiler with project's scala-library version: 3.8.4[0m
2026.08.02 04:52:50 INFO  no build target found for /Users/nilayshrivastava/Documents/programming_language/scala/learning_scala/fp_in_scala/inorder.scala. Using presentation compiler with project's scala-library version: 3.8.4[0m
2026.08.02 04:52:50 INFO  no build target found for /Users/nilayshrivastava/Documents/programming_language/scala/learning_scala/fp_in_scala/inorder.scala. Using presentation compiler with project's scala-library version: 3.8.4[0m
2026.08.02 04:52:50 INFO  no build target found for /Users/nilayshrivastava/Documents/programming_language/scala/learning_scala/fp_in_scala/inorder.scala. Using presentation compiler with project's scala-library version: 3.8.4[0m
2026.08.02 04:52:51 INFO  no build target found for /Users/nilayshrivastava/Documents/programming_language/scala/learning_scala/fp_in_scala/inorder.scala. Using presentation compiler with project's scala-library version: 3.8.4[0m
2026.08.02 04:52:51 INFO  no build target found for /Users/nilayshrivastava/Documents/programming_language/scala/learning_scala/fp_in_scala/inorder.scala. Using presentation compiler with project's scala-library version: 3.8.4[0m
2026.08.02 04:52:51 INFO  no build target found for /Users/nilayshrivastava/Documents/programming_language/scala/learning_scala/fp_in_scala/inorder.scala. Using presentation compiler with project's scala-library version: 3.8.4[0m
2026.08.02 04:52:56 INFO  no build target found for /Users/nilayshrivastava/Documents/programming_language/scala/learning_scala/fp_in_scala/inorder.scala. Using presentation compiler with project's scala-library version: 3.8.4[0m
2026.08.02 04:52:58 INFO  no build target found for /Users/nilayshrivastava/Documents/programming_language/scala/learning_scala/fp_in_scala/inorder.scala. Using presentation compiler with project's scala-library version: 3.8.4[0m
2026.08.02 04:52:58 INFO  no build target found for /Users/nilayshrivastava/Documents/programming_language/scala/learning_scala/fp_in_scala/inorder.scala. Using presentation compiler with project's scala-library version: 3.8.4[0m
2026.08.02 04:52:58 INFO  no build target found for /Users/nilayshrivastava/Documents/programming_language/scala/learning_scala/fp_in_scala/inorder.scala. Using presentation compiler with project's scala-library version: 3.8.4[0m
2026.08.02 04:52:58 INFO  no build target found for /Users/nilayshrivastava/Documents/programming_language/scala/learning_scala/fp_in_scala/inorder.scala. Using presentation compiler with project's scala-library version: 3.8.4[0m
2026.08.02 04:52:58 INFO  no build target found for /Users/nilayshrivastava/Documents/programming_language/scala/learning_scala/fp_in_scala/inorder.scala. Using presentation compiler with project's scala-library version: 3.8.4[0m
2026.08.02 04:52:59 INFO  no build target found for /Users/nilayshrivastava/Documents/programming_language/scala/learning_scala/fp_in_scala/inorder.scala. Using presentation compiler with project's scala-library version: 3.8.4[0m
2026.08.02 04:53:00 INFO  no build target found for /Users/nilayshrivastava/Documents/programming_language/scala/learning_scala/fp_in_scala/inorder.scala. Using presentation compiler with project's scala-library version: 3.8.4[0m
2026.08.02 04:53:00 INFO  no build target found for /Users/nilayshrivastava/Documents/programming_language/scala/learning_scala/fp_in_scala/inorder.scala. Using presentation compiler with project's scala-library version: 3.8.4[0m
2026.08.02 04:53:02 INFO  no build target found for /Users/nilayshrivastava/Documents/programming_language/scala/learning_scala/fp_in_scala/inorder.scala. Using presentation compiler with project's scala-library version: 3.8.4[0m
2026.08.02 04:53:02 INFO  no build target found for /Users/nilayshrivastava/Documents/programming_language/scala/learning_scala/fp_in_scala/inorder.scala. Using presentation compiler with project's scala-library version: 3.8.4[0m
2026.08.02 04:53:02 INFO  no build target found for /Users/nilayshrivastava/Documents/programming_language/scala/learning_scala/fp_in_scala/inorder.scala. Using presentation compiler with project's scala-library version: 3.8.4[0m
2026.08.02 04:53:02 INFO  no build target found for /Users/nilayshrivastava/Documents/programming_language/scala/learning_scala/fp_in_scala/inorder.scala. Using presentation compiler with project's scala-library version: 3.8.4[0m
2026.08.02 04:53:03 INFO  no build target found for /Users/nilayshrivastava/Documents/programming_language/scala/learning_scala/fp_in_scala/inorder.scala. Using presentation compiler with project's scala-library version: 3.8.4[0m
2026.08.02 04:53:03 INFO  no build target found for /Users/nilayshrivastava/Documents/programming_language/scala/learning_scala/fp_in_scala/inorder.scala. Using presentation compiler with project's scala-library version: 3.8.4[0m
2026.08.02 04:53:03 INFO  no build target found for /Users/nilayshrivastava/Documents/programming_language/scala/learning_scala/fp_in_scala/inorder.scala. Using presentation compiler with project's scala-library version: 3.8.4[0m
2026.08.02 04:53:03 INFO  no build target found for /Users/nilayshrivastava/Documents/programming_language/scala/learning_scala/fp_in_scala/inorder.scala. Using presentation compiler with project's scala-library version: 3.8.4[0m
2026.08.02 04:53:03 INFO  no build target found for /Users/nilayshrivastava/Documents/programming_language/scala/learning_scala/fp_in_scala/inorder.scala. Using presentation compiler with project's scala-library version: 3.8.4[0m
2026.08.02 04:53:03 INFO  no build target found for /Users/nilayshrivastava/Documents/programming_language/scala/learning_scala/fp_in_scala/inorder.scala. Using presentation compiler with project's scala-library version: 3.8.4[0m
2026.08.02 04:53:03 INFO  no build target found for /Users/nilayshrivastava/Documents/programming_language/scala/learning_scala/fp_in_scala/inorder.scala. Using presentation compiler with project's scala-library version: 3.8.4[0m
2026.08.02 04:53:03 INFO  no build target found for /Users/nilayshrivastava/Documents/programming_language/scala/learning_scala/fp_in_scala/inorder.scala. Using presentation compiler with project's scala-library version: 3.8.4[0m
2026.08.02 04:53:03 INFO  no build target found for /Users/nilayshrivastava/Documents/programming_language/scala/learning_scala/fp_in_scala/inorder.scala. Using presentation compiler with project's scala-library version: 3.8.4[0m
2026.08.02 04:53:03 INFO  no build target found for /Users/nilayshrivastava/Documents/programming_language/scala/learning_scala/fp_in_scala/inorder.scala. Using presentation compiler with project's scala-library version: 3.8.4[0m
2026.08.02 04:53:04 INFO  no build target found for /Users/nilayshrivastava/Documents/programming_language/scala/learning_scala/fp_in_scala/inorder.scala. Using presentation compiler with project's scala-library version: 3.8.4[0m
2026.08.02 04:53:04 INFO  no build target found for /Users/nilayshrivastava/Documents/programming_language/scala/learning_scala/fp_in_scala/inorder.scala. Using presentation compiler with project's scala-library version: 3.8.4[0m
2026.08.02 04:53:04 INFO  no build target found for /Users/nilayshrivastava/Documents/programming_language/scala/learning_scala/fp_in_scala/inorder.scala. Using presentation compiler with project's scala-library version: 3.8.4[0m
2026.08.02 04:53:43 INFO  no build target found for /Users/nilayshrivastava/Documents/programming_language/scala/learning_scala/fp_in_scala/inorder.scala. Using presentation compiler with project's scala-library version: 3.8.4[0m
2026.08.02 04:53:43 INFO  no build target found for /Users/nilayshrivastava/Documents/programming_language/scala/learning_scala/fp_in_scala/inorder.scala. Using presentation compiler with project's scala-library version: 3.8.4[0m
2026.08.02 04:53:43 INFO  no build target found for /Users/nilayshrivastava/Documents/programming_language/scala/learning_scala/fp_in_scala/inorder.scala. Using presentation compiler with project's scala-library version: 3.8.4[0m
2026.08.02 04:53:43 INFO  no build target found for /Users/nilayshrivastava/Documents/programming_language/scala/learning_scala/fp_in_scala/inorder.scala. Using presentation compiler with project's scala-library version: 3.8.4[0m
2026.08.02 04:53:43 INFO  no build target found for /Users/nilayshrivastava/Documents/programming_language/scala/learning_scala/fp_in_scala/inorder.scala. Using presentation compiler with project's scala-library version: 3.8.4[0m
2026.08.02 04:53:43 INFO  no build target found for /Users/nilayshrivastava/Documents/programming_language/scala/learning_scala/fp_in_scala/inorder.scala. Using presentation compiler with project's scala-library version: 3.8.4[0m
2026.08.02 04:53:45 INFO  no build target found for /Users/nilayshrivastava/Documents/programming_language/scala/learning_scala/fp_in_scala/inorder.scala. Using presentation compiler with project's scala-library version: 3.8.4[0m
2026.08.02 04:53:45 INFO  no build target found for /Users/nilayshrivastava/Documents/programming_language/scala/learning_scala/fp_in_scala/inorder.scala. Using presentation compiler with project's scala-library version: 3.8.4[0m
2026.08.02 04:53:45 INFO  no build target found for /Users/nilayshrivastava/Documents/programming_language/scala/learning_scala/fp_in_scala/inorder.scala. Using presentation compiler with project's scala-library version: 3.8.4[0m
2026.08.02 04:54:03 INFO  no build target found for /Users/nilayshrivastava/Documents/programming_language/scala/learning_scala/fp_in_scala/inorder.scala. Using presentation compiler with project's scala-library version: 3.8.4[0m
2026.08.02 04:54:03 INFO  no build target found for /Users/nilayshrivastava/Documents/programming_language/scala/learning_scala/fp_in_scala/inorder.scala. Using presentation compiler with project's scala-library version: 3.8.4[0m
2026.08.02 04:54:03 INFO  no build target found for /Users/nilayshrivastava/Documents/programming_language/scala/learning_scala/fp_in_scala/inorder.scala. Using presentation compiler with project's scala-library version: 3.8.4[0m
2026.08.02 04:54:03 INFO  no build target found for /Users/nilayshrivastava/Documents/programming_language/scala/learning_scala/fp_in_scala/inorder.scala. Using presentation compiler with project's scala-library version: 3.8.4[0m
2026.08.02 04:54:03 INFO  no build target found for /Users/nilayshrivastava/Documents/programming_language/scala/learning_scala/fp_in_scala/inorder.scala. Using presentation compiler with project's scala-library version: 3.8.4[0m
2026.08.02 04:54:03 INFO  no build target found for /Users/nilayshrivastava/Documents/programming_language/scala/learning_scala/fp_in_scala/inorder.scala. Using presentation compiler with project's scala-library version: 3.8.4[0m
2026.08.02 04:54:03 INFO  no build target found for /Users/nilayshrivastava/Documents/programming_language/scala/learning_scala/fp_in_scala/inorder.scala. Using presentation compiler with project's scala-library version: 3.8.4[0m
2026.08.02 04:54:03 INFO  no build target found for /Users/nilayshrivastava/Documents/programming_language/scala/learning_scala/fp_in_scala/inorder.scala. Using presentation compiler with project's scala-library version: 3.8.4[0m
2026.08.02 04:54:04 INFO  no build target found for /Users/nilayshrivastava/Documents/programming_language/scala/learning_scala/fp_in_scala/inorder.scala. Using presentation compiler with project's scala-library version: 3.8.4[0m
2026.08.02 04:54:04 INFO  no build target found for /Users/nilayshrivastava/Documents/programming_language/scala/learning_scala/fp_in_scala/inorder.scala. Using presentation compiler with project's scala-library version: 3.8.4[0m
2026.08.02 04:54:04 INFO  no build target found for /Users/nilayshrivastava/Documents/programming_language/scala/learning_scala/fp_in_scala/inorder.scala. Using presentation compiler with project's scala-library version: 3.8.4[0m
2026.08.02 04:54:04 INFO  no build target found for /Users/nilayshrivastava/Documents/programming_language/scala/learning_scala/fp_in_scala/inorder.scala. Using presentation compiler with project's scala-library version: 3.8.4[0m
2026.08.02 04:54:05 INFO  no build target found for /Users/nilayshrivastava/Documents/programming_language/scala/learning_scala/fp_in_scala/inorder.scala. Using presentation compiler with project's scala-library version: 3.8.4[0m
2026.08.02 04:54:05 INFO  no build target found for /Users/nilayshrivastava/Documents/programming_language/scala/learning_scala/fp_in_scala/inorder.scala. Using presentation compiler with project's scala-library version: 3.8.4[0m
2026.08.02 04:54:05 INFO  no build target found for /Users/nilayshrivastava/Documents/programming_language/scala/learning_scala/fp_in_scala/inorder.scala. Using presentation compiler with project's scala-library version: 3.8.4[0m
2026.08.02 04:54:05 INFO  no build target found for /Users/nilayshrivastava/Documents/programming_language/scala/learning_scala/fp_in_scala/inorder.scala. Using presentation compiler with project's scala-library version: 3.8.4[0m
2026.08.02 04:54:05 INFO  no build target found for /Users/nilayshrivastava/Documents/programming_language/scala/learning_scala/fp_in_scala/inorder.scala. Using presentation compiler with project's scala-library version: 3.8.4[0m
2026.08.02 04:54:06 INFO  no build target found for /Users/nilayshrivastava/Documents/programming_language/scala/learning_scala/fp_in_scala/inorder.scala. Using presentation compiler with project's scala-library version: 3.8.4[0m
2026.08.02 04:54:06 INFO  no build target found for /Users/nilayshrivastava/Documents/programming_language/scala/learning_scala/fp_in_scala/inorder.scala. Using presentation compiler with project's scala-library version: 3.8.4[0m
2026.08.02 04:54:06 INFO  no build target found for /Users/nilayshrivastava/Documents/programming_language/scala/learning_scala/fp_in_scala/inorder.scala. Using presentation compiler with project's scala-library version: 3.8.4[0m
2026.08.02 04:54:06 INFO  no build target found for /Users/nilayshrivastava/Documents/programming_language/scala/learning_scala/fp_in_scala/inorder.scala. Using presentation compiler with project's scala-library version: 3.8.4[0m
2026.08.02 04:54:06 INFO  no build target found for /Users/nilayshrivastava/Documents/programming_language/scala/learning_scala/fp_in_scala/inorder.scala. Using presentation compiler with project's scala-library version: 3.8.4[0m
2026.08.02 04:54:06 INFO  no build target found for /Users/nilayshrivastava/Documents/programming_language/scala/learning_scala/fp_in_scala/inorder.scala. Using presentation compiler with project's scala-library version: 3.8.4[0m
2026.08.02 04:54:06 INFO  no build target found for /Users/nilayshrivastava/Documents/programming_language/scala/learning_scala/fp_in_scala/inorder.scala. Using presentation compiler with project's scala-library version: 3.8.4[0m
2026.08.02 04:54:07 INFO  no build target found for /Users/nilayshrivastava/Documents/programming_language/scala/learning_scala/fp_in_scala/inorder.scala. Using presentation compiler with project's scala-library version: 3.8.4[0m
2026.08.02 04:54:07 INFO  no build target found for /Users/nilayshrivastava/Documents/programming_language/scala/learning_scala/fp_in_scala/inorder.scala. Using presentation compiler with project's scala-library version: 3.8.4[0m
2026.08.02 04:54:07 INFO  no build target found for /Users/nilayshrivastava/Documents/programming_language/scala/learning_scala/fp_in_scala/inorder.scala. Using presentation compiler with project's scala-library version: 3.8.4[0m
2026.08.02 04:54:07 INFO  no build target found for /Users/nilayshrivastava/Documents/programming_language/scala/learning_scala/fp_in_scala/inorder.scala. Using presentation compiler with project's scala-library version: 3.8.4[0m
2026.08.02 04:54:07 INFO  no build target found for /Users/nilayshrivastava/Documents/programming_language/scala/learning_scala/fp_in_scala/inorder.scala. Using presentation compiler with project's scala-library version: 3.8.4[0m
2026.08.02 04:54:09 INFO  no build target found for /Users/nilayshrivastava/Documents/programming_language/scala/learning_scala/fp_in_scala/inorder.scala. Using presentation compiler with project's scala-library version: 3.8.4[0m
2026.08.02 04:54:09 INFO  no build target found for /Users/nilayshrivastava/Documents/programming_language/scala/learning_scala/fp_in_scala/inorder.scala. Using presentation compiler with project's scala-library version: 3.8.4[0m
2026.08.02 04:54:09 INFO  no build target found for /Users/nilayshrivastava/Documents/programming_language/scala/learning_scala/fp_in_scala/inorder.scala. Using presentation compiler with project's scala-library version: 3.8.4[0m
2026.08.02 04:54:10 INFO  no build target found for /Users/nilayshrivastava/Documents/programming_language/scala/learning_scala/fp_in_scala/inorder.scala. Using presentation compiler with project's scala-library version: 3.8.4[0m
2026.08.02 04:54:10 INFO  no build target found for /Users/nilayshrivastava/Documents/programming_language/scala/learning_scala/fp_in_scala/inorder.scala. Using presentation compiler with project's scala-library version: 3.8.4[0m
2026.08.02 04:54:10 INFO  no build target found for /Users/nilayshrivastava/Documents/programming_language/scala/learning_scala/fp_in_scala/inorder.scala. Using presentation compiler with project's scala-library version: 3.8.4[0m
2026.08.02 04:54:10 INFO  no build target found for /Users/nilayshrivastava/Documents/programming_language/scala/learning_scala/fp_in_scala/inorder.scala. Using presentation compiler with project's scala-library version: 3.8.4[0m
2026.08.02 04:54:10 INFO  no build target found for /Users/nilayshrivastava/Documents/programming_language/scala/learning_scala/fp_in_scala/inorder.scala. Using presentation compiler with project's scala-library version: 3.8.4[0m
2026.08.02 04:54:10 INFO  no build target found for /Users/nilayshrivastava/Documents/programming_language/scala/learning_scala/fp_in_scala/inorder.scala. Using presentation compiler with project's scala-library version: 3.8.4[0m
2026.08.02 04:54:10 INFO  no build target found for /Users/nilayshrivastava/Documents/programming_language/scala/learning_scala/fp_in_scala/inorder.scala. Using presentation compiler with project's scala-library version: 3.8.4[0m
2026.08.02 04:54:11 INFO  no build target found for /Users/nilayshrivastava/Documents/programming_language/scala/learning_scala/fp_in_scala/inorder.scala. Using presentation compiler with project's scala-library version: 3.8.4[0m
2026.08.02 04:54:11 INFO  no build target found for /Users/nilayshrivastava/Documents/programming_language/scala/learning_scala/fp_in_scala/inorder.scala. Using presentation compiler with project's scala-library version: 3.8.4[0m
2026.08.02 04:54:11 INFO  no build target found for /Users/nilayshrivastava/Documents/programming_language/scala/learning_scala/fp_in_scala/inorder.scala. Using presentation compiler with project's scala-library version: 3.8.4[0m
2026.08.02 04:54:11 INFO  no build target found for /Users/nilayshrivastava/Documents/programming_language/scala/learning_scala/fp_in_scala/inorder.scala. Using presentation compiler with project's scala-library version: 3.8.4[0m
2026.08.02 04:54:11 INFO  no build target found for /Users/nilayshrivastava/Documents/programming_language/scala/learning_scala/fp_in_scala/inorder.scala. Using presentation compiler with project's scala-library version: 3.8.4[0m
2026.08.02 04:54:11 INFO  no build target found for /Users/nilayshrivastava/Documents/programming_language/scala/learning_scala/fp_in_scala/inorder.scala. Using presentation compiler with project's scala-library version: 3.8.4[0m
2026.08.02 04:54:11 INFO  no build target found for /Users/nilayshrivastava/Documents/programming_language/scala/learning_scala/fp_in_scala/inorder.scala. Using presentation compiler with project's scala-library version: 3.8.4[0m
2026.08.02 04:54:13 INFO  no build target found for /Users/nilayshrivastava/Documents/programming_language/scala/learning_scala/fp_in_scala/inorder.scala. Using presentation compiler with project's scala-library version: 3.8.4[0m
2026.08.02 04:54:13 INFO  no build target found for /Users/nilayshrivastava/Documents/programming_language/scala/learning_scala/fp_in_scala/inorder.scala. Using presentation compiler with project's scala-library version: 3.8.4[0m
2026.08.02 04:54:39 INFO  no build target found for /Users/nilayshrivastava/Documents/programming_language/scala/learning_scala/fp_in_scala/inorder.scala. Using presentation compiler with project's scala-library version: 3.8.4[0m
2026.08.02 04:54:39 INFO  no build target found for /Users/nilayshrivastava/Documents/programming_language/scala/learning_scala/fp_in_scala/inorder.scala. Using presentation compiler with project's scala-library version: 3.8.4[0m
2026.08.02 04:54:39 INFO  no build target found for /Users/nilayshrivastava/Documents/programming_language/scala/learning_scala/fp_in_scala/inorder.scala. Using presentation compiler with project's scala-library version: 3.8.4[0m
2026.08.02 04:54:40 INFO  no build target found for /Users/nilayshrivastava/Documents/programming_language/scala/learning_scala/fp_in_scala/inorder.scala. Using presentation compiler with project's scala-library version: 3.8.4[0m
2026.08.02 04:54:59 INFO  no build target found for /Users/nilayshrivastava/Documents/programming_language/scala/learning_scala/fp_in_scala/inorder.scala. Using presentation compiler with project's scala-library version: 3.8.4[0m
2026.08.02 04:54:59 INFO  no build target found for /Users/nilayshrivastava/Documents/programming_language/scala/learning_scala/fp_in_scala/inorder.scala. Using presentation compiler with project's scala-library version: 3.8.4[0m
2026.08.02 04:54:59 INFO  no build target found for /Users/nilayshrivastava/Documents/programming_language/scala/learning_scala/fp_in_scala/inorder.scala. Using presentation compiler with project's scala-library version: 3.8.4[0m
2026.08.02 04:54:59 INFO  no build target found for /Users/nilayshrivastava/Documents/programming_language/scala/learning_scala/fp_in_scala/inorder.scala. Using presentation compiler with project's scala-library version: 3.8.4[0m
2026.08.02 04:54:59 INFO  no build target found for /Users/nilayshrivastava/Documents/programming_language/scala/learning_scala/fp_in_scala/inorder.scala. Using presentation compiler with project's scala-library version: 3.8.4[0m
2026.08.02 04:54:59 INFO  no build target found for /Users/nilayshrivastava/Documents/programming_language/scala/learning_scala/fp_in_scala/inorder.scala. Using presentation compiler with project's scala-library version: 3.8.4[0m
2026.08.02 04:54:59 INFO  no build target found for /Users/nilayshrivastava/Documents/programming_language/scala/learning_scala/fp_in_scala/inorder.scala. Using presentation compiler with project's scala-library version: 3.8.4[0m
2026.08.02 04:54:59 INFO  no build target found for /Users/nilayshrivastava/Documents/programming_language/scala/learning_scala/fp_in_scala/inorder.scala. Using presentation compiler with project's scala-library version: 3.8.4[0m
2026.08.02 04:54:59 INFO  no build target found for /Users/nilayshrivastava/Documents/programming_language/scala/learning_scala/fp_in_scala/inorder.scala. Using presentation compiler with project's scala-library version: 3.8.4[0m
2026.08.02 04:54:59 INFO  no build target found for /Users/nilayshrivastava/Documents/programming_language/scala/learning_scala/fp_in_scala/inorder.scala. Using presentation compiler with project's scala-library version: 3.8.4[0m
2026.08.02 04:54:59 INFO  no build target found for /Users/nilayshrivastava/Documents/programming_language/scala/learning_scala/fp_in_scala/inorder.scala. Using presentation compiler with project's scala-library version: 3.8.4[0m
2026.08.02 04:54:59 INFO  no build target found for /Users/nilayshrivastava/Documents/programming_language/scala/learning_scala/fp_in_scala/inorder.scala. Using presentation compiler with project's scala-library version: 3.8.4[0m
2026.08.02 04:54:59 INFO  no build target found for /Users/nilayshrivastava/Documents/programming_language/scala/learning_scala/fp_in_scala/inorder.scala. Using presentation compiler with project's scala-library version: 3.8.4[0m
2026.08.02 04:54:59 INFO  no build target found for /Users/nilayshrivastava/Documents/programming_language/scala/learning_scala/fp_in_scala/inorder.scala. Using presentation compiler with project's scala-library version: 3.8.4[0m
2026.08.02 04:54:59 INFO  no build target found for /Users/nilayshrivastava/Documents/programming_language/scala/learning_scala/fp_in_scala/inorder.scala. Using presentation compiler with project's scala-library version: 3.8.4[0m
2026.08.02 04:54:59 INFO  no build target found for /Users/nilayshrivastava/Documents/programming_language/scala/learning_scala/fp_in_scala/inorder.scala. Using presentation compiler with project's scala-library version: 3.8.4[0m
2026.08.02 04:55:00 INFO  no build target found for /Users/nilayshrivastava/Documents/programming_language/scala/learning_scala/fp_in_scala/inorder.scala. Using presentation compiler with project's scala-library version: 3.8.4[0m
2026.08.02 04:55:00 INFO  no build target found for /Users/nilayshrivastava/Documents/programming_language/scala/learning_scala/fp_in_scala/inorder.scala. Using presentation compiler with project's scala-library version: 3.8.4[0m
2026.08.02 04:55:00 INFO  no build target found for /Users/nilayshrivastava/Documents/programming_language/scala/learning_scala/fp_in_scala/inorder.scala. Using presentation compiler with project's scala-library version: 3.8.4[0m
2026.08.02 04:55:00 INFO  no build target found for /Users/nilayshrivastava/Documents/programming_language/scala/learning_scala/fp_in_scala/inorder.scala. Using presentation compiler with project's scala-library version: 3.8.4[0m
2026.08.02 04:55:00 INFO  no build target found for /Users/nilayshrivastava/Documents/programming_language/scala/learning_scala/fp_in_scala/inorder.scala. Using presentation compiler with project's scala-library version: 3.8.4[0m
2026.08.02 04:55:00 INFO  no build target found for /Users/nilayshrivastava/Documents/programming_language/scala/learning_scala/fp_in_scala/inorder.scala. Using presentation compiler with project's scala-library version: 3.8.4[0m
2026.08.02 04:55:00 INFO  no build target found for /Users/nilayshrivastava/Documents/programming_language/scala/learning_scala/fp_in_scala/inorder.scala. Using presentation compiler with project's scala-library version: 3.8.4[0m
2026.08.02 04:55:00 INFO  no build target found for /Users/nilayshrivastava/Documents/programming_language/scala/learning_scala/fp_in_scala/inorder.scala. Using presentation compiler with project's scala-library version: 3.8.4[0m
2026.08.02 04:55:00 INFO  no build target found for /Users/nilayshrivastava/Documents/programming_language/scala/learning_scala/fp_in_scala/inorder.scala. Using presentation compiler with project's scala-library version: 3.8.4[0m
2026.08.02 04:55:00 INFO  no build target found for /Users/nilayshrivastava/Documents/programming_language/scala/learning_scala/fp_in_scala/inorder.scala. Using presentation compiler with project's scala-library version: 3.8.4[0m
2026.08.02 04:55:00 INFO  no build target found for /Users/nilayshrivastava/Documents/programming_language/scala/learning_scala/fp_in_scala/inorder.scala. Using presentation compiler with project's scala-library version: 3.8.4[0m
2026.08.02 04:55:00 INFO  no build target found for /Users/nilayshrivastava/Documents/programming_language/scala/learning_scala/fp_in_scala/inorder.scala. Using presentation compiler with project's scala-library version: 3.8.4[0m
2026.08.02 04:55:00 INFO  no build target found for /Users/nilayshrivastava/Documents/programming_language/scala/learning_scala/fp_in_scala/inorder.scala. Using presentation compiler with project's scala-library version: 3.8.4[0m
2026.08.02 04:55:00 INFO  no build target found for /Users/nilayshrivastava/Documents/programming_language/scala/learning_scala/fp_in_scala/inorder.scala. Using presentation compiler with project's scala-library version: 3.8.4[0m
2026.08.02 04:55:00 INFO  no build target found for /Users/nilayshrivastava/Documents/programming_language/scala/learning_scala/fp_in_scala/inorder.scala. Using presentation compiler with project's scala-library version: 3.8.4[0m
2026.08.02 04:55:00 INFO  no build target found for /Users/nilayshrivastava/Documents/programming_language/scala/learning_scala/fp_in_scala/inorder.scala. Using presentation compiler with project's scala-library version: 3.8.4[0m
2026.08.02 04:55:00 INFO  no build target found for /Users/nilayshrivastava/Documents/programming_language/scala/learning_scala/fp_in_scala/inorder.scala. Using presentation compiler with project's scala-library version: 3.8.4[0m
2026.08.02 04:55:00 INFO  no build target found for /Users/nilayshrivastava/Documents/programming_language/scala/learning_scala/fp_in_scala/inorder.scala. Using presentation compiler with project's scala-library version: 3.8.4[0m
2026.08.02 04:55:02 INFO  no build target found for /Users/nilayshrivastava/Documents/programming_language/scala/learning_scala/fp_in_scala/inorder.scala. Using presentation compiler with project's scala-library version: 3.8.4[0m
2026.08.02 04:55:07 INFO  no build target found for /Users/nilayshrivastava/Documents/programming_language/scala/learning_scala/fp_in_scala/inorder.scala. Using presentation compiler with project's scala-library version: 3.8.4[0m
2026.08.02 04:55:07 INFO  no build target found for /Users/nilayshrivastava/Documents/programming_language/scala/learning_scala/fp_in_scala/inorder.scala. Using presentation compiler with project's scala-library version: 3.8.4[0m
2026.08.02 04:55:07 INFO  no build target found for /Users/nilayshrivastava/Documents/programming_language/scala/learning_scala/fp_in_scala/inorder.scala. Using presentation compiler with project's scala-library version: 3.8.4[0m
2026.08.02 04:55:07 INFO  no build target found for /Users/nilayshrivastava/Documents/programming_language/scala/learning_scala/fp_in_scala/inorder.scala. Using presentation compiler with project's scala-library version: 3.8.4[0m
2026.08.02 04:55:07 INFO  no build target found for /Users/nilayshrivastava/Documents/programming_language/scala/learning_scala/fp_in_scala/inorder.scala. Using presentation compiler with project's scala-library version: 3.8.4[0m
2026.08.02 04:55:08 INFO  no build target found for /Users/nilayshrivastava/Documents/programming_language/scala/learning_scala/fp_in_scala/inorder.scala. Using presentation compiler with project's scala-library version: 3.8.4[0m
2026.08.02 04:55:08 INFO  no build target found for /Users/nilayshrivastava/Documents/programming_language/scala/learning_scala/fp_in_scala/inorder.scala. Using presentation compiler with project's scala-library version: 3.8.4[0m
2026.08.02 04:55:08 INFO  no build target found for /Users/nilayshrivastava/Documents/programming_language/scala/learning_scala/fp_in_scala/inorder.scala. Using presentation compiler with project's scala-library version: 3.8.4[0m
2026.08.02 04:55:08 INFO  no build target found for /Users/nilayshrivastava/Documents/programming_language/scala/learning_scala/fp_in_scala/inorder.scala. Using presentation compiler with project's scala-library version: 3.8.4[0m
2026.08.02 04:55:08 INFO  no build target found for /Users/nilayshrivastava/Documents/programming_language/scala/learning_scala/fp_in_scala/inorder.scala. Using presentation compiler with project's scala-library version: 3.8.4[0m
2026.08.02 04:55:08 INFO  no build target found for /Users/nilayshrivastava/Documents/programming_language/scala/learning_scala/fp_in_scala/inorder.scala. Using presentation compiler with project's scala-library version: 3.8.4[0m
2026.08.02 04:55:08 INFO  no build target found for /Users/nilayshrivastava/Documents/programming_language/scala/learning_scala/fp_in_scala/inorder.scala. Using presentation compiler with project's scala-library version: 3.8.4[0m
2026.08.02 04:55:09 INFO  no build target found for /Users/nilayshrivastava/Documents/programming_language/scala/learning_scala/fp_in_scala/inorder.scala. Using presentation compiler with project's scala-library version: 3.8.4[0m
2026.08.02 04:55:10 INFO  no build target found for /Users/nilayshrivastava/Documents/programming_language/scala/learning_scala/fp_in_scala/inorder.scala. Using presentation compiler with project's scala-library version: 3.8.4[0m
2026.08.02 04:55:10 INFO  no build target found for /Users/nilayshrivastava/Documents/programming_language/scala/learning_scala/fp_in_scala/inorder.scala. Using presentation compiler with project's scala-library version: 3.8.4[0m
2026.08.02 04:55:10 INFO  no build target found for /Users/nilayshrivastava/Documents/programming_language/scala/learning_scala/fp_in_scala/inorder.scala. Using presentation compiler with project's scala-library version: 3.8.4[0m
2026.08.02 04:55:11 INFO  no build target found for /Users/nilayshrivastava/Documents/programming_language/scala/learning_scala/fp_in_scala/inorder.scala. Using presentation compiler with project's scala-library version: 3.8.4[0m
2026.08.02 04:55:11 INFO  no build target found for /Users/nilayshrivastava/Documents/programming_language/scala/learning_scala/fp_in_scala/inorder.scala. Using presentation compiler with project's scala-library version: 3.8.4[0m
2026.08.02 04:55:11 INFO  no build target found for /Users/nilayshrivastava/Documents/programming_language/scala/learning_scala/fp_in_scala/inorder.scala. Using presentation compiler with project's scala-library version: 3.8.4[0m
2026.08.02 04:55:11 INFO  no build target found for /Users/nilayshrivastava/Documents/programming_language/scala/learning_scala/fp_in_scala/inorder.scala. Using presentation compiler with project's scala-library version: 3.8.4[0m
2026.08.02 04:55:11 INFO  no build target found for /Users/nilayshrivastava/Documents/programming_language/scala/learning_scala/fp_in_scala/inorder.scala. Using presentation compiler with project's scala-library version: 3.8.4[0m
2026.08.02 04:55:11 INFO  no build target found for /Users/nilayshrivastava/Documents/programming_language/scala/learning_scala/fp_in_scala/inorder.scala. Using presentation compiler with project's scala-library version: 3.8.4[0m
2026.08.02 04:55:11 INFO  no build target found for /Users/nilayshrivastava/Documents/programming_language/scala/learning_scala/fp_in_scala/inorder.scala. Using presentation compiler with project's scala-library version: 3.8.4[0m
2026.08.02 04:55:11 INFO  no build target found for /Users/nilayshrivastava/Documents/programming_language/scala/learning_scala/fp_in_scala/inorder.scala. Using presentation compiler with project's scala-library version: 3.8.4[0m
2026.08.02 04:55:16 INFO  no build target found for /Users/nilayshrivastava/Documents/programming_language/scala/learning_scala/fp_in_scala/inorder.scala. Using presentation compiler with project's scala-library version: 3.8.4[0m
2026.08.02 04:55:16 INFO  no build target found for /Users/nilayshrivastava/Documents/programming_language/scala/learning_scala/fp_in_scala/inorder.scala. Using presentation compiler with project's scala-library version: 3.8.4[0m
2026.08.02 04:55:16 INFO  no build target found for /Users/nilayshrivastava/Documents/programming_language/scala/learning_scala/fp_in_scala/inorder.scala. Using presentation compiler with project's scala-library version: 3.8.4[0m
2026.08.02 04:55:16 INFO  no build target found for /Users/nilayshrivastava/Documents/programming_language/scala/learning_scala/fp_in_scala/inorder.scala. Using presentation compiler with project's scala-library version: 3.8.4[0m
2026.08.02 04:55:16 INFO  no build target found for /Users/nilayshrivastava/Documents/programming_language/scala/learning_scala/fp_in_scala/inorder.scala. Using presentation compiler with project's scala-library version: 3.8.4[0m
2026.08.02 04:55:16 INFO  no build target found for /Users/nilayshrivastava/Documents/programming_language/scala/learning_scala/fp_in_scala/inorder.scala. Using presentation compiler with project's scala-library version: 3.8.4[0m
2026.08.02 04:58:18 INFO  no build target found for /Users/nilayshrivastava/Documents/programming_language/scala/learning_scala/fp_in_scala/inorder.scala. Using presentation compiler with project's scala-library version: 3.8.4[0m
2026.08.02 04:58:18 INFO  no build target found for /Users/nilayshrivastava/Documents/programming_language/scala/learning_scala/fp_in_scala/inorder.scala. Using presentation compiler with project's scala-library version: 3.8.4[0m
2026.08.02 04:58:18 INFO  no build target found for /Users/nilayshrivastava/Documents/programming_language/scala/learning_scala/fp_in_scala/inorder.scala. Using presentation compiler with project's scala-library version: 3.8.4[0m
2026.08.02 04:58:18 INFO  no build target found for /Users/nilayshrivastava/Documents/programming_language/scala/learning_scala/fp_in_scala/inorder.scala. Using presentation compiler with project's scala-library version: 3.8.4[0m
2026.08.02 04:58:18 INFO  no build target found for /Users/nilayshrivastava/Documents/programming_language/scala/learning_scala/fp_in_scala/inorder.scala. Using presentation compiler with project's scala-library version: 3.8.4[0m
2026.08.02 04:58:18 INFO  no build target found for /Users/nilayshrivastava/Documents/programming_language/scala/learning_scala/fp_in_scala/inorder.scala. Using presentation compiler with project's scala-library version: 3.8.4[0m
2026.08.02 04:58:18 INFO  no build target found for /Users/nilayshrivastava/Documents/programming_language/scala/learning_scala/fp_in_scala/inorder.scala. Using presentation compiler with project's scala-library version: 3.8.4[0m
2026.08.02 04:58:18 INFO  no build target found for /Users/nilayshrivastava/Documents/programming_language/scala/learning_scala/fp_in_scala/inorder.scala. Using presentation compiler with project's scala-library version: 3.8.4[0m
2026.08.02 04:58:18 INFO  no build target found for /Users/nilayshrivastava/Documents/programming_language/scala/learning_scala/fp_in_scala/inorder.scala. Using presentation compiler with project's scala-library version: 3.8.4[0m
2026.08.02 04:58:18 INFO  no build target found for /Users/nilayshrivastava/Documents/programming_language/scala/learning_scala/fp_in_scala/inorder.scala. Using presentation compiler with project's scala-library version: 3.8.4[0m
2026.08.02 04:58:18 INFO  no build target found for /Users/nilayshrivastava/Documents/programming_language/scala/learning_scala/fp_in_scala/inorder.scala. Using presentation compiler with project's scala-library version: 3.8.4[0m
2026.08.02 04:58:18 INFO  no build target found for /Users/nilayshrivastava/Documents/programming_language/scala/learning_scala/fp_in_scala/inorder.scala. Using presentation compiler with project's scala-library version: 3.8.4[0m
2026.08.02 04:58:18 INFO  no build target found for /Users/nilayshrivastava/Documents/programming_language/scala/learning_scala/fp_in_scala/inorder.scala. Using presentation compiler with project's scala-library version: 3.8.4[0m
2026.08.02 04:58:19 INFO  no build target found for /Users/nilayshrivastava/Documents/programming_language/scala/learning_scala/fp_in_scala/inorder.scala. Using presentation compiler with project's scala-library version: 3.8.4[0m
2026.08.02 04:58:19 INFO  no build target found for /Users/nilayshrivastava/Documents/programming_language/scala/learning_scala/fp_in_scala/inorder.scala. Using presentation compiler with project's scala-library version: 3.8.4[0m
2026.08.02 04:58:19 INFO  no build target found for /Users/nilayshrivastava/Documents/programming_language/scala/learning_scala/fp_in_scala/inorder.scala. Using presentation compiler with project's scala-library version: 3.8.4[0m
2026.08.02 04:58:19 INFO  no build target found for /Users/nilayshrivastava/Documents/programming_language/scala/learning_scala/fp_in_scala/inorder.scala. Using presentation compiler with project's scala-library version: 3.8.4[0m
2026.08.02 04:58:19 INFO  no build target found for /Users/nilayshrivastava/Documents/programming_language/scala/learning_scala/fp_in_scala/inorder.scala. Using presentation compiler with project's scala-library version: 3.8.4[0m
2026.08.02 04:58:19 INFO  no build target found for /Users/nilayshrivastava/Documents/programming_language/scala/learning_scala/fp_in_scala/inorder.scala. Using presentation compiler with project's scala-library version: 3.8.4[0m
2026.08.02 04:58:19 INFO  no build target found for /Users/nilayshrivastava/Documents/programming_language/scala/learning_scala/fp_in_scala/inorder.scala. Using presentation compiler with project's scala-library version: 3.8.4[0m
2026.08.02 04:58:19 INFO  no build target found for /Users/nilayshrivastava/Documents/programming_language/scala/learning_scala/fp_in_scala/inorder.scala. Using presentation compiler with project's scala-library version: 3.8.4[0m
2026.08.02 04:58:19 INFO  no build target found for /Users/nilayshrivastava/Documents/programming_language/scala/learning_scala/fp_in_scala/inorder.scala. Using presentation compiler with project's scala-library version: 3.8.4[0m
2026.08.02 04:58:19 INFO  no build target found for /Users/nilayshrivastava/Documents/programming_language/scala/learning_scala/fp_in_scala/inorder.scala. Using presentation compiler with project's scala-library version: 3.8.4[0m
2026.08.02 04:58:19 INFO  no build target found for /Users/nilayshrivastava/Documents/programming_language/scala/learning_scala/fp_in_scala/inorder.scala. Using presentation compiler with project's scala-library version: 3.8.4[0m
2026.08.02 04:58:19 INFO  no build target found for /Users/nilayshrivastava/Documents/programming_language/scala/learning_scala/fp_in_scala/inorder.scala. Using presentation compiler with project's scala-library version: 3.8.4[0m
2026.08.02 04:58:19 INFO  no build target found for /Users/nilayshrivastava/Documents/programming_language/scala/learning_scala/fp_in_scala/inorder.scala. Using presentation compiler with project's scala-library version: 3.8.4[0m
2026.08.02 04:58:19 INFO  no build target found for /Users/nilayshrivastava/Documents/programming_language/scala/learning_scala/fp_in_scala/inorder.scala. Using presentation compiler with project's scala-library version: 3.8.4[0m
2026.08.02 04:58:19 INFO  no build target found for /Users/nilayshrivastava/Documents/programming_language/scala/learning_scala/fp_in_scala/inorder.scala. Using presentation compiler with project's scala-library version: 3.8.4[0m
2026.08.02 04:58:19 INFO  no build target found for /Users/nilayshrivastava/Documents/programming_language/scala/learning_scala/fp_in_scala/inorder.scala. Using presentation compiler with project's scala-library version: 3.8.4[0m
2026.08.02 04:58:19 INFO  no build target found for /Users/nilayshrivastava/Documents/programming_language/scala/learning_scala/fp_in_scala/inorder.scala. Using presentation compiler with project's scala-library version: 3.8.4[0m
2026.08.02 04:58:19 INFO  no build target found for /Users/nilayshrivastava/Documents/programming_language/scala/learning_scala/fp_in_scala/inorder.scala. Using presentation compiler with project's scala-library version: 3.8.4[0m
2026.08.02 04:58:19 INFO  no build target found for /Users/nilayshrivastava/Documents/programming_language/scala/learning_scala/fp_in_scala/inorder.scala. Using presentation compiler with project's scala-library version: 3.8.4[0m
2026.08.02 04:58:19 INFO  no build target found for /Users/nilayshrivastava/Documents/programming_language/scala/learning_scala/fp_in_scala/inorder.scala. Using presentation compiler with project's scala-library version: 3.8.4[0m
2026.08.02 04:58:20 INFO  no build target found for /Users/nilayshrivastava/Documents/programming_language/scala/learning_scala/fp_in_scala/inorder.scala. Using presentation compiler with project's scala-library version: 3.8.4[0m
2026.08.02 04:58:20 INFO  no build target found for /Users/nilayshrivastava/Documents/programming_language/scala/learning_scala/fp_in_scala/inorder.scala. Using presentation compiler with project's scala-library version: 3.8.4[0m
2026.08.02 04:58:20 INFO  no build target found for /Users/nilayshrivastava/Documents/programming_language/scala/learning_scala/fp_in_scala/inorder.scala. Using presentation compiler with project's scala-library version: 3.8.4[0m
2026.08.02 04:58:20 INFO  no build target found for /Users/nilayshrivastava/Documents/programming_language/scala/learning_scala/fp_in_scala/inorder.scala. Using presentation compiler with project's scala-library version: 3.8.4[0m
2026.08.02 04:58:20 INFO  no build target found for /Users/nilayshrivastava/Documents/programming_language/scala/learning_scala/fp_in_scala/inorder.scala. Using presentation compiler with project's scala-library version: 3.8.4[0m
2026.08.02 04:58:20 INFO  no build target found for /Users/nilayshrivastava/Documents/programming_language/scala/learning_scala/fp_in_scala/inorder.scala. Using presentation compiler with project's scala-library version: 3.8.4[0m
2026.08.02 04:58:20 INFO  no build target found for /Users/nilayshrivastava/Documents/programming_language/scala/learning_scala/fp_in_scala/inorder.scala. Using presentation compiler with project's scala-library version: 3.8.4[0m
2026.08.02 04:58:20 INFO  no build target found for /Users/nilayshrivastava/Documents/programming_language/scala/learning_scala/fp_in_scala/inorder.scala. Using presentation compiler with project's scala-library version: 3.8.4[0m
2026.08.02 04:58:20 INFO  no build target found for /Users/nilayshrivastava/Documents/programming_language/scala/learning_scala/fp_in_scala/inorder.scala. Using presentation compiler with project's scala-library version: 3.8.4[0m
2026.08.02 04:58:20 INFO  no build target found for /Users/nilayshrivastava/Documents/programming_language/scala/learning_scala/fp_in_scala/inorder.scala. Using presentation compiler with project's scala-library version: 3.8.4[0m
2026.08.02 04:58:20 INFO  no build target found for /Users/nilayshrivastava/Documents/programming_language/scala/learning_scala/fp_in_scala/inorder.scala. Using presentation compiler with project's scala-library version: 3.8.4[0m
2026.08.02 04:58:20 INFO  no build target found for /Users/nilayshrivastava/Documents/programming_language/scala/learning_scala/fp_in_scala/inorder.scala. Using presentation compiler with project's scala-library version: 3.8.4[0m
2026.08.02 04:58:20 INFO  no build target found for /Users/nilayshrivastava/Documents/programming_language/scala/learning_scala/fp_in_scala/inorder.scala. Using presentation compiler with project's scala-library version: 3.8.4[0m
2026.08.02 04:58:50 INFO  no build target found for /Users/nilayshrivastava/Documents/programming_language/scala/learning_scala/fp_in_scala/inorder.scala. Using presentation compiler with project's scala-library version: 3.8.4[0m
2026.08.02 04:58:50 INFO  no build target found for /Users/nilayshrivastava/Documents/programming_language/scala/learning_scala/fp_in_scala/inorder.scala. Using presentation compiler with project's scala-library version: 3.8.4[0m
2026.08.02 04:58:50 INFO  no build target found for /Users/nilayshrivastava/Documents/programming_language/scala/learning_scala/fp_in_scala/inorder.scala. Using presentation compiler with project's scala-library version: 3.8.4[0m
2026.08.02 04:58:50 INFO  no build target found for /Users/nilayshrivastava/Documents/programming_language/scala/learning_scala/fp_in_scala/inorder.scala. Using presentation compiler with project's scala-library version: 3.8.4[0m
2026.08.02 04:58:50 INFO  no build target found for /Users/nilayshrivastava/Documents/programming_language/scala/learning_scala/fp_in_scala/inorder.scala. Using presentation compiler with project's scala-library version: 3.8.4[0m
2026.08.02 04:58:50 INFO  no build target found for /Users/nilayshrivastava/Documents/programming_language/scala/learning_scala/fp_in_scala/inorder.scala. Using presentation compiler with project's scala-library version: 3.8.4[0m
2026.08.02 04:58:50 INFO  no build target found for /Users/nilayshrivastava/Documents/programming_language/scala/learning_scala/fp_in_scala/inorder.scala. Using presentation compiler with project's scala-library version: 3.8.4[0m
2026.08.02 04:58:50 INFO  no build target found for /Users/nilayshrivastava/Documents/programming_language/scala/learning_scala/fp_in_scala/inorder.scala. Using presentation compiler with project's scala-library version: 3.8.4[0m
2026.08.02 04:58:51 INFO  no build target found for /Users/nilayshrivastava/Documents/programming_language/scala/learning_scala/fp_in_scala/inorder.scala. Using presentation compiler with project's scala-library version: 3.8.4[0m
2026.08.02 04:58:51 INFO  no build target found for /Users/nilayshrivastava/Documents/programming_language/scala/learning_scala/fp_in_scala/inorder.scala. Using presentation compiler with project's scala-library version: 3.8.4[0m
2026.08.02 04:58:51 INFO  no build target found for /Users/nilayshrivastava/Documents/programming_language/scala/learning_scala/fp_in_scala/inorder.scala. Using presentation compiler with project's scala-library version: 3.8.4[0m
2026.08.02 04:58:51 INFO  no build target found for /Users/nilayshrivastava/Documents/programming_language/scala/learning_scala/fp_in_scala/inorder.scala. Using presentation compiler with project's scala-library version: 3.8.4[0m
2026.08.02 04:58:51 INFO  no build target found for /Users/nilayshrivastava/Documents/programming_language/scala/learning_scala/fp_in_scala/inorder.scala. Using presentation compiler with project's scala-library version: 3.8.4[0m
2026.08.02 04:58:51 INFO  no build target found for /Users/nilayshrivastava/Documents/programming_language/scala/learning_scala/fp_in_scala/inorder.scala. Using presentation compiler with project's scala-library version: 3.8.4[0m
2026.08.02 04:58:54 INFO  no build target found for /Users/nilayshrivastava/Documents/programming_language/scala/learning_scala/fp_in_scala/inorder.scala. Using presentation compiler with project's scala-library version: 3.8.4[0m
2026.08.02 04:58:54 INFO  no build target found for /Users/nilayshrivastava/Documents/programming_language/scala/learning_scala/fp_in_scala/inorder.scala. Using presentation compiler with project's scala-library version: 3.8.4[0m
2026.08.02 04:58:54 INFO  no build target found for /Users/nilayshrivastava/Documents/programming_language/scala/learning_scala/fp_in_scala/inorder.scala. Using presentation compiler with project's scala-library version: 3.8.4[0m
2026.08.02 04:59:31 INFO  no build target found for /Users/nilayshrivastava/Documents/programming_language/scala/learning_scala/fp_in_scala/inorder.scala. Using presentation compiler with project's scala-library version: 3.8.4[0m
2026.08.02 04:59:31 INFO  no build target found for /Users/nilayshrivastava/Documents/programming_language/scala/learning_scala/fp_in_scala/inorder.scala. Using presentation compiler with project's scala-library version: 3.8.4[0m
2026.08.02 04:59:31 INFO  no build target found for /Users/nilayshrivastava/Documents/programming_language/scala/learning_scala/fp_in_scala/inorder.scala. Using presentation compiler with project's scala-library version: 3.8.4[0m
2026.08.02 04:59:31 INFO  no build target found for /Users/nilayshrivastava/Documents/programming_language/scala/learning_scala/fp_in_scala/inorder.scala. Using presentation compiler with project's scala-library version: 3.8.4[0m
2026.08.02 04:59:31 INFO  no build target found for /Users/nilayshrivastava/Documents/programming_language/scala/learning_scala/fp_in_scala/inorder.scala. Using presentation compiler with project's scala-library version: 3.8.4[0m
2026.08.02 04:59:31 INFO  no build target found for /Users/nilayshrivastava/Documents/programming_language/scala/learning_scala/fp_in_scala/inorder.scala. Using presentation compiler with project's scala-library version: 3.8.4[0m
2026.08.02 04:59:32 INFO  no build target found for /Users/nilayshrivastava/Documents/programming_language/scala/learning_scala/fp_in_scala/inorder.scala. Using presentation compiler with project's scala-library version: 3.8.4[0m
2026.08.02 04:59:32 INFO  no build target found for /Users/nilayshrivastava/Documents/programming_language/scala/learning_scala/fp_in_scala/inorder.scala. Using presentation compiler with project's scala-library version: 3.8.4[0m
2026.08.02 04:59:32 INFO  no build target found for /Users/nilayshrivastava/Documents/programming_language/scala/learning_scala/fp_in_scala/inorder.scala. Using presentation compiler with project's scala-library version: 3.8.4[0m
2026.08.02 04:59:32 INFO  no build target found for /Users/nilayshrivastava/Documents/programming_language/scala/learning_scala/fp_in_scala/inorder.scala. Using presentation compiler with project's scala-library version: 3.8.4[0m
2026.08.02 04:59:32 INFO  no build target found for /Users/nilayshrivastava/Documents/programming_language/scala/learning_scala/fp_in_scala/inorder.scala. Using presentation compiler with project's scala-library version: 3.8.4[0m
2026.08.02 04:59:32 INFO  no build target found for /Users/nilayshrivastava/Documents/programming_language/scala/learning_scala/fp_in_scala/inorder.scala. Using presentation compiler with project's scala-library version: 3.8.4[0m
2026.08.02 04:59:34 INFO  no build target found for /Users/nilayshrivastava/Documents/programming_language/scala/learning_scala/fp_in_scala/inorder.scala. Using presentation compiler with project's scala-library version: 3.8.4[0m
2026.08.02 05:00:02 INFO  no build target found for /Users/nilayshrivastava/Documents/programming_language/scala/learning_scala/fp_in_scala/inorder.scala. Using presentation compiler with project's scala-library version: 3.8.4[0m
2026.08.02 05:00:02 INFO  no build target found for /Users/nilayshrivastava/Documents/programming_language/scala/learning_scala/fp_in_scala/inorder.scala. Using presentation compiler with project's scala-library version: 3.8.4[0m
2026.08.02 05:00:02 INFO  no build target found for /Users/nilayshrivastava/Documents/programming_language/scala/learning_scala/fp_in_scala/inorder.scala. Using presentation compiler with project's scala-library version: 3.8.4[0m
2026.08.02 05:00:02 INFO  no build target found for /Users/nilayshrivastava/Documents/programming_language/scala/learning_scala/fp_in_scala/inorder.scala. Using presentation compiler with project's scala-library version: 3.8.4[0m
2026.08.02 05:00:02 INFO  no build target found for /Users/nilayshrivastava/Documents/programming_language/scala/learning_scala/fp_in_scala/inorder.scala. Using presentation compiler with project's scala-library version: 3.8.4[0m
2026.08.02 05:00:02 INFO  no build target found for /Users/nilayshrivastava/Documents/programming_language/scala/learning_scala/fp_in_scala/inorder.scala. Using presentation compiler with project's scala-library version: 3.8.4[0m
2026.08.02 05:00:02 INFO  no build target found for /Users/nilayshrivastava/Documents/programming_language/scala/learning_scala/fp_in_scala/inorder.scala. Using presentation compiler with project's scala-library version: 3.8.4[0m
2026.08.02 05:00:02 INFO  no build target found for /Users/nilayshrivastava/Documents/programming_language/scala/learning_scala/fp_in_scala/inorder.scala. Using presentation compiler with project's scala-library version: 3.8.4[0m
2026.08.02 05:00:02 INFO  no build target found for /Users/nilayshrivastava/Documents/programming_language/scala/learning_scala/fp_in_scala/inorder.scala. Using presentation compiler with project's scala-library version: 3.8.4[0m
2026.08.02 05:00:02 INFO  no build target found for /Users/nilayshrivastava/Documents/programming_language/scala/learning_scala/fp_in_scala/inorder.scala. Using presentation compiler with project's scala-library version: 3.8.4[0m
2026.08.02 05:00:02 INFO  no build target found for /Users/nilayshrivastava/Documents/programming_language/scala/learning_scala/fp_in_scala/inorder.scala. Using presentation compiler with project's scala-library version: 3.8.4[0m
2026.08.02 05:00:02 INFO  no build target found for /Users/nilayshrivastava/Documents/programming_language/scala/learning_scala/fp_in_scala/inorder.scala. Using presentation compiler with project's scala-library version: 3.8.4[0m
2026.08.02 05:00:02 INFO  no build target found for /Users/nilayshrivastava/Documents/programming_language/scala/learning_scala/fp_in_scala/inorder.scala. Using presentation compiler with project's scala-library version: 3.8.4[0m
2026.08.02 05:00:02 INFO  no build target found for /Users/nilayshrivastava/Documents/programming_language/scala/learning_scala/fp_in_scala/inorder.scala. Using presentation compiler with project's scala-library version: 3.8.4[0m
2026.08.02 05:00:02 INFO  no build target found for /Users/nilayshrivastava/Documents/programming_language/scala/learning_scala/fp_in_scala/inorder.scala. Using presentation compiler with project's scala-library version: 3.8.4[0m
2026.08.02 05:00:03 INFO  no build target found for /Users/nilayshrivastava/Documents/programming_language/scala/learning_scala/fp_in_scala/inorder.scala. Using presentation compiler with project's scala-library version: 3.8.4[0m
2026.08.02 05:00:03 INFO  no build target found for /Users/nilayshrivastava/Documents/programming_language/scala/learning_scala/fp_in_scala/inorder.scala. Using presentation compiler with project's scala-library version: 3.8.4[0m
2026.08.02 05:00:03 INFO  no build target found for /Users/nilayshrivastava/Documents/programming_language/scala/learning_scala/fp_in_scala/inorder.scala. Using presentation compiler with project's scala-library version: 3.8.4[0m
2026.08.02 05:00:03 INFO  no build target found for /Users/nilayshrivastava/Documents/programming_language/scala/learning_scala/fp_in_scala/inorder.scala. Using presentation compiler with project's scala-library version: 3.8.4[0m
2026.08.02 05:00:03 INFO  no build target found for /Users/nilayshrivastava/Documents/programming_language/scala/learning_scala/fp_in_scala/inorder.scala. Using presentation compiler with project's scala-library version: 3.8.4[0m
2026.08.02 05:00:03 INFO  no build target found for /Users/nilayshrivastava/Documents/programming_language/scala/learning_scala/fp_in_scala/inorder.scala. Using presentation compiler with project's scala-library version: 3.8.4[0m
2026.08.02 05:00:03 INFO  no build target found for /Users/nilayshrivastava/Documents/programming_language/scala/learning_scala/fp_in_scala/inorder.scala. Using presentation compiler with project's scala-library version: 3.8.4[0m
2026.08.02 05:00:03 INFO  no build target found for /Users/nilayshrivastava/Documents/programming_language/scala/learning_scala/fp_in_scala/inorder.scala. Using presentation compiler with project's scala-library version: 3.8.4[0m
2026.08.02 05:00:03 INFO  no build target found for /Users/nilayshrivastava/Documents/programming_language/scala/learning_scala/fp_in_scala/inorder.scala. Using presentation compiler with project's scala-library version: 3.8.4[0m
2026.08.02 05:00:03 INFO  no build target found for /Users/nilayshrivastava/Documents/programming_language/scala/learning_scala/fp_in_scala/inorder.scala. Using presentation compiler with project's scala-library version: 3.8.4[0m
2026.08.02 05:00:03 INFO  no build target found for /Users/nilayshrivastava/Documents/programming_language/scala/learning_scala/fp_in_scala/inorder.scala. Using presentation compiler with project's scala-library version: 3.8.4[0m
2026.08.02 05:00:03 INFO  no build target found for /Users/nilayshrivastava/Documents/programming_language/scala/learning_scala/fp_in_scala/inorder.scala. Using presentation compiler with project's scala-library version: 3.8.4[0m
2026.08.02 05:00:03 INFO  no build target found for /Users/nilayshrivastava/Documents/programming_language/scala/learning_scala/fp_in_scala/inorder.scala. Using presentation compiler with project's scala-library version: 3.8.4[0m
2026.08.02 05:00:03 INFO  no build target found for /Users/nilayshrivastava/Documents/programming_language/scala/learning_scala/fp_in_scala/inorder.scala. Using presentation compiler with project's scala-library version: 3.8.4[0m
2026.08.02 05:00:03 INFO  no build target found for /Users/nilayshrivastava/Documents/programming_language/scala/learning_scala/fp_in_scala/inorder.scala. Using presentation compiler with project's scala-library version: 3.8.4[0m
2026.08.02 05:00:03 INFO  no build target found for /Users/nilayshrivastava/Documents/programming_language/scala/learning_scala/fp_in_scala/inorder.scala. Using presentation compiler with project's scala-library version: 3.8.4[0m
2026.08.02 05:00:03 INFO  no build target found for /Users/nilayshrivastava/Documents/programming_language/scala/learning_scala/fp_in_scala/inorder.scala. Using presentation compiler with project's scala-library version: 3.8.4[0m
2026.08.02 05:00:03 INFO  no build target found for /Users/nilayshrivastava/Documents/programming_language/scala/learning_scala/fp_in_scala/inorder.scala. Using presentation compiler with project's scala-library version: 3.8.4[0m
2026.08.02 05:00:03 INFO  no build target found for /Users/nilayshrivastava/Documents/programming_language/scala/learning_scala/fp_in_scala/inorder.scala. Using presentation compiler with project's scala-library version: 3.8.4[0m
2026.08.02 05:00:03 INFO  no build target found for /Users/nilayshrivastava/Documents/programming_language/scala/learning_scala/fp_in_scala/inorder.scala. Using presentation compiler with project's scala-library version: 3.8.4[0m
2026.08.02 05:00:04 INFO  no build target found for /Users/nilayshrivastava/Documents/programming_language/scala/learning_scala/fp_in_scala/inorder.scala. Using presentation compiler with project's scala-library version: 3.8.4[0m
2026.08.02 05:00:04 INFO  no build target found for /Users/nilayshrivastava/Documents/programming_language/scala/learning_scala/fp_in_scala/inorder.scala. Using presentation compiler with project's scala-library version: 3.8.4[0m
2026.08.02 05:00:04 INFO  no build target found for /Users/nilayshrivastava/Documents/programming_language/scala/learning_scala/fp_in_scala/inorder.scala. Using presentation compiler with project's scala-library version: 3.8.4[0m
2026.08.02 05:00:04 INFO  no build target found for /Users/nilayshrivastava/Documents/programming_language/scala/learning_scala/fp_in_scala/inorder.scala. Using presentation compiler with project's scala-library version: 3.8.4[0m
2026.08.02 05:00:04 INFO  no build target found for /Users/nilayshrivastava/Documents/programming_language/scala/learning_scala/fp_in_scala/inorder.scala. Using presentation compiler with project's scala-library version: 3.8.4[0m
2026.08.02 05:00:04 INFO  no build target found for /Users/nilayshrivastava/Documents/programming_language/scala/learning_scala/fp_in_scala/inorder.scala. Using presentation compiler with project's scala-library version: 3.8.4[0m
2026.08.02 05:00:04 INFO  no build target found for /Users/nilayshrivastava/Documents/programming_language/scala/learning_scala/fp_in_scala/inorder.scala. Using presentation compiler with project's scala-library version: 3.8.4[0m
2026.08.02 05:00:04 INFO  no build target found for /Users/nilayshrivastava/Documents/programming_language/scala/learning_scala/fp_in_scala/inorder.scala. Using presentation compiler with project's scala-library version: 3.8.4[0m
2026.08.02 05:00:04 INFO  no build target found for /Users/nilayshrivastava/Documents/programming_language/scala/learning_scala/fp_in_scala/inorder.scala. Using presentation compiler with project's scala-library version: 3.8.4[0m
2026.08.02 05:00:04 INFO  no build target found for /Users/nilayshrivastava/Documents/programming_language/scala/learning_scala/fp_in_scala/inorder.scala. Using presentation compiler with project's scala-library version: 3.8.4[0m
2026.08.02 05:00:04 INFO  no build target found for /Users/nilayshrivastava/Documents/programming_language/scala/learning_scala/fp_in_scala/inorder.scala. Using presentation compiler with project's scala-library version: 3.8.4[0m
2026.08.02 05:00:04 INFO  no build target found for /Users/nilayshrivastava/Documents/programming_language/scala/learning_scala/fp_in_scala/inorder.scala. Using presentation compiler with project's scala-library version: 3.8.4[0m
2026.08.02 05:00:05 INFO  no build target found for /Users/nilayshrivastava/Documents/programming_language/scala/learning_scala/fp_in_scala/inorder.scala. Using presentation compiler with project's scala-library version: 3.8.4[0m
2026.08.02 05:00:05 INFO  no build target found for /Users/nilayshrivastava/Documents/programming_language/scala/learning_scala/fp_in_scala/inorder.scala. Using presentation compiler with project's scala-library version: 3.8.4[0m
2026.08.02 05:00:05 INFO  no build target found for /Users/nilayshrivastava/Documents/programming_language/scala/learning_scala/fp_in_scala/inorder.scala. Using presentation compiler with project's scala-library version: 3.8.4[0m
2026.08.02 05:00:05 INFO  no build target found for /Users/nilayshrivastava/Documents/programming_language/scala/learning_scala/fp_in_scala/inorder.scala. Using presentation compiler with project's scala-library version: 3.8.4[0m
2026.08.02 05:00:05 INFO  no build target found for /Users/nilayshrivastava/Documents/programming_language/scala/learning_scala/fp_in_scala/inorder.scala. Using presentation compiler with project's scala-library version: 3.8.4[0m
2026.08.02 05:00:05 INFO  no build target found for /Users/nilayshrivastava/Documents/programming_language/scala/learning_scala/fp_in_scala/inorder.scala. Using presentation compiler with project's scala-library version: 3.8.4[0m
2026.08.02 05:00:05 INFO  no build target found for /Users/nilayshrivastava/Documents/programming_language/scala/learning_scala/fp_in_scala/inorder.scala. Using presentation compiler with project's scala-library version: 3.8.4[0m
2026.08.02 05:00:05 INFO  no build target found for /Users/nilayshrivastava/Documents/programming_language/scala/learning_scala/fp_in_scala/inorder.scala. Using presentation compiler with project's scala-library version: 3.8.4[0m
2026.08.02 05:00:06 INFO  no build target found for /Users/nilayshrivastava/Documents/programming_language/scala/learning_scala/fp_in_scala/inorder.scala. Using presentation compiler with project's scala-library version: 3.8.4[0m
2026.08.02 05:00:06 INFO  no build target found for /Users/nilayshrivastava/Documents/programming_language/scala/learning_scala/fp_in_scala/inorder.scala. Using presentation compiler with project's scala-library version: 3.8.4[0m
2026.08.02 05:00:06 INFO  no build target found for /Users/nilayshrivastava/Documents/programming_language/scala/learning_scala/fp_in_scala/inorder.scala. Using presentation compiler with project's scala-library version: 3.8.4[0m
2026.08.02 05:00:06 INFO  no build target found for /Users/nilayshrivastava/Documents/programming_language/scala/learning_scala/fp_in_scala/inorder.scala. Using presentation compiler with project's scala-library version: 3.8.4[0m
2026.08.02 05:00:06 INFO  no build target found for /Users/nilayshrivastava/Documents/programming_language/scala/learning_scala/fp_in_scala/inorder.scala. Using presentation compiler with project's scala-library version: 3.8.4[0m
2026.08.02 05:00:07 INFO  no build target found for /Users/nilayshrivastava/Documents/programming_language/scala/learning_scala/fp_in_scala/inorder.scala. Using presentation compiler with project's scala-library version: 3.8.4[0m
2026.08.02 05:00:07 INFO  no build target found for /Users/nilayshrivastava/Documents/programming_language/scala/learning_scala/fp_in_scala/inorder.scala. Using presentation compiler with project's scala-library version: 3.8.4[0m
2026.08.02 05:00:07 INFO  no build target found for /Users/nilayshrivastava/Documents/programming_language/scala/learning_scala/fp_in_scala/inorder.scala. Using presentation compiler with project's scala-library version: 3.8.4[0m
2026.08.02 05:00:07 INFO  no build target found for /Users/nilayshrivastava/Documents/programming_language/scala/learning_scala/fp_in_scala/inorder.scala. Using presentation compiler with project's scala-library version: 3.8.4[0m
2026.08.02 05:00:07 INFO  no build target found for /Users/nilayshrivastava/Documents/programming_language/scala/learning_scala/fp_in_scala/inorder.scala. Using presentation compiler with project's scala-library version: 3.8.4[0m
2026.08.02 05:00:07 INFO  no build target found for /Users/nilayshrivastava/Documents/programming_language/scala/learning_scala/fp_in_scala/inorder.scala. Using presentation compiler with project's scala-library version: 3.8.4[0m
2026.08.02 05:00:07 INFO  no build target found for /Users/nilayshrivastava/Documents/programming_language/scala/learning_scala/fp_in_scala/inorder.scala. Using presentation compiler with project's scala-library version: 3.8.4[0m
2026.08.02 05:00:07 INFO  no build target found for /Users/nilayshrivastava/Documents/programming_language/scala/learning_scala/fp_in_scala/inorder.scala. Using presentation compiler with project's scala-library version: 3.8.4[0m
2026.08.02 05:00:14 INFO  no build target found for /Users/nilayshrivastava/Documents/programming_language/scala/learning_scala/fp_in_scala/inorder.scala. Using presentation compiler with project's scala-library version: 3.8.4[0m
2026.08.02 05:00:14 INFO  no build target found for /Users/nilayshrivastava/Documents/programming_language/scala/learning_scala/fp_in_scala/inorder.scala. Using presentation compiler with project's scala-library version: 3.8.4[0m
2026.08.02 05:00:15 INFO  no build target found for /Users/nilayshrivastava/Documents/programming_language/scala/learning_scala/fp_in_scala/inorder.scala. Using presentation compiler with project's scala-library version: 3.8.4[0m
2026.08.02 05:00:15 INFO  no build target found for /Users/nilayshrivastava/Documents/programming_language/scala/learning_scala/fp_in_scala/inorder.scala. Using presentation compiler with project's scala-library version: 3.8.4[0m
2026.08.02 05:00:15 INFO  no build target found for /Users/nilayshrivastava/Documents/programming_language/scala/learning_scala/fp_in_scala/inorder.scala. Using presentation compiler with project's scala-library version: 3.8.4[0m
2026.08.02 05:00:15 INFO  no build target found for /Users/nilayshrivastava/Documents/programming_language/scala/learning_scala/fp_in_scala/inorder.scala. Using presentation compiler with project's scala-library version: 3.8.4[0m
2026.08.02 05:00:15 INFO  no build target found for /Users/nilayshrivastava/Documents/programming_language/scala/learning_scala/fp_in_scala/inorder.scala. Using presentation compiler with project's scala-library version: 3.8.4[0m
2026.08.02 05:00:15 INFO  no build target found for /Users/nilayshrivastava/Documents/programming_language/scala/learning_scala/fp_in_scala/inorder.scala. Using presentation compiler with project's scala-library version: 3.8.4[0m
2026.08.02 05:00:15 INFO  no build target found for /Users/nilayshrivastava/Documents/programming_language/scala/learning_scala/fp_in_scala/inorder.scala. Using presentation compiler with project's scala-library version: 3.8.4[0m
2026.08.02 05:00:17 INFO  no build target found for /Users/nilayshrivastava/Documents/programming_language/scala/learning_scala/fp_in_scala/inorder.scala. Using presentation compiler with project's scala-library version: 3.8.4[0m
2026.08.02 05:00:17 INFO  no build target found for /Users/nilayshrivastava/Documents/programming_language/scala/learning_scala/fp_in_scala/inorder.scala. Using presentation compiler with project's scala-library version: 3.8.4[0m
2026.08.02 05:00:17 INFO  no build target found for /Users/nilayshrivastava/Documents/programming_language/scala/learning_scala/fp_in_scala/inorder.scala. Using presentation compiler with project's scala-library version: 3.8.4[0m
2026.08.02 05:00:17 INFO  no build target found for /Users/nilayshrivastava/Documents/programming_language/scala/learning_scala/fp_in_scala/inorder.scala. Using presentation compiler with project's scala-library version: 3.8.4[0m
2026.08.02 05:00:17 INFO  no build target found for /Users/nilayshrivastava/Documents/programming_language/scala/learning_scala/fp_in_scala/inorder.scala. Using presentation compiler with project's scala-library version: 3.8.4[0m
2026.08.02 05:00:17 INFO  no build target found for /Users/nilayshrivastava/Documents/programming_language/scala/learning_scala/fp_in_scala/inorder.scala. Using presentation compiler with project's scala-library version: 3.8.4[0m
2026.08.02 05:00:17 INFO  no build target found for /Users/nilayshrivastava/Documents/programming_language/scala/learning_scala/fp_in_scala/inorder.scala. Using presentation compiler with project's scala-library version: 3.8.4[0m
2026.08.02 05:00:19 INFO  no build target found for /Users/nilayshrivastava/Documents/programming_language/scala/learning_scala/fp_in_scala/inorder.scala. Using presentation compiler with project's scala-library version: 3.8.4[0m
2026.08.02 05:00:19 INFO  no build target found for /Users/nilayshrivastava/Documents/programming_language/scala/learning_scala/fp_in_scala/inorder.scala. Using presentation compiler with project's scala-library version: 3.8.4[0m
2026.08.02 05:00:19 INFO  no build target found for /Users/nilayshrivastava/Documents/programming_language/scala/learning_scala/fp_in_scala/inorder.scala. Using presentation compiler with project's scala-library version: 3.8.4[0m
2026.08.02 05:00:19 INFO  no build target found for /Users/nilayshrivastava/Documents/programming_language/scala/learning_scala/fp_in_scala/inorder.scala. Using presentation compiler with project's scala-library version: 3.8.4[0m
2026.08.02 05:00:19 INFO  no build target found for /Users/nilayshrivastava/Documents/programming_language/scala/learning_scala/fp_in_scala/inorder.scala. Using presentation compiler with project's scala-library version: 3.8.4[0m
2026.08.02 05:00:19 INFO  no build target found for /Users/nilayshrivastava/Documents/programming_language/scala/learning_scala/fp_in_scala/inorder.scala. Using presentation compiler with project's scala-library version: 3.8.4[0m
2026.08.02 05:00:21 INFO  no build target found for /Users/nilayshrivastava/Documents/programming_language/scala/learning_scala/fp_in_scala/inorder.scala. Using presentation compiler with project's scala-library version: 3.8.4[0m
2026.08.02 05:00:21 INFO  no build target found for /Users/nilayshrivastava/Documents/programming_language/scala/learning_scala/fp_in_scala/inorder.scala. Using presentation compiler with project's scala-library version: 3.8.4[0m
2026.08.02 05:00:21 INFO  no build target found for /Users/nilayshrivastava/Documents/programming_language/scala/learning_scala/fp_in_scala/inorder.scala. Using presentation compiler with project's scala-library version: 3.8.4[0m
2026.08.02 05:00:21 INFO  no build target found for /Users/nilayshrivastava/Documents/programming_language/scala/learning_scala/fp_in_scala/inorder.scala. Using presentation compiler with project's scala-library version: 3.8.4[0m
2026.08.02 05:00:22 INFO  no build target found for /Users/nilayshrivastava/Documents/programming_language/scala/learning_scala/fp_in_scala/inorder.scala. Using presentation compiler with project's scala-library version: 3.8.4[0m
2026.08.02 05:00:22 INFO  no build target found for /Users/nilayshrivastava/Documents/programming_language/scala/learning_scala/fp_in_scala/inorder.scala. Using presentation compiler with project's scala-library version: 3.8.4[0m
2026.08.02 05:00:48 INFO  no build target found for /Users/nilayshrivastava/Documents/programming_language/scala/learning_scala/fp_in_scala/inorder.scala. Using presentation compiler with project's scala-library version: 3.8.4[0m
2026.08.02 05:00:48 INFO  no build target found for /Users/nilayshrivastava/Documents/programming_language/scala/learning_scala/fp_in_scala/inorder.scala. Using presentation compiler with project's scala-library version: 3.8.4[0m
2026.08.02 05:00:48 INFO  no build target found for /Users/nilayshrivastava/Documents/programming_language/scala/learning_scala/fp_in_scala/inorder.scala. Using presentation compiler with project's scala-library version: 3.8.4[0m
2026.08.02 05:00:48 INFO  no build target found for /Users/nilayshrivastava/Documents/programming_language/scala/learning_scala/fp_in_scala/inorder.scala. Using presentation compiler with project's scala-library version: 3.8.4[0m
2026.08.02 05:00:48 INFO  no build target found for /Users/nilayshrivastava/Documents/programming_language/scala/learning_scala/fp_in_scala/inorder.scala. Using presentation compiler with project's scala-library version: 3.8.4[0m
2026.08.02 05:00:48 INFO  no build target found for /Users/nilayshrivastava/Documents/programming_language/scala/learning_scala/fp_in_scala/inorder.scala. Using presentation compiler with project's scala-library version: 3.8.4[0m
2026.08.02 05:00:49 INFO  no build target found for /Users/nilayshrivastava/Documents/programming_language/scala/learning_scala/fp_in_scala/inorder.scala. Using presentation compiler with project's scala-library version: 3.8.4[0m
2026.08.02 05:00:49 INFO  no build target found for /Users/nilayshrivastava/Documents/programming_language/scala/learning_scala/fp_in_scala/inorder.scala. Using presentation compiler with project's scala-library version: 3.8.4[0m
2026.08.02 05:00:49 INFO  no build target found for /Users/nilayshrivastava/Documents/programming_language/scala/learning_scala/fp_in_scala/inorder.scala. Using presentation compiler with project's scala-library version: 3.8.4[0m
2026.08.02 05:00:49 INFO  no build target found for /Users/nilayshrivastava/Documents/programming_language/scala/learning_scala/fp_in_scala/inorder.scala. Using presentation compiler with project's scala-library version: 3.8.4[0m
2026.08.02 05:00:49 INFO  no build target found for /Users/nilayshrivastava/Documents/programming_language/scala/learning_scala/fp_in_scala/inorder.scala. Using presentation compiler with project's scala-library version: 3.8.4[0m
2026.08.02 05:00:49 INFO  no build target found for /Users/nilayshrivastava/Documents/programming_language/scala/learning_scala/fp_in_scala/inorder.scala. Using presentation compiler with project's scala-library version: 3.8.4[0m
2026.08.02 05:00:51 INFO  no build target found for /Users/nilayshrivastava/Documents/programming_language/scala/learning_scala/fp_in_scala/inorder.scala. Using presentation compiler with project's scala-library version: 3.8.4[0m
2026.08.02 05:00:51 INFO  no build target found for /Users/nilayshrivastava/Documents/programming_language/scala/learning_scala/fp_in_scala/inorder.scala. Using presentation compiler with project's scala-library version: 3.8.4[0m
2026.08.02 05:00:51 INFO  no build target found for /Users/nilayshrivastava/Documents/programming_language/scala/learning_scala/fp_in_scala/inorder.scala. Using presentation compiler with project's scala-library version: 3.8.4[0m
2026.08.02 05:00:54 INFO  no build target found for /Users/nilayshrivastava/Documents/programming_language/scala/learning_scala/fp_in_scala/inorder.scala. Using presentation compiler with project's scala-library version: 3.8.4[0m
2026.08.02 05:00:54 INFO  no build target found for /Users/nilayshrivastava/Documents/programming_language/scala/learning_scala/fp_in_scala/inorder.scala. Using presentation compiler with project's scala-library version: 3.8.4[0m
2026.08.02 05:00:54 INFO  no build target found for /Users/nilayshrivastava/Documents/programming_language/scala/learning_scala/fp_in_scala/inorder.scala. Using presentation compiler with project's scala-library version: 3.8.4[0m
2026.08.02 05:00:54 INFO  no build target found for /Users/nilayshrivastava/Documents/programming_language/scala/learning_scala/fp_in_scala/inorder.scala. Using presentation compiler with project's scala-library version: 3.8.4[0m
2026.08.02 05:00:54 INFO  no build target found for /Users/nilayshrivastava/Documents/programming_language/scala/learning_scala/fp_in_scala/inorder.scala. Using presentation compiler with project's scala-library version: 3.8.4[0m
2026.08.02 05:00:54 INFO  no build target found for /Users/nilayshrivastava/Documents/programming_language/scala/learning_scala/fp_in_scala/inorder.scala. Using presentation compiler with project's scala-library version: 3.8.4[0m
2026.08.02 05:00:55 INFO  no build target found for /Users/nilayshrivastava/Documents/programming_language/scala/learning_scala/fp_in_scala/inorder.scala. Using presentation compiler with project's scala-library version: 3.8.4[0m
2026.08.02 05:00:55 INFO  no build target found for /Users/nilayshrivastava/Documents/programming_language/scala/learning_scala/fp_in_scala/inorder.scala. Using presentation compiler with project's scala-library version: 3.8.4[0m
2026.08.02 05:01:06 INFO  no build target found for /Users/nilayshrivastava/Documents/programming_language/scala/learning_scala/fp_in_scala/inorder.scala. Using presentation compiler with project's scala-library version: 3.8.4[0m
2026.08.02 05:01:06 INFO  no build target found for /Users/nilayshrivastava/Documents/programming_language/scala/learning_scala/fp_in_scala/inorder.scala. Using presentation compiler with project's scala-library version: 3.8.4[0m
2026.08.02 05:01:06 INFO  no build target found for /Users/nilayshrivastava/Documents/programming_language/scala/learning_scala/fp_in_scala/inorder.scala. Using presentation compiler with project's scala-library version: 3.8.4[0m
2026.08.02 05:01:06 INFO  no build target found for /Users/nilayshrivastava/Documents/programming_language/scala/learning_scala/fp_in_scala/inorder.scala. Using presentation compiler with project's scala-library version: 3.8.4[0m
2026.08.02 05:01:06 INFO  no build target found for /Users/nilayshrivastava/Documents/programming_language/scala/learning_scala/fp_in_scala/inorder.scala. Using presentation compiler with project's scala-library version: 3.8.4[0m
2026.08.02 05:01:07 INFO  no build target found for /Users/nilayshrivastava/Documents/programming_language/scala/learning_scala/fp_in_scala/inorder.scala. Using presentation compiler with project's scala-library version: 3.8.4[0m
2026.08.02 05:01:07 INFO  no build target found for /Users/nilayshrivastava/Documents/programming_language/scala/learning_scala/fp_in_scala/inorder.scala. Using presentation compiler with project's scala-library version: 3.8.4[0m
2026.08.02 05:01:07 INFO  no build target found for /Users/nilayshrivastava/Documents/programming_language/scala/learning_scala/fp_in_scala/inorder.scala. Using presentation compiler with project's scala-library version: 3.8.4[0m
2026.08.02 05:01:07 INFO  no build target found for /Users/nilayshrivastava/Documents/programming_language/scala/learning_scala/fp_in_scala/inorder.scala. Using presentation compiler with project's scala-library version: 3.8.4[0m
2026.08.02 05:01:07 INFO  no build target found for /Users/nilayshrivastava/Documents/programming_language/scala/learning_scala/fp_in_scala/inorder.scala. Using presentation compiler with project's scala-library version: 3.8.4[0m
2026.08.02 05:01:07 INFO  no build target found for /Users/nilayshrivastava/Documents/programming_language/scala/learning_scala/fp_in_scala/inorder.scala. Using presentation compiler with project's scala-library version: 3.8.4[0m
2026.08.02 05:01:07 INFO  no build target found for /Users/nilayshrivastava/Documents/programming_language/scala/learning_scala/fp_in_scala/inorder.scala. Using presentation compiler with project's scala-library version: 3.8.4[0m
2026.08.02 05:01:08 INFO  no build target found for /Users/nilayshrivastava/Documents/programming_language/scala/learning_scala/fp_in_scala/inorder.scala. Using presentation compiler with project's scala-library version: 3.8.4[0m
2026.08.02 05:01:08 INFO  no build target found for /Users/nilayshrivastava/Documents/programming_language/scala/learning_scala/fp_in_scala/inorder.scala. Using presentation compiler with project's scala-library version: 3.8.4[0m
2026.08.02 05:01:08 INFO  no build target found for /Users/nilayshrivastava/Documents/programming_language/scala/learning_scala/fp_in_scala/inorder.scala. Using presentation compiler with project's scala-library version: 3.8.4[0m
2026.08.02 05:01:08 INFO  no build target found for /Users/nilayshrivastava/Documents/programming_language/scala/learning_scala/fp_in_scala/inorder.scala. Using presentation compiler with project's scala-library version: 3.8.4[0m
2026.08.02 05:01:08 INFO  no build target found for /Users/nilayshrivastava/Documents/programming_language/scala/learning_scala/fp_in_scala/inorder.scala. Using presentation compiler with project's scala-library version: 3.8.4[0m
2026.08.02 05:01:08 INFO  no build target found for /Users/nilayshrivastava/Documents/programming_language/scala/learning_scala/fp_in_scala/inorder.scala. Using presentation compiler with project's scala-library version: 3.8.4[0m
2026.08.02 05:01:08 INFO  no build target found for /Users/nilayshrivastava/Documents/programming_language/scala/learning_scala/fp_in_scala/inorder.scala. Using presentation compiler with project's scala-library version: 3.8.4[0m
2026.08.02 05:01:09 INFO  no build target found for /Users/nilayshrivastava/Documents/programming_language/scala/learning_scala/fp_in_scala/inorder.scala. Using presentation compiler with project's scala-library version: 3.8.4[0m
2026.08.02 05:01:09 INFO  no build target found for /Users/nilayshrivastava/Documents/programming_language/scala/learning_scala/fp_in_scala/inorder.scala. Using presentation compiler with project's scala-library version: 3.8.4[0m
2026.08.02 05:01:09 INFO  no build target found for /Users/nilayshrivastava/Documents/programming_language/scala/learning_scala/fp_in_scala/inorder.scala. Using presentation compiler with project's scala-library version: 3.8.4[0m
2026.08.02 05:01:09 INFO  no build target found for /Users/nilayshrivastava/Documents/programming_language/scala/learning_scala/fp_in_scala/inorder.scala. Using presentation compiler with project's scala-library version: 3.8.4[0m
2026.08.02 05:01:09 INFO  no build target found for /Users/nilayshrivastava/Documents/programming_language/scala/learning_scala/fp_in_scala/inorder.scala. Using presentation compiler with project's scala-library version: 3.8.4[0m
2026.08.02 05:01:09 INFO  no build target found for /Users/nilayshrivastava/Documents/programming_language/scala/learning_scala/fp_in_scala/inorder.scala. Using presentation compiler with project's scala-library version: 3.8.4[0m
2026.08.02 05:01:09 INFO  no build target found for /Users/nilayshrivastava/Documents/programming_language/scala/learning_scala/fp_in_scala/inorder.scala. Using presentation compiler with project's scala-library version: 3.8.4[0m
2026.08.02 05:01:09 INFO  no build target found for /Users/nilayshrivastava/Documents/programming_language/scala/learning_scala/fp_in_scala/inorder.scala. Using presentation compiler with project's scala-library version: 3.8.4[0m
2026.08.02 05:01:10 INFO  no build target found for /Users/nilayshrivastava/Documents/programming_language/scala/learning_scala/fp_in_scala/inorder.scala. Using presentation compiler with project's scala-library version: 3.8.4[0m
2026.08.02 05:01:10 INFO  no build target found for /Users/nilayshrivastava/Documents/programming_language/scala/learning_scala/fp_in_scala/inorder.scala. Using presentation compiler with project's scala-library version: 3.8.4[0m
2026.08.02 05:01:10 INFO  no build target found for /Users/nilayshrivastava/Documents/programming_language/scala/learning_scala/fp_in_scala/inorder.scala. Using presentation compiler with project's scala-library version: 3.8.4[0m
2026.08.02 05:01:10 INFO  no build target found for /Users/nilayshrivastava/Documents/programming_language/scala/learning_scala/fp_in_scala/inorder.scala. Using presentation compiler with project's scala-library version: 3.8.4[0m
2026.08.02 05:01:10 INFO  no build target found for /Users/nilayshrivastava/Documents/programming_language/scala/learning_scala/fp_in_scala/inorder.scala. Using presentation compiler with project's scala-library version: 3.8.4[0m
2026.08.02 05:01:13 INFO  no build target found for /Users/nilayshrivastava/Documents/programming_language/scala/learning_scala/fp_in_scala/inorder.scala. Using presentation compiler with project's scala-library version: 3.8.4[0m
2026.08.02 05:01:13 INFO  no build target found for /Users/nilayshrivastava/Documents/programming_language/scala/learning_scala/fp_in_scala/inorder.scala. Using presentation compiler with project's scala-library version: 3.8.4[0m
2026.08.02 05:01:13 INFO  no build target found for /Users/nilayshrivastava/Documents/programming_language/scala/learning_scala/fp_in_scala/inorder.scala. Using presentation compiler with project's scala-library version: 3.8.4[0m
2026.08.02 05:01:13 INFO  no build target found for /Users/nilayshrivastava/Documents/programming_language/scala/learning_scala/fp_in_scala/inorder.scala. Using presentation compiler with project's scala-library version: 3.8.4[0m
2026.08.02 05:01:13 INFO  no build target found for /Users/nilayshrivastava/Documents/programming_language/scala/learning_scala/fp_in_scala/inorder.scala. Using presentation compiler with project's scala-library version: 3.8.4[0m
2026.08.02 05:01:13 INFO  no build target found for /Users/nilayshrivastava/Documents/programming_language/scala/learning_scala/fp_in_scala/inorder.scala. Using presentation compiler with project's scala-library version: 3.8.4[0m
2026.08.02 05:01:13 INFO  no build target found for /Users/nilayshrivastava/Documents/programming_language/scala/learning_scala/fp_in_scala/inorder.scala. Using presentation compiler with project's scala-library version: 3.8.4[0m
2026.08.02 05:01:14 INFO  no build target found for /Users/nilayshrivastava/Documents/programming_language/scala/learning_scala/fp_in_scala/inorder.scala. Using presentation compiler with project's scala-library version: 3.8.4[0m
2026.08.02 05:01:14 INFO  no build target found for /Users/nilayshrivastava/Documents/programming_language/scala/learning_scala/fp_in_scala/inorder.scala. Using presentation compiler with project's scala-library version: 3.8.4[0m
2026.08.02 05:01:14 INFO  no build target found for /Users/nilayshrivastava/Documents/programming_language/scala/learning_scala/fp_in_scala/inorder.scala. Using presentation compiler with project's scala-library version: 3.8.4[0m
2026.08.02 05:01:14 INFO  no build target found for /Users/nilayshrivastava/Documents/programming_language/scala/learning_scala/fp_in_scala/inorder.scala. Using presentation compiler with project's scala-library version: 3.8.4[0m
2026.08.02 05:01:14 INFO  no build target found for /Users/nilayshrivastava/Documents/programming_language/scala/learning_scala/fp_in_scala/inorder.scala. Using presentation compiler with project's scala-library version: 3.8.4[0m
2026.08.02 05:01:14 INFO  no build target found for /Users/nilayshrivastava/Documents/programming_language/scala/learning_scala/fp_in_scala/inorder.scala. Using presentation compiler with project's scala-library version: 3.8.4[0m
2026.08.02 05:01:14 INFO  no build target found for /Users/nilayshrivastava/Documents/programming_language/scala/learning_scala/fp_in_scala/inorder.scala. Using presentation compiler with project's scala-library version: 3.8.4[0m
2026.08.02 05:01:15 INFO  no build target found for /Users/nilayshrivastava/Documents/programming_language/scala/learning_scala/fp_in_scala/inorder.scala. Using presentation compiler with project's scala-library version: 3.8.4[0m
2026.08.02 05:01:15 INFO  no build target found for /Users/nilayshrivastava/Documents/programming_language/scala/learning_scala/fp_in_scala/inorder.scala. Using presentation compiler with project's scala-library version: 3.8.4[0m
2026.08.02 05:01:15 INFO  no build target found for /Users/nilayshrivastava/Documents/programming_language/scala/learning_scala/fp_in_scala/inorder.scala. Using presentation compiler with project's scala-library version: 3.8.4[0m
2026.08.02 05:01:15 INFO  no build target found for /Users/nilayshrivastava/Documents/programming_language/scala/learning_scala/fp_in_scala/inorder.scala. Using presentation compiler with project's scala-library version: 3.8.4[0m
2026.08.02 05:01:15 INFO  no build target found for /Users/nilayshrivastava/Documents/programming_language/scala/learning_scala/fp_in_scala/inorder.scala. Using presentation compiler with project's scala-library version: 3.8.4[0m
2026.08.02 05:01:15 INFO  no build target found for /Users/nilayshrivastava/Documents/programming_language/scala/learning_scala/fp_in_scala/inorder.scala. Using presentation compiler with project's scala-library version: 3.8.4[0m
2026.08.02 05:01:15 INFO  no build target found for /Users/nilayshrivastava/Documents/programming_language/scala/learning_scala/fp_in_scala/inorder.scala. Using presentation compiler with project's scala-library version: 3.8.4[0m
2026.08.02 05:01:15 INFO  no build target found for /Users/nilayshrivastava/Documents/programming_language/scala/learning_scala/fp_in_scala/inorder.scala. Using presentation compiler with project's scala-library version: 3.8.4[0m
2026.08.02 05:01:15 INFO  no build target found for /Users/nilayshrivastava/Documents/programming_language/scala/learning_scala/fp_in_scala/inorder.scala. Using presentation compiler with project's scala-library version: 3.8.4[0m
2026.08.02 05:01:15 INFO  no build target found for /Users/nilayshrivastava/Documents/programming_language/scala/learning_scala/fp_in_scala/inorder.scala. Using presentation compiler with project's scala-library version: 3.8.4[0m
2026.08.02 05:01:17 INFO  no build target found for /Users/nilayshrivastava/Documents/programming_language/scala/learning_scala/fp_in_scala/inorder.scala. Using presentation compiler with project's scala-library version: 3.8.4[0m
2026.08.02 05:01:17 INFO  no build target found for /Users/nilayshrivastava/Documents/programming_language/scala/learning_scala/fp_in_scala/inorder.scala. Using presentation compiler with project's scala-library version: 3.8.4[0m
2026.08.02 05:01:17 INFO  no build target found for /Users/nilayshrivastava/Documents/programming_language/scala/learning_scala/fp_in_scala/inorder.scala. Using presentation compiler with project's scala-library version: 3.8.4[0m
2026.08.02 05:01:17 INFO  no build target found for /Users/nilayshrivastava/Documents/programming_language/scala/learning_scala/fp_in_scala/inorder.scala. Using presentation compiler with project's scala-library version: 3.8.4[0m
2026.08.02 05:01:17 INFO  no build target found for /Users/nilayshrivastava/Documents/programming_language/scala/learning_scala/fp_in_scala/inorder.scala. Using presentation compiler with project's scala-library version: 3.8.4[0m
2026.08.02 05:01:17 INFO  no build target found for /Users/nilayshrivastava/Documents/programming_language/scala/learning_scala/fp_in_scala/inorder.scala. Using presentation compiler with project's scala-library version: 3.8.4[0m
2026.08.02 05:01:17 INFO  no build target found for /Users/nilayshrivastava/Documents/programming_language/scala/learning_scala/fp_in_scala/inorder.scala. Using presentation compiler with project's scala-library version: 3.8.4[0m
2026.08.02 05:01:23 INFO  no build target found for /Users/nilayshrivastava/Documents/programming_language/scala/learning_scala/fp_in_scala/inorder.scala. Using presentation compiler with project's scala-library version: 3.8.4[0m
2026.08.02 05:01:23 INFO  no build target found for /Users/nilayshrivastava/Documents/programming_language/scala/learning_scala/fp_in_scala/inorder.scala. Using presentation compiler with project's scala-library version: 3.8.4[0m
2026.08.02 05:01:23 INFO  no build target found for /Users/nilayshrivastava/Documents/programming_language/scala/learning_scala/fp_in_scala/inorder.scala. Using presentation compiler with project's scala-library version: 3.8.4[0m
2026.08.02 05:01:30 INFO  no build target found for /Users/nilayshrivastava/Documents/programming_language/scala/learning_scala/fp_in_scala/inorder.scala. Using presentation compiler with project's scala-library version: 3.8.4[0m
2026.08.02 05:01:30 INFO  no build target found for /Users/nilayshrivastava/Documents/programming_language/scala/learning_scala/fp_in_scala/inorder.scala. Using presentation compiler with project's scala-library version: 3.8.4[0m
2026.08.02 05:01:30 INFO  no build target found for /Users/nilayshrivastava/Documents/programming_language/scala/learning_scala/fp_in_scala/inorder.scala. Using presentation compiler with project's scala-library version: 3.8.4[0m
2026.08.02 05:01:30 INFO  no build target found for /Users/nilayshrivastava/Documents/programming_language/scala/learning_scala/fp_in_scala/inorder.scala. Using presentation compiler with project's scala-library version: 3.8.4[0m
2026.08.02 05:01:30 INFO  no build target found for /Users/nilayshrivastava/Documents/programming_language/scala/learning_scala/fp_in_scala/inorder.scala. Using presentation compiler with project's scala-library version: 3.8.4[0m
2026.08.02 05:01:30 INFO  no build target found for /Users/nilayshrivastava/Documents/programming_language/scala/learning_scala/fp_in_scala/inorder.scala. Using presentation compiler with project's scala-library version: 3.8.4[0m
2026.08.02 05:01:31 INFO  no build target found for /Users/nilayshrivastava/Documents/programming_language/scala/learning_scala/fp_in_scala/inorder.scala. Using presentation compiler with project's scala-library version: 3.8.4[0m
2026.08.02 05:01:31 INFO  no build target found for /Users/nilayshrivastava/Documents/programming_language/scala/learning_scala/fp_in_scala/inorder.scala. Using presentation compiler with project's scala-library version: 3.8.4[0m
2026.08.02 05:01:31 INFO  no build target found for /Users/nilayshrivastava/Documents/programming_language/scala/learning_scala/fp_in_scala/inorder.scala. Using presentation compiler with project's scala-library version: 3.8.4[0m
2026.08.02 05:01:31 INFO  no build target found for /Users/nilayshrivastava/Documents/programming_language/scala/learning_scala/fp_in_scala/inorder.scala. Using presentation compiler with project's scala-library version: 3.8.4[0m
2026.08.02 05:01:31 INFO  no build target found for /Users/nilayshrivastava/Documents/programming_language/scala/learning_scala/fp_in_scala/inorder.scala. Using presentation compiler with project's scala-library version: 3.8.4[0m
2026.08.02 05:01:31 INFO  no build target found for /Users/nilayshrivastava/Documents/programming_language/scala/learning_scala/fp_in_scala/inorder.scala. Using presentation compiler with project's scala-library version: 3.8.4[0m
2026.08.02 05:01:31 INFO  no build target found for /Users/nilayshrivastava/Documents/programming_language/scala/learning_scala/fp_in_scala/inorder.scala. Using presentation compiler with project's scala-library version: 3.8.4[0m
2026.08.02 05:01:32 INFO  no build target found for /Users/nilayshrivastava/Documents/programming_language/scala/learning_scala/fp_in_scala/inorder.scala. Using presentation compiler with project's scala-library version: 3.8.4[0m
2026.08.02 05:01:35 INFO  no build target found for /Users/nilayshrivastava/Documents/programming_language/scala/learning_scala/fp_in_scala/inorder.scala. Using presentation compiler with project's scala-library version: 3.8.4[0m
2026.08.02 05:01:35 INFO  no build target found for /Users/nilayshrivastava/Documents/programming_language/scala/learning_scala/fp_in_scala/inorder.scala. Using presentation compiler with project's scala-library version: 3.8.4[0m
2026.08.02 05:01:35 INFO  no build target found for /Users/nilayshrivastava/Documents/programming_language/scala/learning_scala/fp_in_scala/inorder.scala. Using presentation compiler with project's scala-library version: 3.8.4[0m
2026.08.02 05:01:35 INFO  no build target found for /Users/nilayshrivastava/Documents/programming_language/scala/learning_scala/fp_in_scala/inorder.scala. Using presentation compiler with project's scala-library version: 3.8.4[0m
2026.08.02 05:01:35 INFO  no build target found for /Users/nilayshrivastava/Documents/programming_language/scala/learning_scala/fp_in_scala/inorder.scala. Using presentation compiler with project's scala-library version: 3.8.4[0m
2026.08.02 05:01:35 INFO  no build target found for /Users/nilayshrivastava/Documents/programming_language/scala/learning_scala/fp_in_scala/inorder.scala. Using presentation compiler with project's scala-library version: 3.8.4[0m
2026.08.02 05:01:35 INFO  no build target found for /Users/nilayshrivastava/Documents/programming_language/scala/learning_scala/fp_in_scala/inorder.scala. Using presentation compiler with project's scala-library version: 3.8.4[0m
2026.08.02 05:01:35 INFO  no build target found for /Users/nilayshrivastava/Documents/programming_language/scala/learning_scala/fp_in_scala/inorder.scala. Using presentation compiler with project's scala-library version: 3.8.4[0m
2026.08.02 05:01:35 INFO  no build target found for /Users/nilayshrivastava/Documents/programming_language/scala/learning_scala/fp_in_scala/inorder.scala. Using presentation compiler with project's scala-library version: 3.8.4[0m
2026.08.02 05:01:35 INFO  no build target found for /Users/nilayshrivastava/Documents/programming_language/scala/learning_scala/fp_in_scala/inorder.scala. Using presentation compiler with project's scala-library version: 3.8.4[0m
2026.08.02 05:01:35 INFO  no build target found for /Users/nilayshrivastava/Documents/programming_language/scala/learning_scala/fp_in_scala/inorder.scala. Using presentation compiler with project's scala-library version: 3.8.4[0m
2026.08.02 05:01:35 INFO  no build target found for /Users/nilayshrivastava/Documents/programming_language/scala/learning_scala/fp_in_scala/inorder.scala. Using presentation compiler with project's scala-library version: 3.8.4[0m
2026.08.02 05:01:36 INFO  no build target found for /Users/nilayshrivastava/Documents/programming_language/scala/learning_scala/fp_in_scala/inorder.scala. Using presentation compiler with project's scala-library version: 3.8.4[0m
2026.08.02 05:01:36 INFO  no build target found for /Users/nilayshrivastava/Documents/programming_language/scala/learning_scala/fp_in_scala/inorder.scala. Using presentation compiler with project's scala-library version: 3.8.4[0m
2026.08.02 05:01:36 INFO  no build target found for /Users/nilayshrivastava/Documents/programming_language/scala/learning_scala/fp_in_scala/inorder.scala. Using presentation compiler with project's scala-library version: 3.8.4[0m
2026.08.02 05:01:36 INFO  no build target found for /Users/nilayshrivastava/Documents/programming_language/scala/learning_scala/fp_in_scala/inorder.scala. Using presentation compiler with project's scala-library version: 3.8.4[0m
2026.08.02 05:01:36 INFO  no build target found for /Users/nilayshrivastava/Documents/programming_language/scala/learning_scala/fp_in_scala/inorder.scala. Using presentation compiler with project's scala-library version: 3.8.4[0m
2026.08.02 05:01:36 INFO  no build target found for /Users/nilayshrivastava/Documents/programming_language/scala/learning_scala/fp_in_scala/inorder.scala. Using presentation compiler with project's scala-library version: 3.8.4[0m
2026.08.02 05:01:36 INFO  no build target found for /Users/nilayshrivastava/Documents/programming_language/scala/learning_scala/fp_in_scala/inorder.scala. Using presentation compiler with project's scala-library version: 3.8.4[0m
2026.08.02 05:01:36 INFO  no build target found for /Users/nilayshrivastava/Documents/programming_language/scala/learning_scala/fp_in_scala/inorder.scala. Using presentation compiler with project's scala-library version: 3.8.4[0m
2026.08.02 05:01:36 INFO  no build target found for /Users/nilayshrivastava/Documents/programming_language/scala/learning_scala/fp_in_scala/inorder.scala. Using presentation compiler with project's scala-library version: 3.8.4[0m
2026.08.02 05:01:38 INFO  no build target found for /Users/nilayshrivastava/Documents/programming_language/scala/learning_scala/fp_in_scala/inorder.scala. Using presentation compiler with project's scala-library version: 3.8.4[0m
2026.08.02 05:01:38 INFO  no build target found for /Users/nilayshrivastava/Documents/programming_language/scala/learning_scala/fp_in_scala/inorder.scala. Using presentation compiler with project's scala-library version: 3.8.4[0m
2026.08.02 05:01:38 INFO  no build target found for /Users/nilayshrivastava/Documents/programming_language/scala/learning_scala/fp_in_scala/inorder.scala. Using presentation compiler with project's scala-library version: 3.8.4[0m
2026.08.02 05:01:38 INFO  no build target found for /Users/nilayshrivastava/Documents/programming_language/scala/learning_scala/fp_in_scala/inorder.scala. Using presentation compiler with project's scala-library version: 3.8.4[0m
2026.08.02 05:01:38 INFO  no build target found for /Users/nilayshrivastava/Documents/programming_language/scala/learning_scala/fp_in_scala/inorder.scala. Using presentation compiler with project's scala-library version: 3.8.4[0m
2026.08.02 05:01:39 INFO  no build target found for /Users/nilayshrivastava/Documents/programming_language/scala/learning_scala/fp_in_scala/inorder.scala. Using presentation compiler with project's scala-library version: 3.8.4[0m
2026.08.02 05:01:39 INFO  no build target found for /Users/nilayshrivastava/Documents/programming_language/scala/learning_scala/fp_in_scala/inorder.scala. Using presentation compiler with project's scala-library version: 3.8.4[0m
2026.08.02 05:01:39 INFO  no build target found for /Users/nilayshrivastava/Documents/programming_language/scala/learning_scala/fp_in_scala/inorder.scala. Using presentation compiler with project's scala-library version: 3.8.4[0m
2026.08.02 05:01:39 INFO  no build target found for /Users/nilayshrivastava/Documents/programming_language/scala/learning_scala/fp_in_scala/inorder.scala. Using presentation compiler with project's scala-library version: 3.8.4[0m
2026.08.02 05:01:42 INFO  no build target found for /Users/nilayshrivastava/Documents/programming_language/scala/learning_scala/fp_in_scala/inorder.scala. Using presentation compiler with project's scala-library version: 3.8.4[0m
2026.08.02 05:01:42 INFO  no build target found for /Users/nilayshrivastava/Documents/programming_language/scala/learning_scala/fp_in_scala/inorder.scala. Using presentation compiler with project's scala-library version: 3.8.4[0m
2026.08.02 05:01:42 INFO  no build target found for /Users/nilayshrivastava/Documents/programming_language/scala/learning_scala/fp_in_scala/inorder.scala. Using presentation compiler with project's scala-library version: 3.8.4[0m
2026.08.02 05:01:42 INFO  no build target found for /Users/nilayshrivastava/Documents/programming_language/scala/learning_scala/fp_in_scala/inorder.scala. Using presentation compiler with project's scala-library version: 3.8.4[0m
2026.08.02 05:01:42 INFO  no build target found for /Users/nilayshrivastava/Documents/programming_language/scala/learning_scala/fp_in_scala/inorder.scala. Using presentation compiler with project's scala-library version: 3.8.4[0m
2026.08.02 05:01:42 INFO  no build target found for /Users/nilayshrivastava/Documents/programming_language/scala/learning_scala/fp_in_scala/inorder.scala. Using presentation compiler with project's scala-library version: 3.8.4[0m
2026.08.02 05:01:43 INFO  no build target found for /Users/nilayshrivastava/Documents/programming_language/scala/learning_scala/fp_in_scala/inorder.scala. Using presentation compiler with project's scala-library version: 3.8.4[0m
2026.08.02 05:01:43 INFO  no build target found for /Users/nilayshrivastava/Documents/programming_language/scala/learning_scala/fp_in_scala/inorder.scala. Using presentation compiler with project's scala-library version: 3.8.4[0m
2026.08.02 05:01:43 INFO  no build target found for /Users/nilayshrivastava/Documents/programming_language/scala/learning_scala/fp_in_scala/inorder.scala. Using presentation compiler with project's scala-library version: 3.8.4[0m
2026.08.02 05:01:45 INFO  no build target found for /Users/nilayshrivastava/Documents/programming_language/scala/learning_scala/fp_in_scala/inorder.scala. Using presentation compiler with project's scala-library version: 3.8.4[0m
2026.08.02 05:01:45 INFO  no build target found for /Users/nilayshrivastava/Documents/programming_language/scala/learning_scala/fp_in_scala/inorder.scala. Using presentation compiler with project's scala-library version: 3.8.4[0m
2026.08.02 05:01:45 INFO  no build target found for /Users/nilayshrivastava/Documents/programming_language/scala/learning_scala/fp_in_scala/inorder.scala. Using presentation compiler with project's scala-library version: 3.8.4[0m
2026.08.02 05:01:45 INFO  no build target found for /Users/nilayshrivastava/Documents/programming_language/scala/learning_scala/fp_in_scala/inorder.scala. Using presentation compiler with project's scala-library version: 3.8.4[0m
2026.08.02 05:01:45 INFO  no build target found for /Users/nilayshrivastava/Documents/programming_language/scala/learning_scala/fp_in_scala/inorder.scala. Using presentation compiler with project's scala-library version: 3.8.4[0m
2026.08.02 05:01:45 INFO  no build target found for /Users/nilayshrivastava/Documents/programming_language/scala/learning_scala/fp_in_scala/inorder.scala. Using presentation compiler with project's scala-library version: 3.8.4[0m
2026.08.02 05:01:45 INFO  no build target found for /Users/nilayshrivastava/Documents/programming_language/scala/learning_scala/fp_in_scala/inorder.scala. Using presentation compiler with project's scala-library version: 3.8.4[0m
2026.08.02 05:01:45 INFO  no build target found for /Users/nilayshrivastava/Documents/programming_language/scala/learning_scala/fp_in_scala/inorder.scala. Using presentation compiler with project's scala-library version: 3.8.4[0m
2026.08.02 05:01:45 INFO  no build target found for /Users/nilayshrivastava/Documents/programming_language/scala/learning_scala/fp_in_scala/inorder.scala. Using presentation compiler with project's scala-library version: 3.8.4[0m
2026.08.02 05:01:46 INFO  no build target found for /Users/nilayshrivastava/Documents/programming_language/scala/learning_scala/fp_in_scala/inorder.scala. Using presentation compiler with project's scala-library version: 3.8.4[0m
2026.08.02 05:01:46 INFO  no build target found for /Users/nilayshrivastava/Documents/programming_language/scala/learning_scala/fp_in_scala/inorder.scala. Using presentation compiler with project's scala-library version: 3.8.4[0m
2026.08.02 05:01:46 INFO  no build target found for /Users/nilayshrivastava/Documents/programming_language/scala/learning_scala/fp_in_scala/inorder.scala. Using presentation compiler with project's scala-library version: 3.8.4[0m
2026.08.02 05:01:46 INFO  no build target found for /Users/nilayshrivastava/Documents/programming_language/scala/learning_scala/fp_in_scala/inorder.scala. Using presentation compiler with project's scala-library version: 3.8.4[0m
2026.08.02 05:01:46 INFO  no build target found for /Users/nilayshrivastava/Documents/programming_language/scala/learning_scala/fp_in_scala/inorder.scala. Using presentation compiler with project's scala-library version: 3.8.4[0m
2026.08.02 05:01:46 INFO  no build target found for /Users/nilayshrivastava/Documents/programming_language/scala/learning_scala/fp_in_scala/inorder.scala. Using presentation compiler with project's scala-library version: 3.8.4[0m
2026.08.02 05:01:46 INFO  no build target found for /Users/nilayshrivastava/Documents/programming_language/scala/learning_scala/fp_in_scala/inorder.scala. Using presentation compiler with project's scala-library version: 3.8.4[0m
2026.08.02 05:01:48 INFO  no build target found for /Users/nilayshrivastava/Documents/programming_language/scala/learning_scala/fp_in_scala/inorder.scala. Using presentation compiler with project's scala-library version: 3.8.4[0m
2026.08.02 05:01:51 INFO  no build target found for /Users/nilayshrivastava/Documents/programming_language/scala/learning_scala/fp_in_scala/inorder.scala. Using presentation compiler with project's scala-library version: 3.8.4[0m
2026.08.02 05:01:51 INFO  no build target found for /Users/nilayshrivastava/Documents/programming_language/scala/learning_scala/fp_in_scala/inorder.scala. Using presentation compiler with project's scala-library version: 3.8.4[0m
2026.08.02 05:01:52 INFO  no build target found for /Users/nilayshrivastava/Documents/programming_language/scala/learning_scala/fp_in_scala/inorder.scala. Using presentation compiler with project's scala-library version: 3.8.4[0m
2026.08.02 05:01:52 INFO  no build target found for /Users/nilayshrivastava/Documents/programming_language/scala/learning_scala/fp_in_scala/inorder.scala. Using presentation compiler with project's scala-library version: 3.8.4[0m
2026.08.02 05:01:52 INFO  no build target found for /Users/nilayshrivastava/Documents/programming_language/scala/learning_scala/fp_in_scala/inorder.scala. Using presentation compiler with project's scala-library version: 3.8.4[0m
2026.08.02 05:01:52 INFO  no build target found for /Users/nilayshrivastava/Documents/programming_language/scala/learning_scala/fp_in_scala/inorder.scala. Using presentation compiler with project's scala-library version: 3.8.4[0m
2026.08.02 05:01:52 INFO  no build target found for /Users/nilayshrivastava/Documents/programming_language/scala/learning_scala/fp_in_scala/inorder.scala. Using presentation compiler with project's scala-library version: 3.8.4[0m
2026.08.02 05:01:52 INFO  no build target found for /Users/nilayshrivastava/Documents/programming_language/scala/learning_scala/fp_in_scala/inorder.scala. Using presentation compiler with project's scala-library version: 3.8.4[0m
2026.08.02 05:01:52 INFO  no build target found for /Users/nilayshrivastava/Documents/programming_language/scala/learning_scala/fp_in_scala/inorder.scala. Using presentation compiler with project's scala-library version: 3.8.4[0m
2026.08.02 05:01:53 INFO  no build target found for /Users/nilayshrivastava/Documents/programming_language/scala/learning_scala/fp_in_scala/inorder.scala. Using presentation compiler with project's scala-library version: 3.8.4[0m
2026.08.02 05:01:53 INFO  no build target found for /Users/nilayshrivastava/Documents/programming_language/scala/learning_scala/fp_in_scala/inorder.scala. Using presentation compiler with project's scala-library version: 3.8.4[0m
2026.08.02 05:01:53 INFO  no build target found for /Users/nilayshrivastava/Documents/programming_language/scala/learning_scala/fp_in_scala/inorder.scala. Using presentation compiler with project's scala-library version: 3.8.4[0m
2026.08.02 05:01:53 INFO  no build target found for /Users/nilayshrivastava/Documents/programming_language/scala/learning_scala/fp_in_scala/inorder.scala. Using presentation compiler with project's scala-library version: 3.8.4[0m
2026.08.02 05:01:53 INFO  no build target found for /Users/nilayshrivastava/Documents/programming_language/scala/learning_scala/fp_in_scala/inorder.scala. Using presentation compiler with project's scala-library version: 3.8.4[0m
2026.08.02 05:01:53 INFO  no build target found for /Users/nilayshrivastava/Documents/programming_language/scala/learning_scala/fp_in_scala/inorder.scala. Using presentation compiler with project's scala-library version: 3.8.4[0m
2026.08.02 05:01:55 INFO  no build target found for /Users/nilayshrivastava/Documents/programming_language/scala/learning_scala/fp_in_scala/inorder.scala. Using presentation compiler with project's scala-library version: 3.8.4[0m
2026.08.02 05:01:55 INFO  no build target found for /Users/nilayshrivastava/Documents/programming_language/scala/learning_scala/fp_in_scala/inorder.scala. Using presentation compiler with project's scala-library version: 3.8.4[0m
2026.08.02 05:01:55 INFO  no build target found for /Users/nilayshrivastava/Documents/programming_language/scala/learning_scala/fp_in_scala/inorder.scala. Using presentation compiler with project's scala-library version: 3.8.4[0m
2026.08.02 05:01:55 INFO  no build target found for /Users/nilayshrivastava/Documents/programming_language/scala/learning_scala/fp_in_scala/inorder.scala. Using presentation compiler with project's scala-library version: 3.8.4[0m
2026.08.02 05:01:55 INFO  no build target found for /Users/nilayshrivastava/Documents/programming_language/scala/learning_scala/fp_in_scala/inorder.scala. Using presentation compiler with project's scala-library version: 3.8.4[0m
2026.08.02 05:01:55 INFO  no build target found for /Users/nilayshrivastava/Documents/programming_language/scala/learning_scala/fp_in_scala/inorder.scala. Using presentation compiler with project's scala-library version: 3.8.4[0m
2026.08.02 05:01:55 INFO  no build target found for /Users/nilayshrivastava/Documents/programming_language/scala/learning_scala/fp_in_scala/inorder.scala. Using presentation compiler with project's scala-library version: 3.8.4[0m
2026.08.02 05:01:56 INFO  no build target found for /Users/nilayshrivastava/Documents/programming_language/scala/learning_scala/fp_in_scala/inorder.scala. Using presentation compiler with project's scala-library version: 3.8.4[0m
2026.08.02 05:01:56 INFO  no build target found for /Users/nilayshrivastava/Documents/programming_language/scala/learning_scala/fp_in_scala/inorder.scala. Using presentation compiler with project's scala-library version: 3.8.4[0m
2026.08.02 05:01:56 INFO  no build target found for /Users/nilayshrivastava/Documents/programming_language/scala/learning_scala/fp_in_scala/inorder.scala. Using presentation compiler with project's scala-library version: 3.8.4[0m
2026.08.02 05:01:56 INFO  no build target found for /Users/nilayshrivastava/Documents/programming_language/scala/learning_scala/fp_in_scala/inorder.scala. Using presentation compiler with project's scala-library version: 3.8.4[0m
2026.08.02 05:01:56 INFO  no build target found for /Users/nilayshrivastava/Documents/programming_language/scala/learning_scala/fp_in_scala/inorder.scala. Using presentation compiler with project's scala-library version: 3.8.4[0m
2026.08.02 05:01:56 INFO  no build target found for /Users/nilayshrivastava/Documents/programming_language/scala/learning_scala/fp_in_scala/inorder.scala. Using presentation compiler with project's scala-library version: 3.8.4[0m
2026.08.02 05:01:56 INFO  no build target found for /Users/nilayshrivastava/Documents/programming_language/scala/learning_scala/fp_in_scala/inorder.scala. Using presentation compiler with project's scala-library version: 3.8.4[0m
2026.08.02 05:01:56 INFO  no build target found for /Users/nilayshrivastava/Documents/programming_language/scala/learning_scala/fp_in_scala/inorder.scala. Using presentation compiler with project's scala-library version: 3.8.4[0m
2026.08.02 05:01:56 INFO  no build target found for /Users/nilayshrivastava/Documents/programming_language/scala/learning_scala/fp_in_scala/inorder.scala. Using presentation compiler with project's scala-library version: 3.8.4[0m
2026.08.02 05:01:56 INFO  no build target found for /Users/nilayshrivastava/Documents/programming_language/scala/learning_scala/fp_in_scala/inorder.scala. Using presentation compiler with project's scala-library version: 3.8.4[0m
2026.08.02 05:01:58 INFO  no build target found for /Users/nilayshrivastava/Documents/programming_language/scala/learning_scala/fp_in_scala/inorder.scala. Using presentation compiler with project's scala-library version: 3.8.4[0m
2026.08.02 05:02:08 INFO  no build target found for /Users/nilayshrivastava/Documents/programming_language/scala/learning_scala/fp_in_scala/inorder.scala. Using presentation compiler with project's scala-library version: 3.8.4[0m
2026.08.02 05:02:08 INFO  no build target found for /Users/nilayshrivastava/Documents/programming_language/scala/learning_scala/fp_in_scala/inorder.scala. Using presentation compiler with project's scala-library version: 3.8.4[0m
2026.08.02 05:02:08 INFO  no build target found for /Users/nilayshrivastava/Documents/programming_language/scala/learning_scala/fp_in_scala/inorder.scala. Using presentation compiler with project's scala-library version: 3.8.4[0m
2026.08.02 05:02:08 INFO  no build target found for /Users/nilayshrivastava/Documents/programming_language/scala/learning_scala/fp_in_scala/inorder.scala. Using presentation compiler with project's scala-library version: 3.8.4[0m
2026.08.02 05:02:08 INFO  no build target found for /Users/nilayshrivastava/Documents/programming_language/scala/learning_scala/fp_in_scala/inorder.scala. Using presentation compiler with project's scala-library version: 3.8.4[0m
2026.08.02 05:02:08 INFO  no build target found for /Users/nilayshrivastava/Documents/programming_language/scala/learning_scala/fp_in_scala/inorder.scala. Using presentation compiler with project's scala-library version: 3.8.4[0m
2026.08.02 05:02:08 INFO  no build target found for /Users/nilayshrivastava/Documents/programming_language/scala/learning_scala/fp_in_scala/inorder.scala. Using presentation compiler with project's scala-library version: 3.8.4[0m
2026.08.02 05:02:09 INFO  no build target found for /Users/nilayshrivastava/Documents/programming_language/scala/learning_scala/fp_in_scala/inorder.scala. Using presentation compiler with project's scala-library version: 3.8.4[0m
2026.08.02 05:02:09 INFO  no build target found for /Users/nilayshrivastava/Documents/programming_language/scala/learning_scala/fp_in_scala/inorder.scala. Using presentation compiler with project's scala-library version: 3.8.4[0m
2026.08.02 05:02:09 INFO  no build target found for /Users/nilayshrivastava/Documents/programming_language/scala/learning_scala/fp_in_scala/inorder.scala. Using presentation compiler with project's scala-library version: 3.8.4[0m
2026.08.02 05:02:09 INFO  no build target found for /Users/nilayshrivastava/Documents/programming_language/scala/learning_scala/fp_in_scala/inorder.scala. Using presentation compiler with project's scala-library version: 3.8.4[0m
2026.08.02 05:02:09 INFO  no build target found for /Users/nilayshrivastava/Documents/programming_language/scala/learning_scala/fp_in_scala/inorder.scala. Using presentation compiler with project's scala-library version: 3.8.4[0m
2026.08.02 05:02:09 INFO  no build target found for /Users/nilayshrivastava/Documents/programming_language/scala/learning_scala/fp_in_scala/inorder.scala. Using presentation compiler with project's scala-library version: 3.8.4[0m
2026.08.02 05:02:09 INFO  no build target found for /Users/nilayshrivastava/Documents/programming_language/scala/learning_scala/fp_in_scala/inorder.scala. Using presentation compiler with project's scala-library version: 3.8.4[0m
2026.08.02 05:02:11 INFO  no build target found for /Users/nilayshrivastava/Documents/programming_language/scala/learning_scala/fp_in_scala/inorder.scala. Using presentation compiler with project's scala-library version: 3.8.4[0m
2026.08.02 05:02:11 INFO  no build target found for /Users/nilayshrivastava/Documents/programming_language/scala/learning_scala/fp_in_scala/inorder.scala. Using presentation compiler with project's scala-library version: 3.8.4[0m
2026.08.02 05:02:11 INFO  no build target found for /Users/nilayshrivastava/Documents/programming_language/scala/learning_scala/fp_in_scala/inorder.scala. Using presentation compiler with project's scala-library version: 3.8.4[0m
2026.08.02 05:02:11 INFO  no build target found for /Users/nilayshrivastava/Documents/programming_language/scala/learning_scala/fp_in_scala/inorder.scala. Using presentation compiler with project's scala-library version: 3.8.4[0m
2026.08.02 05:02:13 INFO  no build target found for /Users/nilayshrivastava/Documents/programming_language/scala/learning_scala/fp_in_scala/inorder.scala. Using presentation compiler with project's scala-library version: 3.8.4[0m
2026.08.02 05:02:13 INFO  no build target found for /Users/nilayshrivastava/Documents/programming_language/scala/learning_scala/fp_in_scala/inorder.scala. Using presentation compiler with project's scala-library version: 3.8.4[0m
2026.08.02 05:02:13 INFO  no build target found for /Users/nilayshrivastava/Documents/programming_language/scala/learning_scala/fp_in_scala/inorder.scala. Using presentation compiler with project's scala-library version: 3.8.4[0m
2026.08.02 05:02:13 INFO  no build target found for /Users/nilayshrivastava/Documents/programming_language/scala/learning_scala/fp_in_scala/inorder.scala. Using presentation compiler with project's scala-library version: 3.8.4[0m
2026.08.02 05:02:13 INFO  no build target found for /Users/nilayshrivastava/Documents/programming_language/scala/learning_scala/fp_in_scala/inorder.scala. Using presentation compiler with project's scala-library version: 3.8.4[0m
2026.08.02 05:02:13 INFO  no build target found for /Users/nilayshrivastava/Documents/programming_language/scala/learning_scala/fp_in_scala/inorder.scala. Using presentation compiler with project's scala-library version: 3.8.4[0m
2026.08.02 05:02:13 INFO  no build target found for /Users/nilayshrivastava/Documents/programming_language/scala/learning_scala/fp_in_scala/inorder.scala. Using presentation compiler with project's scala-library version: 3.8.4[0m
2026.08.02 05:02:14 INFO  no build target found for /Users/nilayshrivastava/Documents/programming_language/scala/learning_scala/fp_in_scala/inorder.scala. Using presentation compiler with project's scala-library version: 3.8.4[0m
2026.08.02 05:02:14 INFO  no build target found for /Users/nilayshrivastava/Documents/programming_language/scala/learning_scala/fp_in_scala/inorder.scala. Using presentation compiler with project's scala-library version: 3.8.4[0m
2026.08.02 05:02:14 INFO  no build target found for /Users/nilayshrivastava/Documents/programming_language/scala/learning_scala/fp_in_scala/inorder.scala. Using presentation compiler with project's scala-library version: 3.8.4[0m
2026.08.02 05:02:14 INFO  no build target found for /Users/nilayshrivastava/Documents/programming_language/scala/learning_scala/fp_in_scala/inorder.scala. Using presentation compiler with project's scala-library version: 3.8.4[0m
2026.08.02 05:02:14 INFO  no build target found for /Users/nilayshrivastava/Documents/programming_language/scala/learning_scala/fp_in_scala/inorder.scala. Using presentation compiler with project's scala-library version: 3.8.4[0m
2026.08.02 05:02:16 INFO  no build target found for /Users/nilayshrivastava/Documents/programming_language/scala/learning_scala/fp_in_scala/inorder.scala. Using presentation compiler with project's scala-library version: 3.8.4[0m
2026.08.02 05:02:35 INFO  no build target found for /Users/nilayshrivastava/Documents/programming_language/scala/learning_scala/fp_in_scala/inorder.scala. Using presentation compiler with project's scala-library version: 3.8.4[0m
2026.08.02 05:02:35 INFO  no build target found for /Users/nilayshrivastava/Documents/programming_language/scala/learning_scala/fp_in_scala/inorder.scala. Using presentation compiler with project's scala-library version: 3.8.4[0m
2026.08.02 05:02:35 INFO  no build target found for /Users/nilayshrivastava/Documents/programming_language/scala/learning_scala/fp_in_scala/inorder.scala. Using presentation compiler with project's scala-library version: 3.8.4[0m
2026.08.02 05:02:35 INFO  no build target found for /Users/nilayshrivastava/Documents/programming_language/scala/learning_scala/fp_in_scala/inorder.scala. Using presentation compiler with project's scala-library version: 3.8.4[0m
2026.08.02 05:02:35 INFO  no build target found for /Users/nilayshrivastava/Documents/programming_language/scala/learning_scala/fp_in_scala/inorder.scala. Using presentation compiler with project's scala-library version: 3.8.4[0m
2026.08.02 05:02:35 INFO  no build target found for /Users/nilayshrivastava/Documents/programming_language/scala/learning_scala/fp_in_scala/inorder.scala. Using presentation compiler with project's scala-library version: 3.8.4[0m
2026.08.02 05:02:35 INFO  no build target found for /Users/nilayshrivastava/Documents/programming_language/scala/learning_scala/fp_in_scala/inorder.scala. Using presentation compiler with project's scala-library version: 3.8.4[0m
2026.08.02 05:02:35 INFO  no build target found for /Users/nilayshrivastava/Documents/programming_language/scala/learning_scala/fp_in_scala/inorder.scala. Using presentation compiler with project's scala-library version: 3.8.4[0m
2026.08.02 05:02:35 INFO  no build target found for /Users/nilayshrivastava/Documents/programming_language/scala/learning_scala/fp_in_scala/inorder.scala. Using presentation compiler with project's scala-library version: 3.8.4[0m
2026.08.02 05:02:35 INFO  no build target found for /Users/nilayshrivastava/Documents/programming_language/scala/learning_scala/fp_in_scala/inorder.scala. Using presentation compiler with project's scala-library version: 3.8.4[0m
2026.08.02 05:02:35 INFO  no build target found for /Users/nilayshrivastava/Documents/programming_language/scala/learning_scala/fp_in_scala/inorder.scala. Using presentation compiler with project's scala-library version: 3.8.4[0m
2026.08.02 05:02:35 INFO  no build target found for /Users/nilayshrivastava/Documents/programming_language/scala/learning_scala/fp_in_scala/inorder.scala. Using presentation compiler with project's scala-library version: 3.8.4[0m
2026.08.02 05:02:35 INFO  no build target found for /Users/nilayshrivastava/Documents/programming_language/scala/learning_scala/fp_in_scala/inorder.scala. Using presentation compiler with project's scala-library version: 3.8.4[0m
2026.08.02 05:02:35 INFO  no build target found for /Users/nilayshrivastava/Documents/programming_language/scala/learning_scala/fp_in_scala/inorder.scala. Using presentation compiler with project's scala-library version: 3.8.4[0m
2026.08.02 05:02:36 INFO  no build target found for /Users/nilayshrivastava/Documents/programming_language/scala/learning_scala/fp_in_scala/inorder.scala. Using presentation compiler with project's scala-library version: 3.8.4[0m
2026.08.02 05:02:36 INFO  no build target found for /Users/nilayshrivastava/Documents/programming_language/scala/learning_scala/fp_in_scala/inorder.scala. Using presentation compiler with project's scala-library version: 3.8.4[0m
2026.08.02 05:02:36 INFO  no build target found for /Users/nilayshrivastava/Documents/programming_language/scala/learning_scala/fp_in_scala/inorder.scala. Using presentation compiler with project's scala-library version: 3.8.4[0m
2026.08.02 05:02:36 INFO  no build target found for /Users/nilayshrivastava/Documents/programming_language/scala/learning_scala/fp_in_scala/inorder.scala. Using presentation compiler with project's scala-library version: 3.8.4[0m
2026.08.02 05:02:36 INFO  no build target found for /Users/nilayshrivastava/Documents/programming_language/scala/learning_scala/fp_in_scala/inorder.scala. Using presentation compiler with project's scala-library version: 3.8.4[0m
2026.08.02 05:02:36 INFO  no build target found for /Users/nilayshrivastava/Documents/programming_language/scala/learning_scala/fp_in_scala/inorder.scala. Using presentation compiler with project's scala-library version: 3.8.4[0m
2026.08.02 05:02:36 INFO  no build target found for /Users/nilayshrivastava/Documents/programming_language/scala/learning_scala/fp_in_scala/inorder.scala. Using presentation compiler with project's scala-library version: 3.8.4[0m
2026.08.02 05:02:36 INFO  no build target found for /Users/nilayshrivastava/Documents/programming_language/scala/learning_scala/fp_in_scala/inorder.scala. Using presentation compiler with project's scala-library version: 3.8.4[0m
2026.08.02 05:02:36 INFO  no build target found for /Users/nilayshrivastava/Documents/programming_language/scala/learning_scala/fp_in_scala/inorder.scala. Using presentation compiler with project's scala-library version: 3.8.4[0m
2026.08.02 05:02:36 INFO  no build target found for /Users/nilayshrivastava/Documents/programming_language/scala/learning_scala/fp_in_scala/inorder.scala. Using presentation compiler with project's scala-library version: 3.8.4[0m
2026.08.02 05:02:36 INFO  no build target found for /Users/nilayshrivastava/Documents/programming_language/scala/learning_scala/fp_in_scala/inorder.scala. Using presentation compiler with project's scala-library version: 3.8.4[0m
2026.08.02 05:02:36 INFO  no build target found for /Users/nilayshrivastava/Documents/programming_language/scala/learning_scala/fp_in_scala/inorder.scala. Using presentation compiler with project's scala-library version: 3.8.4[0m
2026.08.02 05:02:36 INFO  no build target found for /Users/nilayshrivastava/Documents/programming_language/scala/learning_scala/fp_in_scala/inorder.scala. Using presentation compiler with project's scala-library version: 3.8.4[0m
2026.08.02 05:02:36 INFO  no build target found for /Users/nilayshrivastava/Documents/programming_language/scala/learning_scala/fp_in_scala/inorder.scala. Using presentation compiler with project's scala-library version: 3.8.4[0m
2026.08.02 05:02:36 INFO  no build target found for /Users/nilayshrivastava/Documents/programming_language/scala/learning_scala/fp_in_scala/inorder.scala. Using presentation compiler with project's scala-library version: 3.8.4[0m
2026.08.02 05:02:36 INFO  no build target found for /Users/nilayshrivastava/Documents/programming_language/scala/learning_scala/fp_in_scala/inorder.scala. Using presentation compiler with project's scala-library version: 3.8.4[0m
2026.08.02 05:02:36 INFO  no build target found for /Users/nilayshrivastava/Documents/programming_language/scala/learning_scala/fp_in_scala/inorder.scala. Using presentation compiler with project's scala-library version: 3.8.4[0m
2026.08.02 05:02:36 INFO  no build target found for /Users/nilayshrivastava/Documents/programming_language/scala/learning_scala/fp_in_scala/inorder.scala. Using presentation compiler with project's scala-library version: 3.8.4[0m
2026.08.02 05:02:36 INFO  no build target found for /Users/nilayshrivastava/Documents/programming_language/scala/learning_scala/fp_in_scala/inorder.scala. Using presentation compiler with project's scala-library version: 3.8.4[0m
2026.08.02 05:02:36 INFO  no build target found for /Users/nilayshrivastava/Documents/programming_language/scala/learning_scala/fp_in_scala/inorder.scala. Using presentation compiler with project's scala-library version: 3.8.4[0m
2026.08.02 05:02:37 INFO  no build target found for /Users/nilayshrivastava/Documents/programming_language/scala/learning_scala/fp_in_scala/inorder.scala. Using presentation compiler with project's scala-library version: 3.8.4[0m
2026.08.02 05:02:37 INFO  no build target found for /Users/nilayshrivastava/Documents/programming_language/scala/learning_scala/fp_in_scala/inorder.scala. Using presentation compiler with project's scala-library version: 3.8.4[0m
2026.08.02 05:02:37 INFO  no build target found for /Users/nilayshrivastava/Documents/programming_language/scala/learning_scala/fp_in_scala/inorder.scala. Using presentation compiler with project's scala-library version: 3.8.4[0m
2026.08.02 05:02:37 INFO  no build target found for /Users/nilayshrivastava/Documents/programming_language/scala/learning_scala/fp_in_scala/inorder.scala. Using presentation compiler with project's scala-library version: 3.8.4[0m
2026.08.02 05:02:37 INFO  no build target found for /Users/nilayshrivastava/Documents/programming_language/scala/learning_scala/fp_in_scala/inorder.scala. Using presentation compiler with project's scala-library version: 3.8.4[0m
2026.08.02 05:02:37 INFO  no build target found for /Users/nilayshrivastava/Documents/programming_language/scala/learning_scala/fp_in_scala/inorder.scala. Using presentation compiler with project's scala-library version: 3.8.4[0m
2026.08.02 05:02:37 INFO  no build target found for /Users/nilayshrivastava/Documents/programming_language/scala/learning_scala/fp_in_scala/inorder.scala. Using presentation compiler with project's scala-library version: 3.8.4[0m
2026.08.02 05:02:37 INFO  no build target found for /Users/nilayshrivastava/Documents/programming_language/scala/learning_scala/fp_in_scala/inorder.scala. Using presentation compiler with project's scala-library version: 3.8.4[0m
2026.08.02 05:02:37 INFO  no build target found for /Users/nilayshrivastava/Documents/programming_language/scala/learning_scala/fp_in_scala/inorder.scala. Using presentation compiler with project's scala-library version: 3.8.4[0m
2026.08.02 05:02:37 INFO  no build target found for /Users/nilayshrivastava/Documents/programming_language/scala/learning_scala/fp_in_scala/inorder.scala. Using presentation compiler with project's scala-library version: 3.8.4[0m
2026.08.02 05:02:37 INFO  no build target found for /Users/nilayshrivastava/Documents/programming_language/scala/learning_scala/fp_in_scala/inorder.scala. Using presentation compiler with project's scala-library version: 3.8.4[0m
2026.08.02 05:02:37 INFO  no build target found for /Users/nilayshrivastava/Documents/programming_language/scala/learning_scala/fp_in_scala/inorder.scala. Using presentation compiler with project's scala-library version: 3.8.4[0m
2026.08.02 05:02:37 INFO  no build target found for /Users/nilayshrivastava/Documents/programming_language/scala/learning_scala/fp_in_scala/inorder.scala. Using presentation compiler with project's scala-library version: 3.8.4[0m
2026.08.02 05:02:37 INFO  no build target found for /Users/nilayshrivastava/Documents/programming_language/scala/learning_scala/fp_in_scala/inorder.scala. Using presentation compiler with project's scala-library version: 3.8.4[0m
2026.08.02 05:02:37 INFO  no build target found for /Users/nilayshrivastava/Documents/programming_language/scala/learning_scala/fp_in_scala/inorder.scala. Using presentation compiler with project's scala-library version: 3.8.4[0m
2026.08.02 05:02:37 INFO  no build target found for /Users/nilayshrivastava/Documents/programming_language/scala/learning_scala/fp_in_scala/inorder.scala. Using presentation compiler with project's scala-library version: 3.8.4[0m
2026.08.02 05:02:37 INFO  no build target found for /Users/nilayshrivastava/Documents/programming_language/scala/learning_scala/fp_in_scala/inorder.scala. Using presentation compiler with project's scala-library version: 3.8.4[0m
2026.08.02 05:02:37 INFO  no build target found for /Users/nilayshrivastava/Documents/programming_language/scala/learning_scala/fp_in_scala/inorder.scala. Using presentation compiler with project's scala-library version: 3.8.4[0m
2026.08.02 05:02:37 INFO  no build target found for /Users/nilayshrivastava/Documents/programming_language/scala/learning_scala/fp_in_scala/inorder.scala. Using presentation compiler with project's scala-library version: 3.8.4[0m
2026.08.02 05:02:37 INFO  no build target found for /Users/nilayshrivastava/Documents/programming_language/scala/learning_scala/fp_in_scala/inorder.scala. Using presentation compiler with project's scala-library version: 3.8.4[0m
2026.08.02 05:02:38 INFO  no build target found for /Users/nilayshrivastava/Documents/programming_language/scala/learning_scala/fp_in_scala/inorder.scala. Using presentation compiler with project's scala-library version: 3.8.4[0m
2026.08.02 05:02:38 INFO  no build target found for /Users/nilayshrivastava/Documents/programming_language/scala/learning_scala/fp_in_scala/inorder.scala. Using presentation compiler with project's scala-library version: 3.8.4[0m
2026.08.02 05:02:38 INFO  no build target found for /Users/nilayshrivastava/Documents/programming_language/scala/learning_scala/fp_in_scala/inorder.scala. Using presentation compiler with project's scala-library version: 3.8.4[0m
2026.08.02 05:02:38 INFO  no build target found for /Users/nilayshrivastava/Documents/programming_language/scala/learning_scala/fp_in_scala/inorder.scala. Using presentation compiler with project's scala-library version: 3.8.4[0m
2026.08.02 05:02:38 INFO  no build target found for /Users/nilayshrivastava/Documents/programming_language/scala/learning_scala/fp_in_scala/inorder.scala. Using presentation compiler with project's scala-library version: 3.8.4[0m
2026.08.02 05:02:38 INFO  no build target found for /Users/nilayshrivastava/Documents/programming_language/scala/learning_scala/fp_in_scala/inorder.scala. Using presentation compiler with project's scala-library version: 3.8.4[0m
2026.08.02 05:02:38 INFO  no build target found for /Users/nilayshrivastava/Documents/programming_language/scala/learning_scala/fp_in_scala/inorder.scala. Using presentation compiler with project's scala-library version: 3.8.4[0m
2026.08.02 05:02:38 INFO  no build target found for /Users/nilayshrivastava/Documents/programming_language/scala/learning_scala/fp_in_scala/inorder.scala. Using presentation compiler with project's scala-library version: 3.8.4[0m
2026.08.02 05:02:38 INFO  no build target found for /Users/nilayshrivastava/Documents/programming_language/scala/learning_scala/fp_in_scala/inorder.scala. Using presentation compiler with project's scala-library version: 3.8.4[0m
2026.08.02 05:02:38 INFO  no build target found for /Users/nilayshrivastava/Documents/programming_language/scala/learning_scala/fp_in_scala/inorder.scala. Using presentation compiler with project's scala-library version: 3.8.4[0m
2026.08.02 05:02:38 INFO  no build target found for /Users/nilayshrivastava/Documents/programming_language/scala/learning_scala/fp_in_scala/inorder.scala. Using presentation compiler with project's scala-library version: 3.8.4[0m
2026.08.02 05:02:38 INFO  no build target found for /Users/nilayshrivastava/Documents/programming_language/scala/learning_scala/fp_in_scala/inorder.scala. Using presentation compiler with project's scala-library version: 3.8.4[0m
2026.08.02 05:02:38 INFO  no build target found for /Users/nilayshrivastava/Documents/programming_language/scala/learning_scala/fp_in_scala/inorder.scala. Using presentation compiler with project's scala-library version: 3.8.4[0m
2026.08.02 05:02:38 INFO  no build target found for /Users/nilayshrivastava/Documents/programming_language/scala/learning_scala/fp_in_scala/inorder.scala. Using presentation compiler with project's scala-library version: 3.8.4[0m
2026.08.02 05:02:38 INFO  no build target found for /Users/nilayshrivastava/Documents/programming_language/scala/learning_scala/fp_in_scala/inorder.scala. Using presentation compiler with project's scala-library version: 3.8.4[0m
2026.08.02 05:02:38 INFO  no build target found for /Users/nilayshrivastava/Documents/programming_language/scala/learning_scala/fp_in_scala/inorder.scala. Using presentation compiler with project's scala-library version: 3.8.4[0m
2026.08.02 05:02:38 INFO  no build target found for /Users/nilayshrivastava/Documents/programming_language/scala/learning_scala/fp_in_scala/inorder.scala. Using presentation compiler with project's scala-library version: 3.8.4[0m
2026.08.02 05:02:38 INFO  no build target found for /Users/nilayshrivastava/Documents/programming_language/scala/learning_scala/fp_in_scala/inorder.scala. Using presentation compiler with project's scala-library version: 3.8.4[0m
2026.08.02 05:02:38 INFO  no build target found for /Users/nilayshrivastava/Documents/programming_language/scala/learning_scala/fp_in_scala/inorder.scala. Using presentation compiler with project's scala-library version: 3.8.4[0m
2026.08.02 05:02:38 INFO  no build target found for /Users/nilayshrivastava/Documents/programming_language/scala/learning_scala/fp_in_scala/inorder.scala. Using presentation compiler with project's scala-library version: 3.8.4[0m
2026.08.02 05:02:38 INFO  no build target found for /Users/nilayshrivastava/Documents/programming_language/scala/learning_scala/fp_in_scala/inorder.scala. Using presentation compiler with project's scala-library version: 3.8.4[0m
2026.08.02 05:02:39 INFO  no build target found for /Users/nilayshrivastava/Documents/programming_language/scala/learning_scala/fp_in_scala/inorder.scala. Using presentation compiler with project's scala-library version: 3.8.4[0m
2026.08.02 05:02:39 INFO  no build target found for /Users/nilayshrivastava/Documents/programming_language/scala/learning_scala/fp_in_scala/inorder.scala. Using presentation compiler with project's scala-library version: 3.8.4[0m
2026.08.02 05:02:39 INFO  no build target found for /Users/nilayshrivastava/Documents/programming_language/scala/learning_scala/fp_in_scala/inorder.scala. Using presentation compiler with project's scala-library version: 3.8.4[0m
2026.08.02 05:02:39 INFO  no build target found for /Users/nilayshrivastava/Documents/programming_language/scala/learning_scala/fp_in_scala/inorder.scala. Using presentation compiler with project's scala-library version: 3.8.4[0m
2026.08.02 05:02:39 INFO  no build target found for /Users/nilayshrivastava/Documents/programming_language/scala/learning_scala/fp_in_scala/inorder.scala. Using presentation compiler with project's scala-library version: 3.8.4[0m
2026.08.02 05:02:39 INFO  no build target found for /Users/nilayshrivastava/Documents/programming_language/scala/learning_scala/fp_in_scala/inorder.scala. Using presentation compiler with project's scala-library version: 3.8.4[0m
2026.08.02 05:02:39 INFO  no build target found for /Users/nilayshrivastava/Documents/programming_language/scala/learning_scala/fp_in_scala/inorder.scala. Using presentation compiler with project's scala-library version: 3.8.4[0m
2026.08.02 05:02:39 INFO  no build target found for /Users/nilayshrivastava/Documents/programming_language/scala/learning_scala/fp_in_scala/inorder.scala. Using presentation compiler with project's scala-library version: 3.8.4[0m
2026.08.02 05:02:39 INFO  no build target found for /Users/nilayshrivastava/Documents/programming_language/scala/learning_scala/fp_in_scala/inorder.scala. Using presentation compiler with project's scala-library version: 3.8.4[0m
2026.08.02 05:02:39 INFO  no build target found for /Users/nilayshrivastava/Documents/programming_language/scala/learning_scala/fp_in_scala/inorder.scala. Using presentation compiler with project's scala-library version: 3.8.4[0m
2026.08.02 05:02:39 INFO  no build target found for /Users/nilayshrivastava/Documents/programming_language/scala/learning_scala/fp_in_scala/inorder.scala. Using presentation compiler with project's scala-library version: 3.8.4[0m
2026.08.02 05:02:39 INFO  no build target found for /Users/nilayshrivastava/Documents/programming_language/scala/learning_scala/fp_in_scala/inorder.scala. Using presentation compiler with project's scala-library version: 3.8.4[0m
2026.08.02 05:02:39 INFO  no build target found for /Users/nilayshrivastava/Documents/programming_language/scala/learning_scala/fp_in_scala/inorder.scala. Using presentation compiler with project's scala-library version: 3.8.4[0m
2026.08.02 05:02:39 INFO  no build target found for /Users/nilayshrivastava/Documents/programming_language/scala/learning_scala/fp_in_scala/inorder.scala. Using presentation compiler with project's scala-library version: 3.8.4[0m
2026.08.02 05:02:39 INFO  no build target found for /Users/nilayshrivastava/Documents/programming_language/scala/learning_scala/fp_in_scala/inorder.scala. Using presentation compiler with project's scala-library version: 3.8.4[0m
2026.08.02 05:02:39 INFO  no build target found for /Users/nilayshrivastava/Documents/programming_language/scala/learning_scala/fp_in_scala/inorder.scala. Using presentation compiler with project's scala-library version: 3.8.4[0m
2026.08.02 05:02:39 INFO  no build target found for /Users/nilayshrivastava/Documents/programming_language/scala/learning_scala/fp_in_scala/inorder.scala. Using presentation compiler with project's scala-library version: 3.8.4[0m
2026.08.02 05:02:39 INFO  no build target found for /Users/nilayshrivastava/Documents/programming_language/scala/learning_scala/fp_in_scala/inorder.scala. Using presentation compiler with project's scala-library version: 3.8.4[0m
2026.08.02 05:02:39 INFO  no build target found for /Users/nilayshrivastava/Documents/programming_language/scala/learning_scala/fp_in_scala/inorder.scala. Using presentation compiler with project's scala-library version: 3.8.4[0m
2026.08.02 05:02:39 INFO  no build target found for /Users/nilayshrivastava/Documents/programming_language/scala/learning_scala/fp_in_scala/inorder.scala. Using presentation compiler with project's scala-library version: 3.8.4[0m
2026.08.02 05:02:39 INFO  no build target found for /Users/nilayshrivastava/Documents/programming_language/scala/learning_scala/fp_in_scala/inorder.scala. Using presentation compiler with project's scala-library version: 3.8.4[0m
2026.08.02 05:02:39 INFO  no build target found for /Users/nilayshrivastava/Documents/programming_language/scala/learning_scala/fp_in_scala/inorder.scala. Using presentation compiler with project's scala-library version: 3.8.4[0m
2026.08.02 05:02:39 INFO  no build target found for /Users/nilayshrivastava/Documents/programming_language/scala/learning_scala/fp_in_scala/inorder.scala. Using presentation compiler with project's scala-library version: 3.8.4[0m
2026.08.02 05:02:39 INFO  no build target found for /Users/nilayshrivastava/Documents/programming_language/scala/learning_scala/fp_in_scala/inorder.scala. Using presentation compiler with project's scala-library version: 3.8.4[0m
2026.08.02 05:02:41 INFO  no build target found for /Users/nilayshrivastava/Documents/programming_language/scala/learning_scala/fp_in_scala/inorder.scala. Using presentation compiler with project's scala-library version: 3.8.4[0m
2026.08.02 05:02:41 INFO  no build target found for /Users/nilayshrivastava/Documents/programming_language/scala/learning_scala/fp_in_scala/inorder.scala. Using presentation compiler with project's scala-library version: 3.8.4[0m
2026.08.02 05:02:41 INFO  no build target found for /Users/nilayshrivastava/Documents/programming_language/scala/learning_scala/fp_in_scala/inorder.scala. Using presentation compiler with project's scala-library version: 3.8.4[0m
2026.08.02 05:02:41 INFO  no build target found for /Users/nilayshrivastava/Documents/programming_language/scala/learning_scala/fp_in_scala/inorder.scala. Using presentation compiler with project's scala-library version: 3.8.4[0m
2026.08.02 05:02:41 INFO  no build target found for /Users/nilayshrivastava/Documents/programming_language/scala/learning_scala/fp_in_scala/inorder.scala. Using presentation compiler with project's scala-library version: 3.8.4[0m
2026.08.02 05:02:41 INFO  no build target found for /Users/nilayshrivastava/Documents/programming_language/scala/learning_scala/fp_in_scala/inorder.scala. Using presentation compiler with project's scala-library version: 3.8.4[0m
2026.08.02 05:02:41 INFO  no build target found for /Users/nilayshrivastava/Documents/programming_language/scala/learning_scala/fp_in_scala/inorder.scala. Using presentation compiler with project's scala-library version: 3.8.4[0m
2026.08.02 05:02:41 INFO  no build target found for /Users/nilayshrivastava/Documents/programming_language/scala/learning_scala/fp_in_scala/inorder.scala. Using presentation compiler with project's scala-library version: 3.8.4[0m
2026.08.02 05:02:41 INFO  no build target found for /Users/nilayshrivastava/Documents/programming_language/scala/learning_scala/fp_in_scala/inorder.scala. Using presentation compiler with project's scala-library version: 3.8.4[0m
2026.08.02 05:02:41 INFO  no build target found for /Users/nilayshrivastava/Documents/programming_language/scala/learning_scala/fp_in_scala/inorder.scala. Using presentation compiler with project's scala-library version: 3.8.4[0m
2026.08.02 05:02:41 INFO  no build target found for /Users/nilayshrivastava/Documents/programming_language/scala/learning_scala/fp_in_scala/inorder.scala. Using presentation compiler with project's scala-library version: 3.8.4[0m
2026.08.02 05:02:41 INFO  no build target found for /Users/nilayshrivastava/Documents/programming_language/scala/learning_scala/fp_in_scala/inorder.scala. Using presentation compiler with project's scala-library version: 3.8.4[0m
2026.08.02 05:02:41 INFO  no build target found for /Users/nilayshrivastava/Documents/programming_language/scala/learning_scala/fp_in_scala/inorder.scala. Using presentation compiler with project's scala-library version: 3.8.4[0m
2026.08.02 05:02:41 INFO  no build target found for /Users/nilayshrivastava/Documents/programming_language/scala/learning_scala/fp_in_scala/inorder.scala. Using presentation compiler with project's scala-library version: 3.8.4[0m
2026.08.02 05:02:41 INFO  no build target found for /Users/nilayshrivastava/Documents/programming_language/scala/learning_scala/fp_in_scala/inorder.scala. Using presentation compiler with project's scala-library version: 3.8.4[0m
2026.08.02 05:02:41 INFO  no build target found for /Users/nilayshrivastava/Documents/programming_language/scala/learning_scala/fp_in_scala/inorder.scala. Using presentation compiler with project's scala-library version: 3.8.4[0m
2026.08.02 05:02:42 INFO  no build target found for /Users/nilayshrivastava/Documents/programming_language/scala/learning_scala/fp_in_scala/inorder.scala. Using presentation compiler with project's scala-library version: 3.8.4[0m
2026.08.02 05:02:42 INFO  no build target found for /Users/nilayshrivastava/Documents/programming_language/scala/learning_scala/fp_in_scala/inorder.scala. Using presentation compiler with project's scala-library version: 3.8.4[0m
2026.08.02 05:02:42 INFO  no build target found for /Users/nilayshrivastava/Documents/programming_language/scala/learning_scala/fp_in_scala/inorder.scala. Using presentation compiler with project's scala-library version: 3.8.4[0m
2026.08.02 05:02:42 INFO  no build target found for /Users/nilayshrivastava/Documents/programming_language/scala/learning_scala/fp_in_scala/inorder.scala. Using presentation compiler with project's scala-library version: 3.8.4[0m
2026.08.02 05:02:42 INFO  no build target found for /Users/nilayshrivastava/Documents/programming_language/scala/learning_scala/fp_in_scala/inorder.scala. Using presentation compiler with project's scala-library version: 3.8.4[0m
2026.08.02 05:02:42 INFO  no build target found for /Users/nilayshrivastava/Documents/programming_language/scala/learning_scala/fp_in_scala/inorder.scala. Using presentation compiler with project's scala-library version: 3.8.4[0m
2026.08.02 05:02:42 INFO  no build target found for /Users/nilayshrivastava/Documents/programming_language/scala/learning_scala/fp_in_scala/inorder.scala. Using presentation compiler with project's scala-library version: 3.8.4[0m
2026.08.02 05:02:42 INFO  no build target found for /Users/nilayshrivastava/Documents/programming_language/scala/learning_scala/fp_in_scala/inorder.scala. Using presentation compiler with project's scala-library version: 3.8.4[0m
2026.08.02 05:02:42 INFO  no build target found for /Users/nilayshrivastava/Documents/programming_language/scala/learning_scala/fp_in_scala/inorder.scala. Using presentation compiler with project's scala-library version: 3.8.4[0m
2026.08.02 05:02:42 INFO  no build target found for /Users/nilayshrivastava/Documents/programming_language/scala/learning_scala/fp_in_scala/inorder.scala. Using presentation compiler with project's scala-library version: 3.8.4[0m
2026.08.02 05:02:42 INFO  no build target found for /Users/nilayshrivastava/Documents/programming_language/scala/learning_scala/fp_in_scala/inorder.scala. Using presentation compiler with project's scala-library version: 3.8.4[0m
2026.08.02 05:02:42 INFO  no build target found for /Users/nilayshrivastava/Documents/programming_language/scala/learning_scala/fp_in_scala/inorder.scala. Using presentation compiler with project's scala-library version: 3.8.4[0m
2026.08.02 05:02:42 INFO  no build target found for /Users/nilayshrivastava/Documents/programming_language/scala/learning_scala/fp_in_scala/inorder.scala. Using presentation compiler with project's scala-library version: 3.8.4[0m
2026.08.02 05:02:43 INFO  no build target found for /Users/nilayshrivastava/Documents/programming_language/scala/learning_scala/fp_in_scala/inorder.scala. Using presentation compiler with project's scala-library version: 3.8.4[0m
2026.08.02 05:02:43 INFO  no build target found for /Users/nilayshrivastava/Documents/programming_language/scala/learning_scala/fp_in_scala/inorder.scala. Using presentation compiler with project's scala-library version: 3.8.4[0m
2026.08.02 05:02:43 INFO  no build target found for /Users/nilayshrivastava/Documents/programming_language/scala/learning_scala/fp_in_scala/inorder.scala. Using presentation compiler with project's scala-library version: 3.8.4[0m
2026.08.02 05:02:43 INFO  no build target found for /Users/nilayshrivastava/Documents/programming_language/scala/learning_scala/fp_in_scala/inorder.scala. Using presentation compiler with project's scala-library version: 3.8.4[0m
2026.08.02 05:02:43 INFO  no build target found for /Users/nilayshrivastava/Documents/programming_language/scala/learning_scala/fp_in_scala/inorder.scala. Using presentation compiler with project's scala-library version: 3.8.4[0m
2026.08.02 05:02:43 INFO  no build target found for /Users/nilayshrivastava/Documents/programming_language/scala/learning_scala/fp_in_scala/inorder.scala. Using presentation compiler with project's scala-library version: 3.8.4[0m
2026.08.02 05:02:43 INFO  no build target found for /Users/nilayshrivastava/Documents/programming_language/scala/learning_scala/fp_in_scala/inorder.scala. Using presentation compiler with project's scala-library version: 3.8.4[0m
2026.08.02 05:02:43 INFO  no build target found for /Users/nilayshrivastava/Documents/programming_language/scala/learning_scala/fp_in_scala/inorder.scala. Using presentation compiler with project's scala-library version: 3.8.4[0m
2026.08.02 05:02:43 INFO  no build target found for /Users/nilayshrivastava/Documents/programming_language/scala/learning_scala/fp_in_scala/inorder.scala. Using presentation compiler with project's scala-library version: 3.8.4[0m
2026.08.02 05:02:43 INFO  no build target found for /Users/nilayshrivastava/Documents/programming_language/scala/learning_scala/fp_in_scala/inorder.scala. Using presentation compiler with project's scala-library version: 3.8.4[0m
2026.08.02 05:02:43 INFO  no build target found for /Users/nilayshrivastava/Documents/programming_language/scala/learning_scala/fp_in_scala/inorder.scala. Using presentation compiler with project's scala-library version: 3.8.4[0m
2026.08.02 05:02:43 INFO  no build target found for /Users/nilayshrivastava/Documents/programming_language/scala/learning_scala/fp_in_scala/inorder.scala. Using presentation compiler with project's scala-library version: 3.8.4[0m
2026.08.02 05:02:43 INFO  no build target found for /Users/nilayshrivastava/Documents/programming_language/scala/learning_scala/fp_in_scala/inorder.scala. Using presentation compiler with project's scala-library version: 3.8.4[0m
2026.08.02 05:02:43 INFO  no build target found for /Users/nilayshrivastava/Documents/programming_language/scala/learning_scala/fp_in_scala/inorder.scala. Using presentation compiler with project's scala-library version: 3.8.4[0m
2026.08.02 05:02:43 INFO  no build target found for /Users/nilayshrivastava/Documents/programming_language/scala/learning_scala/fp_in_scala/inorder.scala. Using presentation compiler with project's scala-library version: 3.8.4[0m
2026.08.02 05:02:43 INFO  no build target found for /Users/nilayshrivastava/Documents/programming_language/scala/learning_scala/fp_in_scala/inorder.scala. Using presentation compiler with project's scala-library version: 3.8.4[0m
2026.08.02 05:02:43 INFO  no build target found for /Users/nilayshrivastava/Documents/programming_language/scala/learning_scala/fp_in_scala/inorder.scala. Using presentation compiler with project's scala-library version: 3.8.4[0m
2026.08.02 05:02:43 INFO  no build target found for /Users/nilayshrivastava/Documents/programming_language/scala/learning_scala/fp_in_scala/inorder.scala. Using presentation compiler with project's scala-library version: 3.8.4[0m
2026.08.02 05:02:43 INFO  no build target found for /Users/nilayshrivastava/Documents/programming_language/scala/learning_scala/fp_in_scala/inorder.scala. Using presentation compiler with project's scala-library version: 3.8.4[0m
2026.08.02 05:02:43 INFO  no build target found for /Users/nilayshrivastava/Documents/programming_language/scala/learning_scala/fp_in_scala/inorder.scala. Using presentation compiler with project's scala-library version: 3.8.4[0m
2026.08.02 05:02:43 INFO  no build target found for /Users/nilayshrivastava/Documents/programming_language/scala/learning_scala/fp_in_scala/inorder.scala. Using presentation compiler with project's scala-library version: 3.8.4[0m
2026.08.02 05:02:43 INFO  no build target found for /Users/nilayshrivastava/Documents/programming_language/scala/learning_scala/fp_in_scala/inorder.scala. Using presentation compiler with project's scala-library version: 3.8.4[0m
2026.08.02 05:02:44 INFO  no build target found for /Users/nilayshrivastava/Documents/programming_language/scala/learning_scala/fp_in_scala/inorder.scala. Using presentation compiler with project's scala-library version: 3.8.4[0m
2026.08.02 05:02:44 INFO  no build target found for /Users/nilayshrivastava/Documents/programming_language/scala/learning_scala/fp_in_scala/inorder.scala. Using presentation compiler with project's scala-library version: 3.8.4[0m
2026.08.02 05:02:44 INFO  no build target found for /Users/nilayshrivastava/Documents/programming_language/scala/learning_scala/fp_in_scala/inorder.scala. Using presentation compiler with project's scala-library version: 3.8.4[0m
2026.08.02 05:02:44 INFO  no build target found for /Users/nilayshrivastava/Documents/programming_language/scala/learning_scala/fp_in_scala/inorder.scala. Using presentation compiler with project's scala-library version: 3.8.4[0m
2026.08.02 05:02:44 INFO  no build target found for /Users/nilayshrivastava/Documents/programming_language/scala/learning_scala/fp_in_scala/inorder.scala. Using presentation compiler with project's scala-library version: 3.8.4[0m
2026.08.02 05:02:44 INFO  no build target found for /Users/nilayshrivastava/Documents/programming_language/scala/learning_scala/fp_in_scala/inorder.scala. Using presentation compiler with project's scala-library version: 3.8.4[0m
2026.08.02 05:02:44 INFO  no build target found for /Users/nilayshrivastava/Documents/programming_language/scala/learning_scala/fp_in_scala/inorder.scala. Using presentation compiler with project's scala-library version: 3.8.4[0m
2026.08.02 05:02:44 INFO  no build target found for /Users/nilayshrivastava/Documents/programming_language/scala/learning_scala/fp_in_scala/inorder.scala. Using presentation compiler with project's scala-library version: 3.8.4[0m
2026.08.02 05:02:44 INFO  no build target found for /Users/nilayshrivastava/Documents/programming_language/scala/learning_scala/fp_in_scala/inorder.scala. Using presentation compiler with project's scala-library version: 3.8.4[0m
2026.08.02 05:02:44 INFO  no build target found for /Users/nilayshrivastava/Documents/programming_language/scala/learning_scala/fp_in_scala/inorder.scala. Using presentation compiler with project's scala-library version: 3.8.4[0m
2026.08.02 05:02:44 INFO  no build target found for /Users/nilayshrivastava/Documents/programming_language/scala/learning_scala/fp_in_scala/inorder.scala. Using presentation compiler with project's scala-library version: 3.8.4[0m
2026.08.02 05:02:44 INFO  no build target found for /Users/nilayshrivastava/Documents/programming_language/scala/learning_scala/fp_in_scala/inorder.scala. Using presentation compiler with project's scala-library version: 3.8.4[0m
2026.08.02 05:02:44 INFO  no build target found for /Users/nilayshrivastava/Documents/programming_language/scala/learning_scala/fp_in_scala/inorder.scala. Using presentation compiler with project's scala-library version: 3.8.4[0m
2026.08.02 05:02:44 INFO  no build target found for /Users/nilayshrivastava/Documents/programming_language/scala/learning_scala/fp_in_scala/inorder.scala. Using presentation compiler with project's scala-library version: 3.8.4[0m
2026.08.02 05:02:44 INFO  no build target found for /Users/nilayshrivastava/Documents/programming_language/scala/learning_scala/fp_in_scala/inorder.scala. Using presentation compiler with project's scala-library version: 3.8.4[0m
2026.08.02 05:02:44 INFO  no build target found for /Users/nilayshrivastava/Documents/programming_language/scala/learning_scala/fp_in_scala/inorder.scala. Using presentation compiler with project's scala-library version: 3.8.4[0m
2026.08.02 05:02:44 INFO  no build target found for /Users/nilayshrivastava/Documents/programming_language/scala/learning_scala/fp_in_scala/inorder.scala. Using presentation compiler with project's scala-library version: 3.8.4[0m
2026.08.02 05:02:44 INFO  no build target found for /Users/nilayshrivastava/Documents/programming_language/scala/learning_scala/fp_in_scala/inorder.scala. Using presentation compiler with project's scala-library version: 3.8.4[0m
2026.08.02 05:02:44 INFO  no build target found for /Users/nilayshrivastava/Documents/programming_language/scala/learning_scala/fp_in_scala/inorder.scala. Using presentation compiler with project's scala-library version: 3.8.4[0m
2026.08.02 05:02:44 INFO  no build target found for /Users/nilayshrivastava/Documents/programming_language/scala/learning_scala/fp_in_scala/inorder.scala. Using presentation compiler with project's scala-library version: 3.8.4[0m
2026.08.02 05:02:44 INFO  no build target found for /Users/nilayshrivastava/Documents/programming_language/scala/learning_scala/fp_in_scala/inorder.scala. Using presentation compiler with project's scala-library version: 3.8.4[0m
2026.08.02 05:02:45 INFO  no build target found for /Users/nilayshrivastava/Documents/programming_language/scala/learning_scala/fp_in_scala/inorder.scala. Using presentation compiler with project's scala-library version: 3.8.4[0m
2026.08.02 05:02:45 INFO  no build target found for /Users/nilayshrivastava/Documents/programming_language/scala/learning_scala/fp_in_scala/inorder.scala. Using presentation compiler with project's scala-library version: 3.8.4[0m
2026.08.02 05:02:45 INFO  no build target found for /Users/nilayshrivastava/Documents/programming_language/scala/learning_scala/fp_in_scala/inorder.scala. Using presentation compiler with project's scala-library version: 3.8.4[0m
2026.08.02 05:02:45 INFO  no build target found for /Users/nilayshrivastava/Documents/programming_language/scala/learning_scala/fp_in_scala/inorder.scala. Using presentation compiler with project's scala-library version: 3.8.4[0m
2026.08.02 05:02:45 INFO  no build target found for /Users/nilayshrivastava/Documents/programming_language/scala/learning_scala/fp_in_scala/inorder.scala. Using presentation compiler with project's scala-library version: 3.8.4[0m
2026.08.02 05:02:45 INFO  no build target found for /Users/nilayshrivastava/Documents/programming_language/scala/learning_scala/fp_in_scala/inorder.scala. Using presentation compiler with project's scala-library version: 3.8.4[0m
2026.08.02 05:02:45 INFO  no build target found for /Users/nilayshrivastava/Documents/programming_language/scala/learning_scala/fp_in_scala/inorder.scala. Using presentation compiler with project's scala-library version: 3.8.4[0m
2026.08.02 05:02:45 INFO  no build target found for /Users/nilayshrivastava/Documents/programming_language/scala/learning_scala/fp_in_scala/inorder.scala. Using presentation compiler with project's scala-library version: 3.8.4[0m
2026.08.02 05:02:45 INFO  no build target found for /Users/nilayshrivastava/Documents/programming_language/scala/learning_scala/fp_in_scala/inorder.scala. Using presentation compiler with project's scala-library version: 3.8.4[0m
2026.08.02 05:02:45 INFO  no build target found for /Users/nilayshrivastava/Documents/programming_language/scala/learning_scala/fp_in_scala/inorder.scala. Using presentation compiler with project's scala-library version: 3.8.4[0m
2026.08.02 05:02:45 INFO  no build target found for /Users/nilayshrivastava/Documents/programming_language/scala/learning_scala/fp_in_scala/inorder.scala. Using presentation compiler with project's scala-library version: 3.8.4[0m
2026.08.02 05:02:45 INFO  no build target found for /Users/nilayshrivastava/Documents/programming_language/scala/learning_scala/fp_in_scala/inorder.scala. Using presentation compiler with project's scala-library version: 3.8.4[0m
2026.08.02 05:02:45 INFO  no build target found for /Users/nilayshrivastava/Documents/programming_language/scala/learning_scala/fp_in_scala/inorder.scala. Using presentation compiler with project's scala-library version: 3.8.4[0m
2026.08.02 05:02:45 INFO  no build target found for /Users/nilayshrivastava/Documents/programming_language/scala/learning_scala/fp_in_scala/inorder.scala. Using presentation compiler with project's scala-library version: 3.8.4[0m
2026.08.02 05:02:45 INFO  no build target found for /Users/nilayshrivastava/Documents/programming_language/scala/learning_scala/fp_in_scala/inorder.scala. Using presentation compiler with project's scala-library version: 3.8.4[0m
2026.08.02 05:02:45 INFO  no build target found for /Users/nilayshrivastava/Documents/programming_language/scala/learning_scala/fp_in_scala/inorder.scala. Using presentation compiler with project's scala-library version: 3.8.4[0m
2026.08.02 05:02:45 INFO  no build target found for /Users/nilayshrivastava/Documents/programming_language/scala/learning_scala/fp_in_scala/inorder.scala. Using presentation compiler with project's scala-library version: 3.8.4[0m
2026.08.02 05:02:45 INFO  no build target found for /Users/nilayshrivastava/Documents/programming_language/scala/learning_scala/fp_in_scala/inorder.scala. Using presentation compiler with project's scala-library version: 3.8.4[0m
2026.08.02 05:02:45 INFO  no build target found for /Users/nilayshrivastava/Documents/programming_language/scala/learning_scala/fp_in_scala/inorder.scala. Using presentation compiler with project's scala-library version: 3.8.4[0m
2026.08.02 05:02:45 INFO  no build target found for /Users/nilayshrivastava/Documents/programming_language/scala/learning_scala/fp_in_scala/inorder.scala. Using presentation compiler with project's scala-library version: 3.8.4[0m
2026.08.02 05:02:46 INFO  no build target found for /Users/nilayshrivastava/Documents/programming_language/scala/learning_scala/fp_in_scala/inorder.scala. Using presentation compiler with project's scala-library version: 3.8.4[0m
2026.08.02 05:02:46 INFO  no build target found for /Users/nilayshrivastava/Documents/programming_language/scala/learning_scala/fp_in_scala/inorder.scala. Using presentation compiler with project's scala-library version: 3.8.4[0m
2026.08.02 05:02:46 INFO  no build target found for /Users/nilayshrivastava/Documents/programming_language/scala/learning_scala/fp_in_scala/inorder.scala. Using presentation compiler with project's scala-library version: 3.8.4[0m
2026.08.02 05:02:46 INFO  no build target found for /Users/nilayshrivastava/Documents/programming_language/scala/learning_scala/fp_in_scala/inorder.scala. Using presentation compiler with project's scala-library version: 3.8.4[0m
2026.08.02 05:02:46 INFO  no build target found for /Users/nilayshrivastava/Documents/programming_language/scala/learning_scala/fp_in_scala/inorder.scala. Using presentation compiler with project's scala-library version: 3.8.4[0m
2026.08.02 05:02:46 INFO  no build target found for /Users/nilayshrivastava/Documents/programming_language/scala/learning_scala/fp_in_scala/inorder.scala. Using presentation compiler with project's scala-library version: 3.8.4[0m
2026.08.02 05:02:46 INFO  no build target found for /Users/nilayshrivastava/Documents/programming_language/scala/learning_scala/fp_in_scala/inorder.scala. Using presentation compiler with project's scala-library version: 3.8.4[0m
2026.08.02 05:02:46 INFO  no build target found for /Users/nilayshrivastava/Documents/programming_language/scala/learning_scala/fp_in_scala/inorder.scala. Using presentation compiler with project's scala-library version: 3.8.4[0m
2026.08.02 05:02:46 INFO  no build target found for /Users/nilayshrivastava/Documents/programming_language/scala/learning_scala/fp_in_scala/inorder.scala. Using presentation compiler with project's scala-library version: 3.8.4[0m
2026.08.02 05:02:46 INFO  no build target found for /Users/nilayshrivastava/Documents/programming_language/scala/learning_scala/fp_in_scala/inorder.scala. Using presentation compiler with project's scala-library version: 3.8.4[0m
2026.08.02 05:02:46 INFO  no build target found for /Users/nilayshrivastava/Documents/programming_language/scala/learning_scala/fp_in_scala/inorder.scala. Using presentation compiler with project's scala-library version: 3.8.4[0m
2026.08.02 05:02:46 INFO  no build target found for /Users/nilayshrivastava/Documents/programming_language/scala/learning_scala/fp_in_scala/inorder.scala. Using presentation compiler with project's scala-library version: 3.8.4[0m
2026.08.02 05:02:46 INFO  no build target found for /Users/nilayshrivastava/Documents/programming_language/scala/learning_scala/fp_in_scala/inorder.scala. Using presentation compiler with project's scala-library version: 3.8.4[0m
2026.08.02 05:02:47 INFO  no build target found for /Users/nilayshrivastava/Documents/programming_language/scala/learning_scala/fp_in_scala/inorder.scala. Using presentation compiler with project's scala-library version: 3.8.4[0m
2026.08.02 05:02:47 INFO  no build target found for /Users/nilayshrivastava/Documents/programming_language/scala/learning_scala/fp_in_scala/inorder.scala. Using presentation compiler with project's scala-library version: 3.8.4[0m
2026.08.02 05:02:47 INFO  no build target found for /Users/nilayshrivastava/Documents/programming_language/scala/learning_scala/fp_in_scala/inorder.scala. Using presentation compiler with project's scala-library version: 3.8.4[0m
2026.08.02 05:02:47 INFO  no build target found for /Users/nilayshrivastava/Documents/programming_language/scala/learning_scala/fp_in_scala/inorder.scala. Using presentation compiler with project's scala-library version: 3.8.4[0m
2026.08.02 05:02:47 INFO  no build target found for /Users/nilayshrivastava/Documents/programming_language/scala/learning_scala/fp_in_scala/inorder.scala. Using presentation compiler with project's scala-library version: 3.8.4[0m
2026.08.02 05:02:47 INFO  no build target found for /Users/nilayshrivastava/Documents/programming_language/scala/learning_scala/fp_in_scala/inorder.scala. Using presentation compiler with project's scala-library version: 3.8.4[0m
2026.08.02 05:02:47 INFO  no build target found for /Users/nilayshrivastava/Documents/programming_language/scala/learning_scala/fp_in_scala/inorder.scala. Using presentation compiler with project's scala-library version: 3.8.4[0m
2026.08.02 05:02:47 INFO  no build target found for /Users/nilayshrivastava/Documents/programming_language/scala/learning_scala/fp_in_scala/inorder.scala. Using presentation compiler with project's scala-library version: 3.8.4[0m
2026.08.02 05:02:47 INFO  no build target found for /Users/nilayshrivastava/Documents/programming_language/scala/learning_scala/fp_in_scala/inorder.scala. Using presentation compiler with project's scala-library version: 3.8.4[0m
2026.08.02 05:02:48 INFO  no build target found for /Users/nilayshrivastava/Documents/programming_language/scala/learning_scala/fp_in_scala/inorder.scala. Using presentation compiler with project's scala-library version: 3.8.4[0m
2026.08.02 05:02:48 INFO  no build target found for /Users/nilayshrivastava/Documents/programming_language/scala/learning_scala/fp_in_scala/inorder.scala. Using presentation compiler with project's scala-library version: 3.8.4[0m
2026.08.02 05:02:48 INFO  no build target found for /Users/nilayshrivastava/Documents/programming_language/scala/learning_scala/fp_in_scala/inorder.scala. Using presentation compiler with project's scala-library version: 3.8.4[0m
2026.08.02 05:02:48 INFO  no build target found for /Users/nilayshrivastava/Documents/programming_language/scala/learning_scala/fp_in_scala/inorder.scala. Using presentation compiler with project's scala-library version: 3.8.4[0m
2026.08.02 05:02:50 INFO  no build target found for /Users/nilayshrivastava/Documents/programming_language/scala/learning_scala/fp_in_scala/inorder.scala. Using presentation compiler with project's scala-library version: 3.8.4[0m
2026.08.02 05:02:50 INFO  no build target found for /Users/nilayshrivastava/Documents/programming_language/scala/learning_scala/fp_in_scala/inorder.scala. Using presentation compiler with project's scala-library version: 3.8.4[0m
2026.08.02 05:02:50 INFO  no build target found for /Users/nilayshrivastava/Documents/programming_language/scala/learning_scala/fp_in_scala/inorder.scala. Using presentation compiler with project's scala-library version: 3.8.4[0m
2026.08.02 05:02:50 INFO  no build target found for /Users/nilayshrivastava/Documents/programming_language/scala/learning_scala/fp_in_scala/inorder.scala. Using presentation compiler with project's scala-library version: 3.8.4[0m
2026.08.02 05:02:50 INFO  no build target found for /Users/nilayshrivastava/Documents/programming_language/scala/learning_scala/fp_in_scala/inorder.scala. Using presentation compiler with project's scala-library version: 3.8.4[0m
2026.08.02 05:02:50 INFO  no build target found for /Users/nilayshrivastava/Documents/programming_language/scala/learning_scala/fp_in_scala/inorder.scala. Using presentation compiler with project's scala-library version: 3.8.4[0m
2026.08.02 05:02:50 INFO  no build target found for /Users/nilayshrivastava/Documents/programming_language/scala/learning_scala/fp_in_scala/inorder.scala. Using presentation compiler with project's scala-library version: 3.8.4[0m
2026.08.02 05:02:50 INFO  no build target found for /Users/nilayshrivastava/Documents/programming_language/scala/learning_scala/fp_in_scala/inorder.scala. Using presentation compiler with project's scala-library version: 3.8.4[0m
2026.08.02 05:02:50 INFO  no build target found for /Users/nilayshrivastava/Documents/programming_language/scala/learning_scala/fp_in_scala/inorder.scala. Using presentation compiler with project's scala-library version: 3.8.4[0m
2026.08.02 05:02:50 INFO  no build target found for /Users/nilayshrivastava/Documents/programming_language/scala/learning_scala/fp_in_scala/inorder.scala. Using presentation compiler with project's scala-library version: 3.8.4[0m
2026.08.02 05:02:50 INFO  no build target found for /Users/nilayshrivastava/Documents/programming_language/scala/learning_scala/fp_in_scala/inorder.scala. Using presentation compiler with project's scala-library version: 3.8.4[0m
2026.08.02 05:02:50 INFO  no build target found for /Users/nilayshrivastava/Documents/programming_language/scala/learning_scala/fp_in_scala/inorder.scala. Using presentation compiler with project's scala-library version: 3.8.4[0m
2026.08.02 05:02:50 INFO  no build target found for /Users/nilayshrivastava/Documents/programming_language/scala/learning_scala/fp_in_scala/inorder.scala. Using presentation compiler with project's scala-library version: 3.8.4[0m
2026.08.02 05:02:51 INFO  no build target found for /Users/nilayshrivastava/Documents/programming_language/scala/learning_scala/fp_in_scala/inorder.scala. Using presentation compiler with project's scala-library version: 3.8.4[0m
2026.08.02 05:02:51 INFO  no build target found for /Users/nilayshrivastava/Documents/programming_language/scala/learning_scala/fp_in_scala/inorder.scala. Using presentation compiler with project's scala-library version: 3.8.4[0m
2026.08.02 05:02:51 INFO  no build target found for /Users/nilayshrivastava/Documents/programming_language/scala/learning_scala/fp_in_scala/inorder.scala. Using presentation compiler with project's scala-library version: 3.8.4[0m
2026.08.02 05:02:51 INFO  no build target found for /Users/nilayshrivastava/Documents/programming_language/scala/learning_scala/fp_in_scala/inorder.scala. Using presentation compiler with project's scala-library version: 3.8.4[0m
2026.08.02 05:02:51 INFO  no build target found for /Users/nilayshrivastava/Documents/programming_language/scala/learning_scala/fp_in_scala/inorder.scala. Using presentation compiler with project's scala-library version: 3.8.4[0m
2026.08.02 05:02:51 INFO  no build target found for /Users/nilayshrivastava/Documents/programming_language/scala/learning_scala/fp_in_scala/inorder.scala. Using presentation compiler with project's scala-library version: 3.8.4[0m
2026.08.02 05:02:51 INFO  no build target found for /Users/nilayshrivastava/Documents/programming_language/scala/learning_scala/fp_in_scala/inorder.scala. Using presentation compiler with project's scala-library version: 3.8.4[0m
2026.08.02 05:02:51 INFO  no build target found for /Users/nilayshrivastava/Documents/programming_language/scala/learning_scala/fp_in_scala/inorder.scala. Using presentation compiler with project's scala-library version: 3.8.4[0m
2026.08.02 05:02:51 INFO  no build target found for /Users/nilayshrivastava/Documents/programming_language/scala/learning_scala/fp_in_scala/inorder.scala. Using presentation compiler with project's scala-library version: 3.8.4[0m
2026.08.02 05:02:51 INFO  no build target found for /Users/nilayshrivastava/Documents/programming_language/scala/learning_scala/fp_in_scala/inorder.scala. Using presentation compiler with project's scala-library version: 3.8.4[0m
2026.08.02 05:02:52 INFO  no build target found for /Users/nilayshrivastava/Documents/programming_language/scala/learning_scala/fp_in_scala/inorder.scala. Using presentation compiler with project's scala-library version: 3.8.4[0m
2026.08.02 05:02:52 INFO  no build target found for /Users/nilayshrivastava/Documents/programming_language/scala/learning_scala/fp_in_scala/inorder.scala. Using presentation compiler with project's scala-library version: 3.8.4[0m
2026.08.02 05:02:52 INFO  no build target found for /Users/nilayshrivastava/Documents/programming_language/scala/learning_scala/fp_in_scala/inorder.scala. Using presentation compiler with project's scala-library version: 3.8.4[0m
2026.08.02 05:02:52 INFO  no build target found for /Users/nilayshrivastava/Documents/programming_language/scala/learning_scala/fp_in_scala/inorder.scala. Using presentation compiler with project's scala-library version: 3.8.4[0m
2026.08.02 05:02:52 INFO  no build target found for /Users/nilayshrivastava/Documents/programming_language/scala/learning_scala/fp_in_scala/inorder.scala. Using presentation compiler with project's scala-library version: 3.8.4[0m
2026.08.02 05:02:53 INFO  no build target found for /Users/nilayshrivastava/Documents/programming_language/scala/learning_scala/fp_in_scala/inorder.scala. Using presentation compiler with project's scala-library version: 3.8.4[0m
2026.08.02 05:02:53 INFO  no build target found for /Users/nilayshrivastava/Documents/programming_language/scala/learning_scala/fp_in_scala/inorder.scala. Using presentation compiler with project's scala-library version: 3.8.4[0m
2026.08.02 05:02:53 INFO  no build target found for /Users/nilayshrivastava/Documents/programming_language/scala/learning_scala/fp_in_scala/inorder.scala. Using presentation compiler with project's scala-library version: 3.8.4[0m
2026.08.02 05:02:53 INFO  no build target found for /Users/nilayshrivastava/Documents/programming_language/scala/learning_scala/fp_in_scala/inorder.scala. Using presentation compiler with project's scala-library version: 3.8.4[0m
2026.08.02 05:02:53 INFO  no build target found for /Users/nilayshrivastava/Documents/programming_language/scala/learning_scala/fp_in_scala/inorder.scala. Using presentation compiler with project's scala-library version: 3.8.4[0m
2026.08.02 05:02:53 INFO  no build target found for /Users/nilayshrivastava/Documents/programming_language/scala/learning_scala/fp_in_scala/inorder.scala. Using presentation compiler with project's scala-library version: 3.8.4[0m
2026.08.02 05:02:55 INFO  no build target found for /Users/nilayshrivastava/Documents/programming_language/scala/learning_scala/fp_in_scala/inorder.scala. Using presentation compiler with project's scala-library version: 3.8.4[0m
2026.08.02 05:02:55 INFO  no build target found for /Users/nilayshrivastava/Documents/programming_language/scala/learning_scala/fp_in_scala/inorder.scala. Using presentation compiler with project's scala-library version: 3.8.4[0m
2026.08.02 05:02:56 INFO  no build target found for /Users/nilayshrivastava/Documents/programming_language/scala/learning_scala/fp_in_scala/inorder.scala. Using presentation compiler with project's scala-library version: 3.8.4[0m
2026.08.02 05:02:56 INFO  no build target found for /Users/nilayshrivastava/Documents/programming_language/scala/learning_scala/fp_in_scala/inorder.scala. Using presentation compiler with project's scala-library version: 3.8.4[0m
2026.08.02 05:02:57 INFO  no build target found for /Users/nilayshrivastava/Documents/programming_language/scala/learning_scala/fp_in_scala/inorder.scala. Using presentation compiler with project's scala-library version: 3.8.4[0m
2026.08.02 05:02:57 INFO  no build target found for /Users/nilayshrivastava/Documents/programming_language/scala/learning_scala/fp_in_scala/inorder.scala. Using presentation compiler with project's scala-library version: 3.8.4[0m
2026.08.02 05:02:57 INFO  no build target found for /Users/nilayshrivastava/Documents/programming_language/scala/learning_scala/fp_in_scala/inorder.scala. Using presentation compiler with project's scala-library version: 3.8.4[0m
2026.08.02 05:02:57 INFO  no build target found for /Users/nilayshrivastava/Documents/programming_language/scala/learning_scala/fp_in_scala/inorder.scala. Using presentation compiler with project's scala-library version: 3.8.4[0m
2026.08.02 05:02:57 INFO  no build target found for /Users/nilayshrivastava/Documents/programming_language/scala/learning_scala/fp_in_scala/inorder.scala. Using presentation compiler with project's scala-library version: 3.8.4[0m
2026.08.02 05:02:57 INFO  no build target found for /Users/nilayshrivastava/Documents/programming_language/scala/learning_scala/fp_in_scala/inorder.scala. Using presentation compiler with project's scala-library version: 3.8.4[0m
2026.08.02 05:02:57 INFO  no build target found for /Users/nilayshrivastava/Documents/programming_language/scala/learning_scala/fp_in_scala/inorder.scala. Using presentation compiler with project's scala-library version: 3.8.4[0m
2026.08.02 05:02:57 INFO  no build target found for /Users/nilayshrivastava/Documents/programming_language/scala/learning_scala/fp_in_scala/inorder.scala. Using presentation compiler with project's scala-library version: 3.8.4[0m
2026.08.02 05:02:57 INFO  no build target found for /Users/nilayshrivastava/Documents/programming_language/scala/learning_scala/fp_in_scala/inorder.scala. Using presentation compiler with project's scala-library version: 3.8.4[0m
2026.08.02 05:02:57 INFO  no build target found for /Users/nilayshrivastava/Documents/programming_language/scala/learning_scala/fp_in_scala/inorder.scala. Using presentation compiler with project's scala-library version: 3.8.4[0m
2026.08.02 05:02:58 INFO  no build target found for /Users/nilayshrivastava/Documents/programming_language/scala/learning_scala/fp_in_scala/inorder.scala. Using presentation compiler with project's scala-library version: 3.8.4[0m
2026.08.02 05:02:58 INFO  no build target found for /Users/nilayshrivastava/Documents/programming_language/scala/learning_scala/fp_in_scala/inorder.scala. Using presentation compiler with project's scala-library version: 3.8.4[0m
2026.08.02 05:02:58 INFO  no build target found for /Users/nilayshrivastava/Documents/programming_language/scala/learning_scala/fp_in_scala/inorder.scala. Using presentation compiler with project's scala-library version: 3.8.4[0m
2026.08.02 05:02:58 INFO  no build target found for /Users/nilayshrivastava/Documents/programming_language/scala/learning_scala/fp_in_scala/inorder.scala. Using presentation compiler with project's scala-library version: 3.8.4[0m
2026.08.02 05:02:59 INFO  no build target found for /Users/nilayshrivastava/Documents/programming_language/scala/learning_scala/fp_in_scala/inorder.scala. Using presentation compiler with project's scala-library version: 3.8.4[0m
2026.08.02 05:02:59 INFO  no build target found for /Users/nilayshrivastava/Documents/programming_language/scala/learning_scala/fp_in_scala/inorder.scala. Using presentation compiler with project's scala-library version: 3.8.4[0m
2026.08.02 05:02:59 INFO  no build target found for /Users/nilayshrivastava/Documents/programming_language/scala/learning_scala/fp_in_scala/inorder.scala. Using presentation compiler with project's scala-library version: 3.8.4[0m
2026.08.02 05:02:59 INFO  no build target found for /Users/nilayshrivastava/Documents/programming_language/scala/learning_scala/fp_in_scala/inorder.scala. Using presentation compiler with project's scala-library version: 3.8.4[0m
2026.08.02 05:03:27 INFO  no build target found for /Users/nilayshrivastava/Documents/programming_language/scala/learning_scala/fp_in_scala/inorder.scala. Using presentation compiler with project's scala-library version: 3.8.4[0m
2026.08.02 05:03:27 INFO  no build target found for /Users/nilayshrivastava/Documents/programming_language/scala/learning_scala/fp_in_scala/inorder.scala. Using presentation compiler with project's scala-library version: 3.8.4[0m
2026.08.02 05:03:27 INFO  no build target found for /Users/nilayshrivastava/Documents/programming_language/scala/learning_scala/fp_in_scala/inorder.scala. Using presentation compiler with project's scala-library version: 3.8.4[0m
2026.08.02 05:03:27 INFO  no build target found for /Users/nilayshrivastava/Documents/programming_language/scala/learning_scala/fp_in_scala/inorder.scala. Using presentation compiler with project's scala-library version: 3.8.4[0m
2026.08.02 05:03:27 INFO  no build target found for /Users/nilayshrivastava/Documents/programming_language/scala/learning_scala/fp_in_scala/inorder.scala. Using presentation compiler with project's scala-library version: 3.8.4[0m
2026.08.02 05:03:27 INFO  no build target found for /Users/nilayshrivastava/Documents/programming_language/scala/learning_scala/fp_in_scala/inorder.scala. Using presentation compiler with project's scala-library version: 3.8.4[0m
2026.08.02 05:03:27 INFO  no build target found for /Users/nilayshrivastava/Documents/programming_language/scala/learning_scala/fp_in_scala/inorder.scala. Using presentation compiler with project's scala-library version: 3.8.4[0m
2026.08.02 05:03:29 INFO  no build target found for /Users/nilayshrivastava/Documents/programming_language/scala/learning_scala/fp_in_scala/inorder.scala. Using presentation compiler with project's scala-library version: 3.8.4[0m
2026.08.02 05:03:29 INFO  no build target found for /Users/nilayshrivastava/Documents/programming_language/scala/learning_scala/fp_in_scala/inorder.scala. Using presentation compiler with project's scala-library version: 3.8.4[0m
2026.08.02 05:03:29 INFO  no build target found for /Users/nilayshrivastava/Documents/programming_language/scala/learning_scala/fp_in_scala/inorder.scala. Using presentation compiler with project's scala-library version: 3.8.4[0m
2026.08.02 05:03:29 INFO  no build target found for /Users/nilayshrivastava/Documents/programming_language/scala/learning_scala/fp_in_scala/inorder.scala. Using presentation compiler with project's scala-library version: 3.8.4[0m
2026.08.02 05:03:29 INFO  no build target found for /Users/nilayshrivastava/Documents/programming_language/scala/learning_scala/fp_in_scala/inorder.scala. Using presentation compiler with project's scala-library version: 3.8.4[0m
2026.08.02 05:03:29 INFO  no build target found for /Users/nilayshrivastava/Documents/programming_language/scala/learning_scala/fp_in_scala/inorder.scala. Using presentation compiler with project's scala-library version: 3.8.4[0m
2026.08.02 05:03:29 INFO  no build target found for /Users/nilayshrivastava/Documents/programming_language/scala/learning_scala/fp_in_scala/inorder.scala. Using presentation compiler with project's scala-library version: 3.8.4[0m
2026.08.02 05:03:30 INFO  no build target found for /Users/nilayshrivastava/Documents/programming_language/scala/learning_scala/fp_in_scala/inorder.scala. Using presentation compiler with project's scala-library version: 3.8.4[0m
2026.08.02 05:03:30 INFO  no build target found for /Users/nilayshrivastava/Documents/programming_language/scala/learning_scala/fp_in_scala/inorder.scala. Using presentation compiler with project's scala-library version: 3.8.4[0m
2026.08.02 05:03:30 INFO  no build target found for /Users/nilayshrivastava/Documents/programming_language/scala/learning_scala/fp_in_scala/inorder.scala. Using presentation compiler with project's scala-library version: 3.8.4[0m
2026.08.02 05:03:30 INFO  no build target found for /Users/nilayshrivastava/Documents/programming_language/scala/learning_scala/fp_in_scala/inorder.scala. Using presentation compiler with project's scala-library version: 3.8.4[0m
2026.08.02 05:03:30 INFO  no build target found for /Users/nilayshrivastava/Documents/programming_language/scala/learning_scala/fp_in_scala/inorder.scala. Using presentation compiler with project's scala-library version: 3.8.4[0m
2026.08.02 05:03:31 INFO  no build target found for /Users/nilayshrivastava/Documents/programming_language/scala/learning_scala/fp_in_scala/inorder.scala. Using presentation compiler with project's scala-library version: 3.8.4[0m
2026.08.02 05:03:31 INFO  no build target found for /Users/nilayshrivastava/Documents/programming_language/scala/learning_scala/fp_in_scala/inorder.scala. Using presentation compiler with project's scala-library version: 3.8.4[0m
2026.08.02 05:03:31 INFO  no build target found for /Users/nilayshrivastava/Documents/programming_language/scala/learning_scala/fp_in_scala/inorder.scala. Using presentation compiler with project's scala-library version: 3.8.4[0m
2026.08.02 05:03:31 INFO  no build target found for /Users/nilayshrivastava/Documents/programming_language/scala/learning_scala/fp_in_scala/inorder.scala. Using presentation compiler with project's scala-library version: 3.8.4[0m
2026.08.02 05:03:31 INFO  no build target found for /Users/nilayshrivastava/Documents/programming_language/scala/learning_scala/fp_in_scala/inorder.scala. Using presentation compiler with project's scala-library version: 3.8.4[0m
2026.08.02 05:03:31 INFO  no build target found for /Users/nilayshrivastava/Documents/programming_language/scala/learning_scala/fp_in_scala/inorder.scala. Using presentation compiler with project's scala-library version: 3.8.4[0m
2026.08.02 05:03:32 INFO  no build target found for /Users/nilayshrivastava/Documents/programming_language/scala/learning_scala/fp_in_scala/inorder.scala. Using presentation compiler with project's scala-library version: 3.8.4[0m
2026.08.02 05:03:32 INFO  no build target found for /Users/nilayshrivastava/Documents/programming_language/scala/learning_scala/fp_in_scala/inorder.scala. Using presentation compiler with project's scala-library version: 3.8.4[0m
2026.08.02 05:03:32 INFO  no build target found for /Users/nilayshrivastava/Documents/programming_language/scala/learning_scala/fp_in_scala/inorder.scala. Using presentation compiler with project's scala-library version: 3.8.4[0m
2026.08.02 05:03:32 INFO  no build target found for /Users/nilayshrivastava/Documents/programming_language/scala/learning_scala/fp_in_scala/inorder.scala. Using presentation compiler with project's scala-library version: 3.8.4[0m
2026.08.02 05:03:32 INFO  no build target found for /Users/nilayshrivastava/Documents/programming_language/scala/learning_scala/fp_in_scala/inorder.scala. Using presentation compiler with project's scala-library version: 3.8.4[0m
2026.08.02 05:03:32 INFO  no build target found for /Users/nilayshrivastava/Documents/programming_language/scala/learning_scala/fp_in_scala/inorder.scala. Using presentation compiler with project's scala-library version: 3.8.4[0m
2026.08.02 05:03:33 INFO  no build target found for /Users/nilayshrivastava/Documents/programming_language/scala/learning_scala/fp_in_scala/inorder.scala. Using presentation compiler with project's scala-library version: 3.8.4[0m
2026.08.02 05:03:33 INFO  no build target found for /Users/nilayshrivastava/Documents/programming_language/scala/learning_scala/fp_in_scala/inorder.scala. Using presentation compiler with project's scala-library version: 3.8.4[0m
2026.08.02 05:03:33 INFO  no build target found for /Users/nilayshrivastava/Documents/programming_language/scala/learning_scala/fp_in_scala/inorder.scala. Using presentation compiler with project's scala-library version: 3.8.4[0m
2026.08.02 05:03:33 INFO  no build target found for /Users/nilayshrivastava/Documents/programming_language/scala/learning_scala/fp_in_scala/inorder.scala. Using presentation compiler with project's scala-library version: 3.8.4[0m
2026.08.02 05:03:33 INFO  no build target found for /Users/nilayshrivastava/Documents/programming_language/scala/learning_scala/fp_in_scala/inorder.scala. Using presentation compiler with project's scala-library version: 3.8.4[0m
2026.08.02 05:03:33 INFO  no build target found for /Users/nilayshrivastava/Documents/programming_language/scala/learning_scala/fp_in_scala/inorder.scala. Using presentation compiler with project's scala-library version: 3.8.4[0m
2026.08.02 05:03:33 INFO  no build target found for /Users/nilayshrivastava/Documents/programming_language/scala/learning_scala/fp_in_scala/inorder.scala. Using presentation compiler with project's scala-library version: 3.8.4[0m
2026.08.02 05:03:33 INFO  no build target found for /Users/nilayshrivastava/Documents/programming_language/scala/learning_scala/fp_in_scala/inorder.scala. Using presentation compiler with project's scala-library version: 3.8.4[0m
2026.08.02 05:03:33 INFO  no build target found for /Users/nilayshrivastava/Documents/programming_language/scala/learning_scala/fp_in_scala/inorder.scala. Using presentation compiler with project's scala-library version: 3.8.4[0m
2026.08.02 05:03:33 INFO  no build target found for /Users/nilayshrivastava/Documents/programming_language/scala/learning_scala/fp_in_scala/inorder.scala. Using presentation compiler with project's scala-library version: 3.8.4[0m
2026.08.02 05:03:37 INFO  no build target found for /Users/nilayshrivastava/Documents/programming_language/scala/learning_scala/fp_in_scala/inorder.scala. Using presentation compiler with project's scala-library version: 3.8.4[0m
2026.08.02 05:03:37 INFO  no build target found for /Users/nilayshrivastava/Documents/programming_language/scala/learning_scala/fp_in_scala/inorder.scala. Using presentation compiler with project's scala-library version: 3.8.4[0m
2026.08.02 05:03:37 INFO  no build target found for /Users/nilayshrivastava/Documents/programming_language/scala/learning_scala/fp_in_scala/inorder.scala. Using presentation compiler with project's scala-library version: 3.8.4[0m
2026.08.02 05:03:37 INFO  no build target found for /Users/nilayshrivastava/Documents/programming_language/scala/learning_scala/fp_in_scala/inorder.scala. Using presentation compiler with project's scala-library version: 3.8.4[0m
2026.08.02 05:03:37 INFO  no build target found for /Users/nilayshrivastava/Documents/programming_language/scala/learning_scala/fp_in_scala/inorder.scala. Using presentation compiler with project's scala-library version: 3.8.4[0m
2026.08.02 05:03:37 INFO  no build target found for /Users/nilayshrivastava/Documents/programming_language/scala/learning_scala/fp_in_scala/inorder.scala. Using presentation compiler with project's scala-library version: 3.8.4[0m
2026.08.02 05:03:37 INFO  no build target found for /Users/nilayshrivastava/Documents/programming_language/scala/learning_scala/fp_in_scala/inorder.scala. Using presentation compiler with project's scala-library version: 3.8.4[0m
2026.08.02 05:03:37 INFO  no build target found for /Users/nilayshrivastava/Documents/programming_language/scala/learning_scala/fp_in_scala/inorder.scala. Using presentation compiler with project's scala-library version: 3.8.4[0m
2026.08.02 05:03:37 INFO  no build target found for /Users/nilayshrivastava/Documents/programming_language/scala/learning_scala/fp_in_scala/inorder.scala. Using presentation compiler with project's scala-library version: 3.8.4[0m
2026.08.02 05:03:37 INFO  no build target found for /Users/nilayshrivastava/Documents/programming_language/scala/learning_scala/fp_in_scala/inorder.scala. Using presentation compiler with project's scala-library version: 3.8.4[0m
2026.08.02 05:03:39 INFO  no build target found for /Users/nilayshrivastava/Documents/programming_language/scala/learning_scala/fp_in_scala/inorder.scala. Using presentation compiler with project's scala-library version: 3.8.4[0m
2026.08.02 05:03:39 INFO  no build target found for /Users/nilayshrivastava/Documents/programming_language/scala/learning_scala/fp_in_scala/inorder.scala. Using presentation compiler with project's scala-library version: 3.8.4[0m
2026.08.02 05:03:39 INFO  no build target found for /Users/nilayshrivastava/Documents/programming_language/scala/learning_scala/fp_in_scala/inorder.scala. Using presentation compiler with project's scala-library version: 3.8.4[0m
2026.08.02 05:03:39 INFO  no build target found for /Users/nilayshrivastava/Documents/programming_language/scala/learning_scala/fp_in_scala/inorder.scala. Using presentation compiler with project's scala-library version: 3.8.4[0m
2026.08.02 05:03:39 INFO  no build target found for /Users/nilayshrivastava/Documents/programming_language/scala/learning_scala/fp_in_scala/inorder.scala. Using presentation compiler with project's scala-library version: 3.8.4[0m
2026.08.02 05:03:40 INFO  no build target found for /Users/nilayshrivastava/Documents/programming_language/scala/learning_scala/fp_in_scala/inorder.scala. Using presentation compiler with project's scala-library version: 3.8.4[0m
2026.08.02 05:03:40 INFO  no build target found for /Users/nilayshrivastava/Documents/programming_language/scala/learning_scala/fp_in_scala/inorder.scala. Using presentation compiler with project's scala-library version: 3.8.4[0m
2026.08.02 05:03:40 INFO  no build target found for /Users/nilayshrivastava/Documents/programming_language/scala/learning_scala/fp_in_scala/inorder.scala. Using presentation compiler with project's scala-library version: 3.8.4[0m
2026.08.02 05:03:40 INFO  no build target found for /Users/nilayshrivastava/Documents/programming_language/scala/learning_scala/fp_in_scala/inorder.scala. Using presentation compiler with project's scala-library version: 3.8.4[0m
2026.08.02 05:03:40 INFO  no build target found for /Users/nilayshrivastava/Documents/programming_language/scala/learning_scala/fp_in_scala/inorder.scala. Using presentation compiler with project's scala-library version: 3.8.4[0m
2026.08.02 05:03:42 INFO  no build target found for /Users/nilayshrivastava/Documents/programming_language/scala/learning_scala/fp_in_scala/inorder.scala. Using presentation compiler with project's scala-library version: 3.8.4[0m
2026.08.02 05:03:42 INFO  no build target found for /Users/nilayshrivastava/Documents/programming_language/scala/learning_scala/fp_in_scala/inorder.scala. Using presentation compiler with project's scala-library version: 3.8.4[0m
2026.08.02 05:03:42 INFO  no build target found for /Users/nilayshrivastava/Documents/programming_language/scala/learning_scala/fp_in_scala/inorder.scala. Using presentation compiler with project's scala-library version: 3.8.4[0m
2026.08.02 05:03:42 INFO  no build target found for /Users/nilayshrivastava/Documents/programming_language/scala/learning_scala/fp_in_scala/inorder.scala. Using presentation compiler with project's scala-library version: 3.8.4[0m
2026.08.02 05:03:43 INFO  no build target found for /Users/nilayshrivastava/Documents/programming_language/scala/learning_scala/fp_in_scala/inorder.scala. Using presentation compiler with project's scala-library version: 3.8.4[0m
2026.08.02 05:03:43 INFO  no build target found for /Users/nilayshrivastava/Documents/programming_language/scala/learning_scala/fp_in_scala/inorder.scala. Using presentation compiler with project's scala-library version: 3.8.4[0m
2026.08.02 05:03:43 INFO  no build target found for /Users/nilayshrivastava/Documents/programming_language/scala/learning_scala/fp_in_scala/inorder.scala. Using presentation compiler with project's scala-library version: 3.8.4[0m
2026.08.02 05:03:43 INFO  no build target found for /Users/nilayshrivastava/Documents/programming_language/scala/learning_scala/fp_in_scala/inorder.scala. Using presentation compiler with project's scala-library version: 3.8.4[0m
2026.08.02 05:03:45 INFO  no build target found for /Users/nilayshrivastava/Documents/programming_language/scala/learning_scala/fp_in_scala/inorder.scala. Using presentation compiler with project's scala-library version: 3.8.4[0m
2026.08.02 05:03:45 INFO  no build target found for /Users/nilayshrivastava/Documents/programming_language/scala/learning_scala/fp_in_scala/inorder.scala. Using presentation compiler with project's scala-library version: 3.8.4[0m
2026.08.02 05:03:45 INFO  no build target found for /Users/nilayshrivastava/Documents/programming_language/scala/learning_scala/fp_in_scala/inorder.scala. Using presentation compiler with project's scala-library version: 3.8.4[0m
2026.08.02 05:03:45 INFO  no build target found for /Users/nilayshrivastava/Documents/programming_language/scala/learning_scala/fp_in_scala/inorder.scala. Using presentation compiler with project's scala-library version: 3.8.4[0m
2026.08.02 05:03:45 INFO  no build target found for /Users/nilayshrivastava/Documents/programming_language/scala/learning_scala/fp_in_scala/inorder.scala. Using presentation compiler with project's scala-library version: 3.8.4[0m
2026.08.02 05:03:45 INFO  no build target found for /Users/nilayshrivastava/Documents/programming_language/scala/learning_scala/fp_in_scala/inorder.scala. Using presentation compiler with project's scala-library version: 3.8.4[0m
2026.08.02 05:03:46 INFO  no build target found for /Users/nilayshrivastava/Documents/programming_language/scala/learning_scala/fp_in_scala/inorder.scala. Using presentation compiler with project's scala-library version: 3.8.4[0m
2026.08.02 05:03:46 INFO  no build target found for /Users/nilayshrivastava/Documents/programming_language/scala/learning_scala/fp_in_scala/inorder.scala. Using presentation compiler with project's scala-library version: 3.8.4[0m
2026.08.02 05:03:46 INFO  no build target found for /Users/nilayshrivastava/Documents/programming_language/scala/learning_scala/fp_in_scala/inorder.scala. Using presentation compiler with project's scala-library version: 3.8.4[0m
2026.08.02 05:03:46 INFO  no build target found for /Users/nilayshrivastava/Documents/programming_language/scala/learning_scala/fp_in_scala/inorder.scala. Using presentation compiler with project's scala-library version: 3.8.4[0m
2026.08.02 05:03:46 INFO  no build target found for /Users/nilayshrivastava/Documents/programming_language/scala/learning_scala/fp_in_scala/inorder.scala. Using presentation compiler with project's scala-library version: 3.8.4[0m
2026.08.02 05:03:47 INFO  no build target found for /Users/nilayshrivastava/Documents/programming_language/scala/learning_scala/fp_in_scala/inorder.scala. Using presentation compiler with project's scala-library version: 3.8.4[0m
2026.08.02 05:03:47 INFO  no build target found for /Users/nilayshrivastava/Documents/programming_language/scala/learning_scala/fp_in_scala/inorder.scala. Using presentation compiler with project's scala-library version: 3.8.4[0m
2026.08.02 05:03:47 INFO  no build target found for /Users/nilayshrivastava/Documents/programming_language/scala/learning_scala/fp_in_scala/inorder.scala. Using presentation compiler with project's scala-library version: 3.8.4[0m
2026.08.02 05:03:47 INFO  no build target found for /Users/nilayshrivastava/Documents/programming_language/scala/learning_scala/fp_in_scala/inorder.scala. Using presentation compiler with project's scala-library version: 3.8.4[0m
2026.08.02 05:03:47 INFO  no build target found for /Users/nilayshrivastava/Documents/programming_language/scala/learning_scala/fp_in_scala/inorder.scala. Using presentation compiler with project's scala-library version: 3.8.4[0m
2026.08.02 05:03:48 INFO  no build target found for /Users/nilayshrivastava/Documents/programming_language/scala/learning_scala/fp_in_scala/inorder.scala. Using presentation compiler with project's scala-library version: 3.8.4[0m
2026.08.02 05:03:51 INFO  no build target found for /Users/nilayshrivastava/Documents/programming_language/scala/learning_scala/fp_in_scala/inorder.scala. Using presentation compiler with project's scala-library version: 3.8.4[0m
2026.08.02 05:03:51 WARN  no build target for: /Users/nilayshrivastava/Documents/programming_language/scala/learning_scala/fp_in_scala/inorder.scala[0m
