2026.08.01 22:24:12 INFO  Started: Metals version 1.6.8 in folders '/Users/nilayshrivastava/Documents/programming_language/scala/learning_scala' for client Vim 9020850.[0m
2026.08.01 22:24:12 INFO  Memory monitor started[0m
2026.08.01 22:24:12 WARN  Using H2 2.4.240 which is newer than the version Flyway has been verified with. The latest verified version of H2 is 2.3.232.[0m
Aug 01, 2026 10:24:13 PM org.eclipse.lsp4j.jsonrpc.RemoteEndpoint handleNotification
WARNING: Notification threw an exception: {
  "jsonrpc": "2.0",
  "method": "textDocument/didOpen",
  "params": {
    "textDocument": {
      "uri": "file:///Users/nilayshrivastava/Documents/programming_language/scala/learning_scala/fp_in_scala/test.scala",
      "languageId": "scala",
      "version": 3,
      "text": "\n"
    }
  }
}
java.lang.IllegalStateException: An unexpected exception occurred while executing jsonrpc method public abstract java.util.concurrent.CompletableFuture scala.meta.metals.lsp.TextDocumentService.didOpen(org.eclipse.lsp4j.DidOpenTextDocumentParams)
	at org.eclipse.lsp4j.jsonrpc.services.GenericEndpoint.lambda$recursiveFindRpcMethods$0(GenericEndpoint.java:73)
	at org.eclipse.lsp4j.jsonrpc.services.GenericEndpoint.notify(GenericEndpoint.java:160)
	at org.eclipse.lsp4j.jsonrpc.RemoteEndpoint.handleNotification(RemoteEndpoint.java:225)
	at org.eclipse.lsp4j.jsonrpc.RemoteEndpoint.consume(RemoteEndpoint.java:192)
	at org.eclipse.lsp4j.jsonrpc.json.StreamMessageProducer.handleMessage(StreamMessageProducer.java:189)
	at org.eclipse.lsp4j.jsonrpc.json.StreamMessageProducer.listen(StreamMessageProducer.java:97)
	at org.eclipse.lsp4j.jsonrpc.json.ConcurrentMessageProcessor.run(ConcurrentMessageProcessor.java:97)
	at java.base/java.util.concurrent.Executors$RunnableAdapter.call(Executors.java:539)
	at java.base/java.util.concurrent.FutureTask.run(FutureTask.java:264)
	at java.base/java.util.concurrent.ThreadPoolExecutor.runWorker(ThreadPoolExecutor.java:1136)
	at java.base/java.util.concurrent.ThreadPoolExecutor$Worker.run(ThreadPoolExecutor.java:635)
	at java.base/java.lang.Thread.run(Thread.java:840)
Caused by: java.nio.file.NoSuchFileException: /Users/nilayshrivastava/Documents/programming_language/scala/learning_scala/fp_in_scala/test.scala
	at java.base/sun.nio.fs.UnixException.translateToIOException(UnixException.java:92)
	at java.base/sun.nio.fs.UnixException.rethrowAsIOException(UnixException.java:106)
	at java.base/sun.nio.fs.UnixException.rethrowAsIOException(UnixException.java:111)
	at java.base/sun.nio.fs.UnixFileSystemProvider.newByteChannel(UnixFileSystemProvider.java:218)
	at java.base/java.nio.file.Files.newByteChannel(Files.java:380)
	at java.base/java.nio.file.Files.newByteChannel(Files.java:432)
	at java.base/java.nio.file.Files.readAllBytes(Files.java:3288)
	at scala.meta.internal.io.PlatformFileIO$.slurp(PlatformFileIO.scala:38)
	at scala.meta.internal.io.FileIO$.slurp(FileIO.scala:18)
	at scala.meta.internal.metals.MetalsLspService.didOpen(MetalsLspService.scala:762)
	at scala.meta.internal.metals.WorkspaceLspService.didOpen(WorkspaceLspService.scala:476)
	at scala.meta.metals.lsp.DelegatingScalaService.didOpen(DelegatingScalaService.scala:38)
	at java.base/jdk.internal.reflect.NativeMethodAccessorImpl.invoke0(Native Method)
	at java.base/jdk.internal.reflect.NativeMethodAccessorImpl.invoke(NativeMethodAccessorImpl.java:77)
	at java.base/jdk.internal.reflect.DelegatingMethodAccessorImpl.invoke(DelegatingMethodAccessorImpl.java:43)
	at java.base/java.lang.reflect.Method.invoke(Method.java:569)
	at org.eclipse.lsp4j.jsonrpc.services.GenericEndpoint.lambda$recursiveFindRpcMethods$0(GenericEndpoint.java:65)
	... 11 more

2026.08.01 22:24:13 INFO  Attempting to connect to the build server...[0m
2026.08.01 22:24:28 ERROR Timeout while sending showMessageRequest
java.util.concurrent.TimeoutException: Future timed out after [15 seconds]
	at scala.concurrent.Future$.timeoutError(Future.scala:581)
	at scala.concurrent.impl.Promise$DefaultPromise.tryAwait0(Promise.scala:258)
	at scala.concurrent.impl.Promise$DefaultPromise.result(Promise.scala:271)
	at scala.concurrent.Await$.$anonfun$result$1(package.scala:208)
	at scala.concurrent.BlockContext$DefaultBlockContext$.blockOn(BlockContext.scala:62)
	at scala.concurrent.Await$.result(package.scala:125)
	at scala.meta.internal.metals.MetalsEnrichments$XtensionScalaFuture.$anonfun$withTimeout$1(MetalsEnrichments.scala:297)
	at scala.concurrent.Future$.$anonfun$apply$1(Future.scala:691)
	at scala.concurrent.impl.Promise$Transformation.run(Promise.scala:500)
	at java.util.concurrent.ThreadPoolExecutor.runWorker(ThreadPoolExecutor.java:1136)
	at java.util.concurrent.ThreadPoolExecutor$Worker.run(ThreadPoolExecutor.java:635)
	at java.lang.Thread.run(Thread.java:840)
[0m
2026.08.01 22:24:28 ERROR Failed to connect with build server, no functionality will work.
java.util.NoSuchElementException: key not found: Missed by user
	at scala.collection.immutable.Map$Map2.apply(Map.scala:316)
	at scala.meta.internal.bsp.BspConnector.$anonfun$connect$26(BspConnector.scala:228)
	at scala.Option.map(Option.scala:242)
	at scala.meta.internal.bsp.BspConnector.$anonfun$connect$25(BspConnector.scala:228)
	at scala.concurrent.impl.Promise$Transformation.run(Promise.scala:500)
	at java.util.concurrent.ThreadPoolExecutor.runWorker(ThreadPoolExecutor.java:1136)
	at java.util.concurrent.ThreadPoolExecutor$Worker.run(ThreadPoolExecutor.java:635)
	at java.lang.Thread.run(Thread.java:840)
[0m
2026.08.01 22:31:40 INFO  no build target found for /Users/nilayshrivastava/Documents/programming_language/scala/learning_scala/fp_in_scala/test.scala. Using presentation compiler with project's scala-library version: 3.3.8[0m
2026.08.01 22:32:00 INFO  no build target found for /Users/nilayshrivastava/Documents/programming_language/scala/learning_scala/fp_in_scala/test.scala. Using presentation compiler with project's scala-library version: 3.3.8[0m
2026.08.01 22:32:00 INFO  no build target found for /Users/nilayshrivastava/Documents/programming_language/scala/learning_scala/fp_in_scala/test.scala. Using presentation compiler with project's scala-library version: 3.3.8[0m
2026.08.01 22:32:00 INFO  no build target found for /Users/nilayshrivastava/Documents/programming_language/scala/learning_scala/fp_in_scala/test.scala. Using presentation compiler with project's scala-library version: 3.3.8[0m
2026.08.01 22:32:00 INFO  no build target found for /Users/nilayshrivastava/Documents/programming_language/scala/learning_scala/fp_in_scala/test.scala. Using presentation compiler with project's scala-library version: 3.3.8[0m
2026.08.01 22:32:00 INFO  no build target found for /Users/nilayshrivastava/Documents/programming_language/scala/learning_scala/fp_in_scala/test.scala. Using presentation compiler with project's scala-library version: 3.3.8[0m
2026.08.01 22:32:00 INFO  no build target found for /Users/nilayshrivastava/Documents/programming_language/scala/learning_scala/fp_in_scala/test.scala. Using presentation compiler with project's scala-library version: 3.3.8[0m
2026.08.01 22:32:00 INFO  no build target found for /Users/nilayshrivastava/Documents/programming_language/scala/learning_scala/fp_in_scala/test.scala. Using presentation compiler with project's scala-library version: 3.3.8[0m
2026.08.01 22:32:00 INFO  no build target found for /Users/nilayshrivastava/Documents/programming_language/scala/learning_scala/fp_in_scala/test.scala. Using presentation compiler with project's scala-library version: 3.3.8[0m
2026.08.01 22:32:00 INFO  no build target found for /Users/nilayshrivastava/Documents/programming_language/scala/learning_scala/fp_in_scala/test.scala. Using presentation compiler with project's scala-library version: 3.3.8[0m
2026.08.01 22:32:00 INFO  no build target found for /Users/nilayshrivastava/Documents/programming_language/scala/learning_scala/fp_in_scala/test.scala. Using presentation compiler with project's scala-library version: 3.3.8[0m
2026.08.01 22:32:00 INFO  no build target found for /Users/nilayshrivastava/Documents/programming_language/scala/learning_scala/fp_in_scala/test.scala. Using presentation compiler with project's scala-library version: 3.3.8[0m
2026.08.01 22:32:00 INFO  no build target found for /Users/nilayshrivastava/Documents/programming_language/scala/learning_scala/fp_in_scala/test.scala. Using presentation compiler with project's scala-library version: 3.3.8[0m
2026.08.01 22:32:00 INFO  no build target found for /Users/nilayshrivastava/Documents/programming_language/scala/learning_scala/fp_in_scala/test.scala. Using presentation compiler with project's scala-library version: 3.3.8[0m
2026.08.01 22:32:00 INFO  no build target found for /Users/nilayshrivastava/Documents/programming_language/scala/learning_scala/fp_in_scala/test.scala. Using presentation compiler with project's scala-library version: 3.3.8[0m
2026.08.01 22:32:00 INFO  no build target found for /Users/nilayshrivastava/Documents/programming_language/scala/learning_scala/fp_in_scala/test.scala. Using presentation compiler with project's scala-library version: 3.3.8[0m
2026.08.01 22:32:00 INFO  no build target found for /Users/nilayshrivastava/Documents/programming_language/scala/learning_scala/fp_in_scala/test.scala. Using presentation compiler with project's scala-library version: 3.3.8[0m
2026.08.01 22:32:00 INFO  no build target found for /Users/nilayshrivastava/Documents/programming_language/scala/learning_scala/fp_in_scala/test.scala. Using presentation compiler with project's scala-library version: 3.3.8[0m
2026.08.01 22:32:00 INFO  no build target found for /Users/nilayshrivastava/Documents/programming_language/scala/learning_scala/fp_in_scala/test.scala. Using presentation compiler with project's scala-library version: 3.3.8[0m
2026.08.01 22:32:00 INFO  no build target found for /Users/nilayshrivastava/Documents/programming_language/scala/learning_scala/fp_in_scala/test.scala. Using presentation compiler with project's scala-library version: 3.3.8[0m
2026.08.01 22:32:00 INFO  no build target found for /Users/nilayshrivastava/Documents/programming_language/scala/learning_scala/fp_in_scala/test.scala. Using presentation compiler with project's scala-library version: 3.3.8[0m
2026.08.01 22:32:00 INFO  no build target found for /Users/nilayshrivastava/Documents/programming_language/scala/learning_scala/fp_in_scala/test.scala. Using presentation compiler with project's scala-library version: 3.3.8[0m
2026.08.01 22:32:00 INFO  no build target found for /Users/nilayshrivastava/Documents/programming_language/scala/learning_scala/fp_in_scala/test.scala. Using presentation compiler with project's scala-library version: 3.3.8[0m
2026.08.01 22:32:00 INFO  no build target found for /Users/nilayshrivastava/Documents/programming_language/scala/learning_scala/fp_in_scala/test.scala. Using presentation compiler with project's scala-library version: 3.3.8[0m
2026.08.01 22:32:00 INFO  no build target found for /Users/nilayshrivastava/Documents/programming_language/scala/learning_scala/fp_in_scala/test.scala. Using presentation compiler with project's scala-library version: 3.3.8[0m
2026.08.01 22:32:00 INFO  no build target found for /Users/nilayshrivastava/Documents/programming_language/scala/learning_scala/fp_in_scala/test.scala. Using presentation compiler with project's scala-library version: 3.3.8[0m
2026.08.01 22:32:00 INFO  no build target found for /Users/nilayshrivastava/Documents/programming_language/scala/learning_scala/fp_in_scala/test.scala. Using presentation compiler with project's scala-library version: 3.3.8[0m
2026.08.01 22:32:00 INFO  no build target found for /Users/nilayshrivastava/Documents/programming_language/scala/learning_scala/fp_in_scala/test.scala. Using presentation compiler with project's scala-library version: 3.3.8[0m
2026.08.01 22:32:00 INFO  no build target found for /Users/nilayshrivastava/Documents/programming_language/scala/learning_scala/fp_in_scala/test.scala. Using presentation compiler with project's scala-library version: 3.3.8[0m
2026.08.01 22:32:00 INFO  no build target found for /Users/nilayshrivastava/Documents/programming_language/scala/learning_scala/fp_in_scala/test.scala. Using presentation compiler with project's scala-library version: 3.3.8[0m
2026.08.01 22:32:00 INFO  no build target found for /Users/nilayshrivastava/Documents/programming_language/scala/learning_scala/fp_in_scala/test.scala. Using presentation compiler with project's scala-library version: 3.3.8[0m
2026.08.01 22:32:00 INFO  no build target found for /Users/nilayshrivastava/Documents/programming_language/scala/learning_scala/fp_in_scala/test.scala. Using presentation compiler with project's scala-library version: 3.3.8[0m
2026.08.01 22:32:00 INFO  no build target found for /Users/nilayshrivastava/Documents/programming_language/scala/learning_scala/fp_in_scala/test.scala. Using presentation compiler with project's scala-library version: 3.3.8[0m
2026.08.01 22:32:00 INFO  no build target found for /Users/nilayshrivastava/Documents/programming_language/scala/learning_scala/fp_in_scala/test.scala. Using presentation compiler with project's scala-library version: 3.3.8[0m
2026.08.01 22:32:00 INFO  no build target found for /Users/nilayshrivastava/Documents/programming_language/scala/learning_scala/fp_in_scala/test.scala. Using presentation compiler with project's scala-library version: 3.3.8[0m
2026.08.01 22:32:00 INFO  no build target found for /Users/nilayshrivastava/Documents/programming_language/scala/learning_scala/fp_in_scala/test.scala. Using presentation compiler with project's scala-library version: 3.3.8[0m
2026.08.01 22:32:00 INFO  no build target found for /Users/nilayshrivastava/Documents/programming_language/scala/learning_scala/fp_in_scala/test.scala. Using presentation compiler with project's scala-library version: 3.3.8[0m
2026.08.01 22:32:00 INFO  no build target found for /Users/nilayshrivastava/Documents/programming_language/scala/learning_scala/fp_in_scala/test.scala. Using presentation compiler with project's scala-library version: 3.3.8[0m
2026.08.01 22:32:00 INFO  no build target found for /Users/nilayshrivastava/Documents/programming_language/scala/learning_scala/fp_in_scala/test.scala. Using presentation compiler with project's scala-library version: 3.3.8[0m
2026.08.01 22:32:00 INFO  no build target found for /Users/nilayshrivastava/Documents/programming_language/scala/learning_scala/fp_in_scala/test.scala. Using presentation compiler with project's scala-library version: 3.3.8[0m
2026.08.01 22:32:00 INFO  no build target found for /Users/nilayshrivastava/Documents/programming_language/scala/learning_scala/fp_in_scala/test.scala. Using presentation compiler with project's scala-library version: 3.3.8[0m
2026.08.01 22:32:00 INFO  no build target found for /Users/nilayshrivastava/Documents/programming_language/scala/learning_scala/fp_in_scala/test.scala. Using presentation compiler with project's scala-library version: 3.3.8[0m
2026.08.01 22:32:18 INFO  no build target found for /Users/nilayshrivastava/Documents/programming_language/scala/learning_scala/fp_in_scala/test.scala. Using presentation compiler with project's scala-library version: 3.3.8[0m
2026.08.01 22:32:18 INFO  no build target found for /Users/nilayshrivastava/Documents/programming_language/scala/learning_scala/fp_in_scala/test.scala. Using presentation compiler with project's scala-library version: 3.3.8[0m
2026.08.01 22:32:18 INFO  no build target found for /Users/nilayshrivastava/Documents/programming_language/scala/learning_scala/fp_in_scala/test.scala. Using presentation compiler with project's scala-library version: 3.3.8[0m
2026.08.01 22:32:20 INFO  no build target found for /Users/nilayshrivastava/Documents/programming_language/scala/learning_scala/fp_in_scala/test.scala. Using presentation compiler with project's scala-library version: 3.3.8[0m
2026.08.01 22:33:04 INFO  no build target found for /Users/nilayshrivastava/Documents/programming_language/scala/learning_scala/fp_in_scala/test.scala. Using presentation compiler with project's scala-library version: 3.3.8[0m
2026.08.01 22:33:05 INFO  no build target found for /Users/nilayshrivastava/Documents/programming_language/scala/learning_scala/fp_in_scala/test.scala. Using presentation compiler with project's scala-library version: 3.3.8[0m
2026.08.01 22:33:06 INFO  no build target found for /Users/nilayshrivastava/Documents/programming_language/scala/learning_scala/fp_in_scala/test.scala. Using presentation compiler with project's scala-library version: 3.3.8[0m
2026.08.01 22:33:06 INFO  no build target found for /Users/nilayshrivastava/Documents/programming_language/scala/learning_scala/fp_in_scala/test.scala. Using presentation compiler with project's scala-library version: 3.3.8[0m
2026.08.01 22:33:06 INFO  no build target found for /Users/nilayshrivastava/Documents/programming_language/scala/learning_scala/fp_in_scala/test.scala. Using presentation compiler with project's scala-library version: 3.3.8[0m
2026.08.01 22:33:06 INFO  no build target found for /Users/nilayshrivastava/Documents/programming_language/scala/learning_scala/fp_in_scala/test.scala. Using presentation compiler with project's scala-library version: 3.3.8[0m
2026.08.01 22:33:06 INFO  no build target found for /Users/nilayshrivastava/Documents/programming_language/scala/learning_scala/fp_in_scala/test.scala. Using presentation compiler with project's scala-library version: 3.3.8[0m
2026.08.01 22:33:06 INFO  no build target found for /Users/nilayshrivastava/Documents/programming_language/scala/learning_scala/fp_in_scala/test.scala. Using presentation compiler with project's scala-library version: 3.3.8[0m
2026.08.01 22:33:06 INFO  no build target found for /Users/nilayshrivastava/Documents/programming_language/scala/learning_scala/fp_in_scala/test.scala. Using presentation compiler with project's scala-library version: 3.3.8[0m
2026.08.01 22:33:07 INFO  no build target found for /Users/nilayshrivastava/Documents/programming_language/scala/learning_scala/fp_in_scala/test.scala. Using presentation compiler with project's scala-library version: 3.3.8[0m
2026.08.01 22:33:07 INFO  no build target found for /Users/nilayshrivastava/Documents/programming_language/scala/learning_scala/fp_in_scala/test.scala. Using presentation compiler with project's scala-library version: 3.3.8[0m
2026.08.01 22:33:07 INFO  no build target found for /Users/nilayshrivastava/Documents/programming_language/scala/learning_scala/fp_in_scala/test.scala. Using presentation compiler with project's scala-library version: 3.3.8[0m
2026.08.01 22:33:07 INFO  no build target found for /Users/nilayshrivastava/Documents/programming_language/scala/learning_scala/fp_in_scala/test.scala. Using presentation compiler with project's scala-library version: 3.3.8[0m
2026.08.01 22:33:07 INFO  no build target found for /Users/nilayshrivastava/Documents/programming_language/scala/learning_scala/fp_in_scala/test.scala. Using presentation compiler with project's scala-library version: 3.3.8[0m
2026.08.01 22:33:07 INFO  no build target found for /Users/nilayshrivastava/Documents/programming_language/scala/learning_scala/fp_in_scala/test.scala. Using presentation compiler with project's scala-library version: 3.3.8[0m
2026.08.01 22:33:07 INFO  no build target found for /Users/nilayshrivastava/Documents/programming_language/scala/learning_scala/fp_in_scala/test.scala. Using presentation compiler with project's scala-library version: 3.3.8[0m
2026.08.01 22:33:07 INFO  no build target found for /Users/nilayshrivastava/Documents/programming_language/scala/learning_scala/fp_in_scala/test.scala. Using presentation compiler with project's scala-library version: 3.3.8[0m
2026.08.01 22:33:09 INFO  no build target found for /Users/nilayshrivastava/Documents/programming_language/scala/learning_scala/fp_in_scala/test.scala. Using presentation compiler with project's scala-library version: 3.3.8[0m
2026.08.01 22:33:09 INFO  no build target found for /Users/nilayshrivastava/Documents/programming_language/scala/learning_scala/fp_in_scala/test.scala. Using presentation compiler with project's scala-library version: 3.3.8[0m
2026.08.01 22:33:09 INFO  no build target found for /Users/nilayshrivastava/Documents/programming_language/scala/learning_scala/fp_in_scala/test.scala. Using presentation compiler with project's scala-library version: 3.3.8[0m
2026.08.01 22:33:09 INFO  no build target found for /Users/nilayshrivastava/Documents/programming_language/scala/learning_scala/fp_in_scala/test.scala. Using presentation compiler with project's scala-library version: 3.3.8[0m
2026.08.01 22:33:09 INFO  no build target found for /Users/nilayshrivastava/Documents/programming_language/scala/learning_scala/fp_in_scala/test.scala. Using presentation compiler with project's scala-library version: 3.3.8[0m
2026.08.01 22:33:09 INFO  no build target found for /Users/nilayshrivastava/Documents/programming_language/scala/learning_scala/fp_in_scala/test.scala. Using presentation compiler with project's scala-library version: 3.3.8[0m
2026.08.01 22:33:09 INFO  no build target found for /Users/nilayshrivastava/Documents/programming_language/scala/learning_scala/fp_in_scala/test.scala. Using presentation compiler with project's scala-library version: 3.3.8[0m
2026.08.01 22:33:09 INFO  no build target found for /Users/nilayshrivastava/Documents/programming_language/scala/learning_scala/fp_in_scala/test.scala. Using presentation compiler with project's scala-library version: 3.3.8[0m
2026.08.01 22:33:09 INFO  no build target found for /Users/nilayshrivastava/Documents/programming_language/scala/learning_scala/fp_in_scala/test.scala. Using presentation compiler with project's scala-library version: 3.3.8[0m
2026.08.01 22:33:09 INFO  no build target found for /Users/nilayshrivastava/Documents/programming_language/scala/learning_scala/fp_in_scala/test.scala. Using presentation compiler with project's scala-library version: 3.3.8[0m
2026.08.01 22:33:09 INFO  no build target found for /Users/nilayshrivastava/Documents/programming_language/scala/learning_scala/fp_in_scala/test.scala. Using presentation compiler with project's scala-library version: 3.3.8[0m
2026.08.01 22:33:09 INFO  no build target found for /Users/nilayshrivastava/Documents/programming_language/scala/learning_scala/fp_in_scala/test.scala. Using presentation compiler with project's scala-library version: 3.3.8[0m
2026.08.01 22:33:10 INFO  no build target found for /Users/nilayshrivastava/Documents/programming_language/scala/learning_scala/fp_in_scala/test.scala. Using presentation compiler with project's scala-library version: 3.3.8[0m
2026.08.01 22:33:10 INFO  no build target found for /Users/nilayshrivastava/Documents/programming_language/scala/learning_scala/fp_in_scala/test.scala. Using presentation compiler with project's scala-library version: 3.3.8[0m
2026.08.01 22:33:10 INFO  no build target found for /Users/nilayshrivastava/Documents/programming_language/scala/learning_scala/fp_in_scala/test.scala. Using presentation compiler with project's scala-library version: 3.3.8[0m
2026.08.01 22:33:10 INFO  no build target found for /Users/nilayshrivastava/Documents/programming_language/scala/learning_scala/fp_in_scala/test.scala. Using presentation compiler with project's scala-library version: 3.3.8[0m
2026.08.01 22:33:10 INFO  no build target found for /Users/nilayshrivastava/Documents/programming_language/scala/learning_scala/fp_in_scala/test.scala. Using presentation compiler with project's scala-library version: 3.3.8[0m
2026.08.01 22:33:10 INFO  no build target found for /Users/nilayshrivastava/Documents/programming_language/scala/learning_scala/fp_in_scala/test.scala. Using presentation compiler with project's scala-library version: 3.3.8[0m
2026.08.01 22:33:10 INFO  no build target found for /Users/nilayshrivastava/Documents/programming_language/scala/learning_scala/fp_in_scala/test.scala. Using presentation compiler with project's scala-library version: 3.3.8[0m
2026.08.01 22:33:10 INFO  no build target found for /Users/nilayshrivastava/Documents/programming_language/scala/learning_scala/fp_in_scala/test.scala. Using presentation compiler with project's scala-library version: 3.3.8[0m
2026.08.01 22:33:11 INFO  no build target found for /Users/nilayshrivastava/Documents/programming_language/scala/learning_scala/fp_in_scala/test.scala. Using presentation compiler with project's scala-library version: 3.3.8[0m
2026.08.01 22:33:11 INFO  no build target found for /Users/nilayshrivastava/Documents/programming_language/scala/learning_scala/fp_in_scala/test.scala. Using presentation compiler with project's scala-library version: 3.3.8[0m
2026.08.01 22:33:11 INFO  no build target found for /Users/nilayshrivastava/Documents/programming_language/scala/learning_scala/fp_in_scala/test.scala. Using presentation compiler with project's scala-library version: 3.3.8[0m
2026.08.01 22:33:11 INFO  no build target found for /Users/nilayshrivastava/Documents/programming_language/scala/learning_scala/fp_in_scala/test.scala. Using presentation compiler with project's scala-library version: 3.3.8[0m
2026.08.01 22:33:13 INFO  no build target found for /Users/nilayshrivastava/Documents/programming_language/scala/learning_scala/fp_in_scala/test.scala. Using presentation compiler with project's scala-library version: 3.3.8[0m
2026.08.01 22:33:13 INFO  no build target found for /Users/nilayshrivastava/Documents/programming_language/scala/learning_scala/fp_in_scala/test.scala. Using presentation compiler with project's scala-library version: 3.3.8[0m
2026.08.01 22:33:13 INFO  no build target found for /Users/nilayshrivastava/Documents/programming_language/scala/learning_scala/fp_in_scala/test.scala. Using presentation compiler with project's scala-library version: 3.3.8[0m
2026.08.01 22:33:13 INFO  no build target found for /Users/nilayshrivastava/Documents/programming_language/scala/learning_scala/fp_in_scala/test.scala. Using presentation compiler with project's scala-library version: 3.3.8[0m
2026.08.01 22:33:16 INFO  no build target found for /Users/nilayshrivastava/Documents/programming_language/scala/learning_scala/fp_in_scala/test.scala. Using presentation compiler with project's scala-library version: 3.3.8[0m
2026.08.01 22:33:16 INFO  no build target found for /Users/nilayshrivastava/Documents/programming_language/scala/learning_scala/fp_in_scala/test.scala. Using presentation compiler with project's scala-library version: 3.3.8[0m
2026.08.01 22:33:17 INFO  no build target found for /Users/nilayshrivastava/Documents/programming_language/scala/learning_scala/fp_in_scala/test.scala. Using presentation compiler with project's scala-library version: 3.3.8[0m
2026.08.01 22:33:17 INFO  no build target found for /Users/nilayshrivastava/Documents/programming_language/scala/learning_scala/fp_in_scala/test.scala. Using presentation compiler with project's scala-library version: 3.3.8[0m
2026.08.01 22:33:17 INFO  no build target found for /Users/nilayshrivastava/Documents/programming_language/scala/learning_scala/fp_in_scala/test.scala. Using presentation compiler with project's scala-library version: 3.3.8[0m
2026.08.01 22:33:18 INFO  no build target found for /Users/nilayshrivastava/Documents/programming_language/scala/learning_scala/fp_in_scala/test.scala. Using presentation compiler with project's scala-library version: 3.3.8[0m
2026.08.01 22:33:18 INFO  no build target found for /Users/nilayshrivastava/Documents/programming_language/scala/learning_scala/fp_in_scala/test.scala. Using presentation compiler with project's scala-library version: 3.3.8[0m
2026.08.01 22:33:18 INFO  no build target found for /Users/nilayshrivastava/Documents/programming_language/scala/learning_scala/fp_in_scala/test.scala. Using presentation compiler with project's scala-library version: 3.3.8[0m
2026.08.01 22:33:20 INFO  no build target found for /Users/nilayshrivastava/Documents/programming_language/scala/learning_scala/fp_in_scala/test.scala. Using presentation compiler with project's scala-library version: 3.3.8[0m
2026.08.01 22:33:20 INFO  no build target found for /Users/nilayshrivastava/Documents/programming_language/scala/learning_scala/fp_in_scala/test.scala. Using presentation compiler with project's scala-library version: 3.3.8[0m
2026.08.01 22:33:20 INFO  no build target found for /Users/nilayshrivastava/Documents/programming_language/scala/learning_scala/fp_in_scala/test.scala. Using presentation compiler with project's scala-library version: 3.3.8[0m
2026.08.01 22:33:20 INFO  no build target found for /Users/nilayshrivastava/Documents/programming_language/scala/learning_scala/fp_in_scala/test.scala. Using presentation compiler with project's scala-library version: 3.3.8[0m
2026.08.01 22:33:20 INFO  no build target found for /Users/nilayshrivastava/Documents/programming_language/scala/learning_scala/fp_in_scala/test.scala. Using presentation compiler with project's scala-library version: 3.3.8[0m
2026.08.01 22:33:20 INFO  no build target found for /Users/nilayshrivastava/Documents/programming_language/scala/learning_scala/fp_in_scala/test.scala. Using presentation compiler with project's scala-library version: 3.3.8[0m
2026.08.01 22:33:20 INFO  no build target found for /Users/nilayshrivastava/Documents/programming_language/scala/learning_scala/fp_in_scala/test.scala. Using presentation compiler with project's scala-library version: 3.3.8[0m
2026.08.01 22:33:20 INFO  no build target found for /Users/nilayshrivastava/Documents/programming_language/scala/learning_scala/fp_in_scala/test.scala. Using presentation compiler with project's scala-library version: 3.3.8[0m
2026.08.01 22:33:20 INFO  no build target found for /Users/nilayshrivastava/Documents/programming_language/scala/learning_scala/fp_in_scala/test.scala. Using presentation compiler with project's scala-library version: 3.3.8[0m
2026.08.01 22:33:21 INFO  no build target found for /Users/nilayshrivastava/Documents/programming_language/scala/learning_scala/fp_in_scala/test.scala. Using presentation compiler with project's scala-library version: 3.3.8[0m
2026.08.01 22:33:21 INFO  no build target found for /Users/nilayshrivastava/Documents/programming_language/scala/learning_scala/fp_in_scala/test.scala. Using presentation compiler with project's scala-library version: 3.3.8[0m
2026.08.01 22:33:21 INFO  no build target found for /Users/nilayshrivastava/Documents/programming_language/scala/learning_scala/fp_in_scala/test.scala. Using presentation compiler with project's scala-library version: 3.3.8[0m
2026.08.01 22:33:21 INFO  no build target found for /Users/nilayshrivastava/Documents/programming_language/scala/learning_scala/fp_in_scala/test.scala. Using presentation compiler with project's scala-library version: 3.3.8[0m
2026.08.01 22:33:21 INFO  no build target found for /Users/nilayshrivastava/Documents/programming_language/scala/learning_scala/fp_in_scala/test.scala. Using presentation compiler with project's scala-library version: 3.3.8[0m
2026.08.01 22:33:22 INFO  no build target found for /Users/nilayshrivastava/Documents/programming_language/scala/learning_scala/fp_in_scala/test.scala. Using presentation compiler with project's scala-library version: 3.3.8[0m
2026.08.01 22:33:22 INFO  no build target found for /Users/nilayshrivastava/Documents/programming_language/scala/learning_scala/fp_in_scala/test.scala. Using presentation compiler with project's scala-library version: 3.3.8[0m
2026.08.01 22:33:22 INFO  no build target found for /Users/nilayshrivastava/Documents/programming_language/scala/learning_scala/fp_in_scala/test.scala. Using presentation compiler with project's scala-library version: 3.3.8[0m
2026.08.01 22:33:22 INFO  no build target found for /Users/nilayshrivastava/Documents/programming_language/scala/learning_scala/fp_in_scala/test.scala. Using presentation compiler with project's scala-library version: 3.3.8[0m
2026.08.01 22:33:24 INFO  no build target found for /Users/nilayshrivastava/Documents/programming_language/scala/learning_scala/fp_in_scala/test.scala. Using presentation compiler with project's scala-library version: 3.3.8[0m
2026.08.01 22:33:24 INFO  no build target found for /Users/nilayshrivastava/Documents/programming_language/scala/learning_scala/fp_in_scala/test.scala. Using presentation compiler with project's scala-library version: 3.3.8[0m
2026.08.01 22:33:24 INFO  no build target found for /Users/nilayshrivastava/Documents/programming_language/scala/learning_scala/fp_in_scala/test.scala. Using presentation compiler with project's scala-library version: 3.3.8[0m
2026.08.01 22:33:26 INFO  no build target found for /Users/nilayshrivastava/Documents/programming_language/scala/learning_scala/fp_in_scala/test.scala. Using presentation compiler with project's scala-library version: 3.3.8[0m
2026.08.01 22:33:26 INFO  no build target found for /Users/nilayshrivastava/Documents/programming_language/scala/learning_scala/fp_in_scala/test.scala. Using presentation compiler with project's scala-library version: 3.3.8[0m
2026.08.01 22:33:26 INFO  no build target found for /Users/nilayshrivastava/Documents/programming_language/scala/learning_scala/fp_in_scala/test.scala. Using presentation compiler with project's scala-library version: 3.3.8[0m
2026.08.01 22:33:26 INFO  no build target found for /Users/nilayshrivastava/Documents/programming_language/scala/learning_scala/fp_in_scala/test.scala. Using presentation compiler with project's scala-library version: 3.3.8[0m
2026.08.01 22:33:26 INFO  no build target found for /Users/nilayshrivastava/Documents/programming_language/scala/learning_scala/fp_in_scala/test.scala. Using presentation compiler with project's scala-library version: 3.3.8[0m
2026.08.01 22:33:26 INFO  no build target found for /Users/nilayshrivastava/Documents/programming_language/scala/learning_scala/fp_in_scala/test.scala. Using presentation compiler with project's scala-library version: 3.3.8[0m
2026.08.01 22:33:26 INFO  no build target found for /Users/nilayshrivastava/Documents/programming_language/scala/learning_scala/fp_in_scala/test.scala. Using presentation compiler with project's scala-library version: 3.3.8[0m
2026.08.01 22:33:26 INFO  no build target found for /Users/nilayshrivastava/Documents/programming_language/scala/learning_scala/fp_in_scala/test.scala. Using presentation compiler with project's scala-library version: 3.3.8[0m
2026.08.01 22:33:26 INFO  no build target found for /Users/nilayshrivastava/Documents/programming_language/scala/learning_scala/fp_in_scala/test.scala. Using presentation compiler with project's scala-library version: 3.3.8[0m
2026.08.01 22:33:26 INFO  no build target found for /Users/nilayshrivastava/Documents/programming_language/scala/learning_scala/fp_in_scala/test.scala. Using presentation compiler with project's scala-library version: 3.3.8[0m
2026.08.01 22:33:26 INFO  no build target found for /Users/nilayshrivastava/Documents/programming_language/scala/learning_scala/fp_in_scala/test.scala. Using presentation compiler with project's scala-library version: 3.3.8[0m
2026.08.01 22:33:26 INFO  no build target found for /Users/nilayshrivastava/Documents/programming_language/scala/learning_scala/fp_in_scala/test.scala. Using presentation compiler with project's scala-library version: 3.3.8[0m
2026.08.01 22:33:27 INFO  no build target found for /Users/nilayshrivastava/Documents/programming_language/scala/learning_scala/fp_in_scala/test.scala. Using presentation compiler with project's scala-library version: 3.3.8[0m
2026.08.01 22:33:27 INFO  no build target found for /Users/nilayshrivastava/Documents/programming_language/scala/learning_scala/fp_in_scala/test.scala. Using presentation compiler with project's scala-library version: 3.3.8[0m
2026.08.01 22:33:28 INFO  no build target found for /Users/nilayshrivastava/Documents/programming_language/scala/learning_scala/fp_in_scala/test.scala. Using presentation compiler with project's scala-library version: 3.3.8[0m
2026.08.01 22:33:40 INFO  no build target found for /Users/nilayshrivastava/Documents/programming_language/scala/learning_scala/fp_in_scala/test.scala. Using presentation compiler with project's scala-library version: 3.3.8[0m
2026.08.01 22:34:15 INFO  no build target found for /Users/nilayshrivastava/Documents/programming_language/scala/learning_scala/fp_in_scala/test.scala. Using presentation compiler with project's scala-library version: 3.3.8[0m
2026.08.01 22:34:19 INFO  Shutting down server[0m
2026.08.01 22:34:19 INFO  Memory monitor stopped[0m
2026.08.01 22:34:19 INFO  shutting down Metals[0m
2026.08.01 22:34:19 INFO  Exiting server[0m
2026.08.01 22:34:49 INFO  Started: Metals version 1.6.8 in folders '/Users/nilayshrivastava/Documents/programming_language/scala/learning_scala' for client Vim 9020850.[0m
2026.08.01 22:34:49 INFO  Memory monitor started[0m
2026.08.01 22:34:49 WARN  Using H2 2.4.240 which is newer than the version Flyway has been verified with. The latest verified version of H2 is 2.3.232.[0m
Aug 01, 2026 10:34:49 PM org.eclipse.lsp4j.jsonrpc.RemoteEndpoint handleNotification
WARNING: Notification threw an exception: {
  "jsonrpc": "2.0",
  "method": "textDocument/didOpen",
  "params": {
    "textDocument": {
      "uri": "file:///Users/nilayshrivastava/Documents/programming_language/scala/learning_scala/fp_in_scala/test.scala",
      "languageId": "scala",
      "version": 3,
      "text": "\n"
    }
  }
}
java.lang.IllegalStateException: An unexpected exception occurred while executing jsonrpc method public abstract java.util.concurrent.CompletableFuture scala.meta.metals.lsp.TextDocumentService.didOpen(org.eclipse.lsp4j.DidOpenTextDocumentParams)
	at org.eclipse.lsp4j.jsonrpc.services.GenericEndpoint.lambda$recursiveFindRpcMethods$0(GenericEndpoint.java:73)
	at org.eclipse.lsp4j.jsonrpc.services.GenericEndpoint.notify(GenericEndpoint.java:160)
	at org.eclipse.lsp4j.jsonrpc.RemoteEndpoint.handleNotification(RemoteEndpoint.java:225)
	at org.eclipse.lsp4j.jsonrpc.RemoteEndpoint.consume(RemoteEndpoint.java:192)
	at org.eclipse.lsp4j.jsonrpc.json.StreamMessageProducer.handleMessage(StreamMessageProducer.java:189)
	at org.eclipse.lsp4j.jsonrpc.json.StreamMessageProducer.listen(StreamMessageProducer.java:97)
	at org.eclipse.lsp4j.jsonrpc.json.ConcurrentMessageProcessor.run(ConcurrentMessageProcessor.java:97)
	at java.base/java.util.concurrent.Executors$RunnableAdapter.call(Executors.java:539)
	at java.base/java.util.concurrent.FutureTask.run(FutureTask.java:264)
	at java.base/java.util.concurrent.ThreadPoolExecutor.runWorker(ThreadPoolExecutor.java:1136)
	at java.base/java.util.concurrent.ThreadPoolExecutor$Worker.run(ThreadPoolExecutor.java:635)
	at java.base/java.lang.Thread.run(Thread.java:840)
Caused by: java.nio.file.NoSuchFileException: /Users/nilayshrivastava/Documents/programming_language/scala/learning_scala/fp_in_scala/test.scala
	at java.base/sun.nio.fs.UnixException.translateToIOException(UnixException.java:92)
	at java.base/sun.nio.fs.UnixException.rethrowAsIOException(UnixException.java:106)
	at java.base/sun.nio.fs.UnixException.rethrowAsIOException(UnixException.java:111)
	at java.base/sun.nio.fs.UnixFileSystemProvider.newByteChannel(UnixFileSystemProvider.java:218)
	at java.base/java.nio.file.Files.newByteChannel(Files.java:380)
	at java.base/java.nio.file.Files.newByteChannel(Files.java:432)
	at java.base/java.nio.file.Files.readAllBytes(Files.java:3288)
	at scala.meta.internal.io.PlatformFileIO$.slurp(PlatformFileIO.scala:38)
	at scala.meta.internal.io.FileIO$.slurp(FileIO.scala:18)
	at scala.meta.internal.metals.MetalsLspService.didOpen(MetalsLspService.scala:762)
	at scala.meta.internal.metals.WorkspaceLspService.didOpen(WorkspaceLspService.scala:476)
	at scala.meta.metals.lsp.DelegatingScalaService.didOpen(DelegatingScalaService.scala:38)
	at java.base/jdk.internal.reflect.NativeMethodAccessorImpl.invoke0(Native Method)
	at java.base/jdk.internal.reflect.NativeMethodAccessorImpl.invoke(NativeMethodAccessorImpl.java:77)
	at java.base/jdk.internal.reflect.DelegatingMethodAccessorImpl.invoke(DelegatingMethodAccessorImpl.java:43)
	at java.base/java.lang.reflect.Method.invoke(Method.java:569)
	at org.eclipse.lsp4j.jsonrpc.services.GenericEndpoint.lambda$recursiveFindRpcMethods$0(GenericEndpoint.java:65)
	... 11 more

2026.08.01 22:34:49 INFO  Attempting to connect to the build server...[0m
2026.08.01 22:34:54 INFO  Running BSP server List(/Users/nilayshrivastava/Library/Application Support/Coursier/bin/.scala-cli.aux, bsp, --json-options, /Users/nilayshrivastava/Documents/learning_scala/.scala-build/ide-options-v2.json, --json-launcher-options, /Users/nilayshrivastava/Documents/learning_scala/.scala-build/ide-launcher-options.json, --envs-file, /Users/nilayshrivastava/Documents/learning_scala/.scala-build/ide-envs.json, /Users/nilayshrivastava/Documents/learning_scala/FirstProgram.scala)[0m
2026.08.01 22:34:54 INFO  Tracing is disabled for protocol BSP. To enable tracing of incoming and outgoing JSON messages, create an empty file at /Users/nilayshrivastava/Documents/programming_language/scala/learning_scala/.metals/bsp.trace.json or /Users/nilayshrivastava/Library/Caches/org.scalameta.metals/bsp.trace.json[0m
2026.08.01 22:34:54 INFO  BSP server: Starting compilation server[0m
2026.08.01 22:34:54 INFO  BSP server: Error: java.nio.file.NoSuchFileException: /Users/nilayshrivastava/Documents/learning_scala/FirstProgram.scala[0m
2026.08.01 22:34:54 INFO  BSP server: For more details, please see '/Users/nilayshrivastava/Documents/learning_scala/.scala-build/stacktraces/1785620094-15737746659401915875.log'[0m
2026.08.01 22:35:01 INFO  no build target found for /Users/nilayshrivastava/Documents/programming_language/scala/learning_scala/fp_in_scala/test.scala. Using presentation compiler with project's scala-library version: 3.3.8[0m
2026.08.01 22:35:01 INFO  no build target found for /Users/nilayshrivastava/Documents/programming_language/scala/learning_scala/fp_in_scala/test.scala. Using presentation compiler with project's scala-library version: 3.3.8[0m
2026.08.01 22:35:01 INFO  no build target found for /Users/nilayshrivastava/Documents/programming_language/scala/learning_scala/fp_in_scala/test.scala. Using presentation compiler with project's scala-library version: 3.3.8[0m
2026.08.01 22:35:01 INFO  no build target found for /Users/nilayshrivastava/Documents/programming_language/scala/learning_scala/fp_in_scala/test.scala. Using presentation compiler with project's scala-library version: 3.3.8[0m
2026.08.01 22:35:01 INFO  no build target found for /Users/nilayshrivastava/Documents/programming_language/scala/learning_scala/fp_in_scala/test.scala. Using presentation compiler with project's scala-library version: 3.3.8[0m
2026.08.01 22:35:01 INFO  no build target found for /Users/nilayshrivastava/Documents/programming_language/scala/learning_scala/fp_in_scala/test.scala. Using presentation compiler with project's scala-library version: 3.3.8[0m
2026.08.01 22:35:01 INFO  no build target found for /Users/nilayshrivastava/Documents/programming_language/scala/learning_scala/fp_in_scala/test.scala. Using presentation compiler with project's scala-library version: 3.3.8[0m
2026.08.01 22:35:04 INFO  no build target found for /Users/nilayshrivastava/Documents/programming_language/scala/learning_scala/fp_in_scala/test.scala. Using presentation compiler with project's scala-library version: 3.3.8[0m
2026.08.01 22:35:04 INFO  no build target found for /Users/nilayshrivastava/Documents/programming_language/scala/learning_scala/fp_in_scala/test.scala. Using presentation compiler with project's scala-library version: 3.3.8[0m
2026.08.01 22:35:04 INFO  no build target found for /Users/nilayshrivastava/Documents/programming_language/scala/learning_scala/fp_in_scala/test.scala. Using presentation compiler with project's scala-library version: 3.3.8[0m
2026.08.01 22:35:04 INFO  no build target found for /Users/nilayshrivastava/Documents/programming_language/scala/learning_scala/fp_in_scala/test.scala. Using presentation compiler with project's scala-library version: 3.3.8[0m
2026.08.01 22:35:04 INFO  no build target found for /Users/nilayshrivastava/Documents/programming_language/scala/learning_scala/fp_in_scala/test.scala. Using presentation compiler with project's scala-library version: 3.3.8[0m
2026.08.01 22:35:04 INFO  no build target found for /Users/nilayshrivastava/Documents/programming_language/scala/learning_scala/fp_in_scala/test.scala. Using presentation compiler with project's scala-library version: 3.3.8[0m
2026.08.01 22:35:05 INFO  no build target found for /Users/nilayshrivastava/Documents/programming_language/scala/learning_scala/fp_in_scala/test.scala. Using presentation compiler with project's scala-library version: 3.3.8[0m
2026.08.01 22:35:05 INFO  no build target found for /Users/nilayshrivastava/Documents/programming_language/scala/learning_scala/fp_in_scala/test.scala. Using presentation compiler with project's scala-library version: 3.3.8[0m
2026.08.01 22:35:05 INFO  no build target found for /Users/nilayshrivastava/Documents/programming_language/scala/learning_scala/fp_in_scala/test.scala. Using presentation compiler with project's scala-library version: 3.3.8[0m
2026.08.01 22:35:06 INFO  no build target found for /Users/nilayshrivastava/Documents/programming_language/scala/learning_scala/fp_in_scala/test.scala. Using presentation compiler with project's scala-library version: 3.3.8[0m
2026.08.01 22:35:06 INFO  no build target found for /Users/nilayshrivastava/Documents/programming_language/scala/learning_scala/fp_in_scala/test.scala. Using presentation compiler with project's scala-library version: 3.3.8[0m
2026.08.01 22:35:06 INFO  no build target found for /Users/nilayshrivastava/Documents/programming_language/scala/learning_scala/fp_in_scala/test.scala. Using presentation compiler with project's scala-library version: 3.3.8[0m
2026.08.01 22:35:06 INFO  no build target found for /Users/nilayshrivastava/Documents/programming_language/scala/learning_scala/fp_in_scala/test.scala. Using presentation compiler with project's scala-library version: 3.3.8[0m
2026.08.01 22:35:06 INFO  no build target found for /Users/nilayshrivastava/Documents/programming_language/scala/learning_scala/fp_in_scala/test.scala. Using presentation compiler with project's scala-library version: 3.3.8[0m
2026.08.01 22:35:06 INFO  no build target found for /Users/nilayshrivastava/Documents/programming_language/scala/learning_scala/fp_in_scala/test.scala. Using presentation compiler with project's scala-library version: 3.3.8[0m
2026.08.01 22:35:06 INFO  no build target found for /Users/nilayshrivastava/Documents/programming_language/scala/learning_scala/fp_in_scala/test.scala. Using presentation compiler with project's scala-library version: 3.3.8[0m
2026.08.01 22:35:06 INFO  no build target found for /Users/nilayshrivastava/Documents/programming_language/scala/learning_scala/fp_in_scala/test.scala. Using presentation compiler with project's scala-library version: 3.3.8[0m
2026.08.01 22:35:06 INFO  no build target found for /Users/nilayshrivastava/Documents/programming_language/scala/learning_scala/fp_in_scala/test.scala. Using presentation compiler with project's scala-library version: 3.3.8[0m
2026.08.01 22:35:06 INFO  no build target found for /Users/nilayshrivastava/Documents/programming_language/scala/learning_scala/fp_in_scala/test.scala. Using presentation compiler with project's scala-library version: 3.3.8[0m
2026.08.01 22:35:06 INFO  no build target found for /Users/nilayshrivastava/Documents/programming_language/scala/learning_scala/fp_in_scala/test.scala. Using presentation compiler with project's scala-library version: 3.3.8[0m
2026.08.01 22:35:08 INFO  no build target found for /Users/nilayshrivastava/Documents/programming_language/scala/learning_scala/fp_in_scala/test.scala. Using presentation compiler with project's scala-library version: 3.3.8[0m
2026.08.01 22:35:08 INFO  no build target found for /Users/nilayshrivastava/Documents/programming_language/scala/learning_scala/fp_in_scala/test.scala. Using presentation compiler with project's scala-library version: 3.3.8[0m
2026.08.01 22:35:08 INFO  no build target found for /Users/nilayshrivastava/Documents/programming_language/scala/learning_scala/fp_in_scala/test.scala. Using presentation compiler with project's scala-library version: 3.3.8[0m
2026.08.01 22:35:08 INFO  no build target found for /Users/nilayshrivastava/Documents/programming_language/scala/learning_scala/fp_in_scala/test.scala. Using presentation compiler with project's scala-library version: 3.3.8[0m
2026.08.01 22:35:08 INFO  no build target found for /Users/nilayshrivastava/Documents/programming_language/scala/learning_scala/fp_in_scala/test.scala. Using presentation compiler with project's scala-library version: 3.3.8[0m
2026.08.01 22:35:08 INFO  no build target found for /Users/nilayshrivastava/Documents/programming_language/scala/learning_scala/fp_in_scala/test.scala. Using presentation compiler with project's scala-library version: 3.3.8[0m
2026.08.01 22:35:08 INFO  no build target found for /Users/nilayshrivastava/Documents/programming_language/scala/learning_scala/fp_in_scala/test.scala. Using presentation compiler with project's scala-library version: 3.3.8[0m
2026.08.01 22:35:08 INFO  no build target found for /Users/nilayshrivastava/Documents/programming_language/scala/learning_scala/fp_in_scala/test.scala. Using presentation compiler with project's scala-library version: 3.3.8[0m
2026.08.01 22:35:09 INFO  no build target found for /Users/nilayshrivastava/Documents/programming_language/scala/learning_scala/fp_in_scala/test.scala. Using presentation compiler with project's scala-library version: 3.3.8[0m
2026.08.01 22:35:09 INFO  no build target found for /Users/nilayshrivastava/Documents/programming_language/scala/learning_scala/fp_in_scala/test.scala. Using presentation compiler with project's scala-library version: 3.3.8[0m
2026.08.01 22:35:09 INFO  no build target found for /Users/nilayshrivastava/Documents/programming_language/scala/learning_scala/fp_in_scala/test.scala. Using presentation compiler with project's scala-library version: 3.3.8[0m
2026.08.01 22:35:09 INFO  no build target found for /Users/nilayshrivastava/Documents/programming_language/scala/learning_scala/fp_in_scala/test.scala. Using presentation compiler with project's scala-library version: 3.3.8[0m
2026.08.01 22:35:09 INFO  no build target found for /Users/nilayshrivastava/Documents/programming_language/scala/learning_scala/fp_in_scala/test.scala. Using presentation compiler with project's scala-library version: 3.3.8[0m
2026.08.01 22:35:09 INFO  no build target found for /Users/nilayshrivastava/Documents/programming_language/scala/learning_scala/fp_in_scala/test.scala. Using presentation compiler with project's scala-library version: 3.3.8[0m
2026.08.01 22:35:09 INFO  no build target found for /Users/nilayshrivastava/Documents/programming_language/scala/learning_scala/fp_in_scala/test.scala. Using presentation compiler with project's scala-library version: 3.3.8[0m
2026.08.01 22:35:09 INFO  no build target found for /Users/nilayshrivastava/Documents/programming_language/scala/learning_scala/fp_in_scala/test.scala. Using presentation compiler with project's scala-library version: 3.3.8[0m
2026.08.01 22:35:10 INFO  no build target found for /Users/nilayshrivastava/Documents/programming_language/scala/learning_scala/fp_in_scala/test.scala. Using presentation compiler with project's scala-library version: 3.3.8[0m
2026.08.01 22:35:10 INFO  no build target found for /Users/nilayshrivastava/Documents/programming_language/scala/learning_scala/fp_in_scala/test.scala. Using presentation compiler with project's scala-library version: 3.3.8[0m
2026.08.01 22:35:10 INFO  no build target found for /Users/nilayshrivastava/Documents/programming_language/scala/learning_scala/fp_in_scala/test.scala. Using presentation compiler with project's scala-library version: 3.3.8[0m
2026.08.01 22:35:10 INFO  no build target found for /Users/nilayshrivastava/Documents/programming_language/scala/learning_scala/fp_in_scala/test.scala. Using presentation compiler with project's scala-library version: 3.3.8[0m
2026.08.01 22:35:10 INFO  no build target found for /Users/nilayshrivastava/Documents/programming_language/scala/learning_scala/fp_in_scala/test.scala. Using presentation compiler with project's scala-library version: 3.3.8[0m
2026.08.01 22:35:10 INFO  no build target found for /Users/nilayshrivastava/Documents/programming_language/scala/learning_scala/fp_in_scala/test.scala. Using presentation compiler with project's scala-library version: 3.3.8[0m
2026.08.01 22:35:10 INFO  no build target found for /Users/nilayshrivastava/Documents/programming_language/scala/learning_scala/fp_in_scala/test.scala. Using presentation compiler with project's scala-library version: 3.3.8[0m
2026.08.01 22:35:10 INFO  no build target found for /Users/nilayshrivastava/Documents/programming_language/scala/learning_scala/fp_in_scala/test.scala. Using presentation compiler with project's scala-library version: 3.3.8[0m
2026.08.01 22:35:15 INFO  no build target found for /Users/nilayshrivastava/Documents/programming_language/scala/learning_scala/fp_in_scala/test.scala. Using presentation compiler with project's scala-library version: 3.3.8[0m
2026.08.01 22:35:15 INFO  no build target found for /Users/nilayshrivastava/Documents/programming_language/scala/learning_scala/fp_in_scala/test.scala. Using presentation compiler with project's scala-library version: 3.3.8[0m
2026.08.01 22:35:15 INFO  no build target found for /Users/nilayshrivastava/Documents/programming_language/scala/learning_scala/fp_in_scala/test.scala. Using presentation compiler with project's scala-library version: 3.3.8[0m
2026.08.01 22:35:15 INFO  no build target found for /Users/nilayshrivastava/Documents/programming_language/scala/learning_scala/fp_in_scala/test.scala. Using presentation compiler with project's scala-library version: 3.3.8[0m
2026.08.01 22:35:15 INFO  no build target found for /Users/nilayshrivastava/Documents/programming_language/scala/learning_scala/fp_in_scala/test.scala. Using presentation compiler with project's scala-library version: 3.3.8[0m
2026.08.01 22:35:15 INFO  no build target found for /Users/nilayshrivastava/Documents/programming_language/scala/learning_scala/fp_in_scala/test.scala. Using presentation compiler with project's scala-library version: 3.3.8[0m
2026.08.01 22:35:15 INFO  no build target found for /Users/nilayshrivastava/Documents/programming_language/scala/learning_scala/fp_in_scala/test.scala. Using presentation compiler with project's scala-library version: 3.3.8[0m
2026.08.01 22:35:15 INFO  no build target found for /Users/nilayshrivastava/Documents/programming_language/scala/learning_scala/fp_in_scala/test.scala. Using presentation compiler with project's scala-library version: 3.3.8[0m
2026.08.01 22:35:17 INFO  no build target found for /Users/nilayshrivastava/Documents/programming_language/scala/learning_scala/fp_in_scala/test.scala. Using presentation compiler with project's scala-library version: 3.3.8[0m
2026.08.01 22:35:17 INFO  no build target found for /Users/nilayshrivastava/Documents/programming_language/scala/learning_scala/fp_in_scala/test.scala. Using presentation compiler with project's scala-library version: 3.3.8[0m
2026.08.01 22:35:44 INFO  Shutting down server[0m
2026.08.01 22:35:44 INFO  Memory monitor stopped[0m
2026.08.01 22:35:44 INFO  shutting down Metals[0m
2026.08.01 22:35:44 INFO  Exiting server[0m
2026.08.01 22:45:03 INFO  Started: Metals version 1.6.8 in folders '/Users/nilayshrivastava/Documents/programming_language/scala/learning_scala' for client Vim 9020850.[0m
2026.08.01 22:45:03 INFO  Memory monitor started[0m
2026.08.01 22:45:03 WARN  Using H2 2.4.240 which is newer than the version Flyway has been verified with. The latest verified version of H2 is 2.3.232.[0m
Aug 01, 2026 10:45:04 PM org.eclipse.lsp4j.jsonrpc.RemoteEndpoint handleNotification
WARNING: Notification threw an exception: {
  "jsonrpc": "2.0",
  "method": "textDocument/didOpen",
  "params": {
    "textDocument": {
      "uri": "file:///Users/nilayshrivastava/Documents/programming_language/scala/learning_scala/fp_in_scala/test.scala",
      "languageId": "scala",
      "version": 3,
      "text": "\n"
    }
  }
}
java.lang.IllegalStateException: An unexpected exception occurred while executing jsonrpc method public abstract java.util.concurrent.CompletableFuture scala.meta.metals.lsp.TextDocumentService.didOpen(org.eclipse.lsp4j.DidOpenTextDocumentParams)
	at org.eclipse.lsp4j.jsonrpc.services.GenericEndpoint.lambda$recursiveFindRpcMethods$0(GenericEndpoint.java:73)
	at org.eclipse.lsp4j.jsonrpc.services.GenericEndpoint.notify(GenericEndpoint.java:160)
	at org.eclipse.lsp4j.jsonrpc.RemoteEndpoint.handleNotification(RemoteEndpoint.java:225)
	at org.eclipse.lsp4j.jsonrpc.RemoteEndpoint.consume(RemoteEndpoint.java:192)
	at org.eclipse.lsp4j.jsonrpc.json.StreamMessageProducer.handleMessage(StreamMessageProducer.java:189)
	at org.eclipse.lsp4j.jsonrpc.json.StreamMessageProducer.listen(StreamMessageProducer.java:97)
	at org.eclipse.lsp4j.jsonrpc.json.ConcurrentMessageProcessor.run(ConcurrentMessageProcessor.java:97)
	at java.base/java.util.concurrent.Executors$RunnableAdapter.call(Executors.java:539)
	at java.base/java.util.concurrent.FutureTask.run(FutureTask.java:264)
	at java.base/java.util.concurrent.ThreadPoolExecutor.runWorker(ThreadPoolExecutor.java:1136)
	at java.base/java.util.concurrent.ThreadPoolExecutor$Worker.run(ThreadPoolExecutor.java:635)
	at java.base/java.lang.Thread.run(Thread.java:840)
Caused by: java.nio.file.NoSuchFileException: /Users/nilayshrivastava/Documents/programming_language/scala/learning_scala/fp_in_scala/test.scala
	at java.base/sun.nio.fs.UnixException.translateToIOException(UnixException.java:92)
	at java.base/sun.nio.fs.UnixException.rethrowAsIOException(UnixException.java:106)
	at java.base/sun.nio.fs.UnixException.rethrowAsIOException(UnixException.java:111)
	at java.base/sun.nio.fs.UnixFileSystemProvider.newByteChannel(UnixFileSystemProvider.java:218)
	at java.base/java.nio.file.Files.newByteChannel(Files.java:380)
	at java.base/java.nio.file.Files.newByteChannel(Files.java:432)
	at java.base/java.nio.file.Files.readAllBytes(Files.java:3288)
	at scala.meta.internal.io.PlatformFileIO$.slurp(PlatformFileIO.scala:38)
	at scala.meta.internal.io.FileIO$.slurp(FileIO.scala:18)
	at scala.meta.internal.metals.MetalsLspService.didOpen(MetalsLspService.scala:762)
	at scala.meta.internal.metals.WorkspaceLspService.didOpen(WorkspaceLspService.scala:476)
	at scala.meta.metals.lsp.DelegatingScalaService.didOpen(DelegatingScalaService.scala:38)
	at java.base/jdk.internal.reflect.NativeMethodAccessorImpl.invoke0(Native Method)
	at java.base/jdk.internal.reflect.NativeMethodAccessorImpl.invoke(NativeMethodAccessorImpl.java:77)
	at java.base/jdk.internal.reflect.DelegatingMethodAccessorImpl.invoke(DelegatingMethodAccessorImpl.java:43)
	at java.base/java.lang.reflect.Method.invoke(Method.java:569)
	at org.eclipse.lsp4j.jsonrpc.services.GenericEndpoint.lambda$recursiveFindRpcMethods$0(GenericEndpoint.java:65)
	... 11 more

2026.08.01 22:45:04 INFO  Attempting to connect to the build server...[0m
2026.08.01 22:45:04 INFO  Running BSP server List(/Users/nilayshrivastava/Library/Application Support/Coursier/bin/.scala-cli.aux, bsp, --json-options, /Users/nilayshrivastava/Documents/learning_scala/.scala-build/ide-options-v2.json, --json-launcher-options, /Users/nilayshrivastava/Documents/learning_scala/.scala-build/ide-launcher-options.json, --envs-file, /Users/nilayshrivastava/Documents/learning_scala/.scala-build/ide-envs.json, /Users/nilayshrivastava/Documents/learning_scala/FirstProgram.scala)[0m
2026.08.01 22:45:04 INFO  Tracing is disabled for protocol BSP. To enable tracing of incoming and outgoing JSON messages, create an empty file at /Users/nilayshrivastava/Documents/programming_language/scala/learning_scala/.metals/bsp.trace.json or /Users/nilayshrivastava/Library/Caches/org.scalameta.metals/bsp.trace.json[0m
2026.08.01 22:45:04 INFO  BSP server: Starting compilation server[0m
2026.08.01 22:45:04 INFO  BSP server: Error: java.nio.file.NoSuchFileException: /Users/nilayshrivastava/Documents/learning_scala/FirstProgram.scala[0m
2026.08.01 22:45:04 INFO  BSP server: For more details, please see '/Users/nilayshrivastava/Documents/learning_scala/.scala-build/stacktraces/1785620704-14444622121614953466.log'[0m
2026.08.01 22:45:16 INFO  no build target found for /Users/nilayshrivastava/Documents/programming_language/scala/learning_scala/fp_in_scala/test.scala. Using presentation compiler with project's scala-library version: 3.3.8[0m
2026.08.01 22:45:16 INFO  no build target found for /Users/nilayshrivastava/Documents/programming_language/scala/learning_scala/fp_in_scala/test.scala. Using presentation compiler with project's scala-library version: 3.3.8[0m
2026.08.01 22:45:16 INFO  no build target found for /Users/nilayshrivastava/Documents/programming_language/scala/learning_scala/fp_in_scala/test.scala. Using presentation compiler with project's scala-library version: 3.3.8[0m
2026.08.01 22:45:16 INFO  no build target found for /Users/nilayshrivastava/Documents/programming_language/scala/learning_scala/fp_in_scala/test.scala. Using presentation compiler with project's scala-library version: 3.3.8[0m
2026.08.01 22:45:16 INFO  no build target found for /Users/nilayshrivastava/Documents/programming_language/scala/learning_scala/fp_in_scala/test.scala. Using presentation compiler with project's scala-library version: 3.3.8[0m
2026.08.01 22:45:16 INFO  no build target found for /Users/nilayshrivastava/Documents/programming_language/scala/learning_scala/fp_in_scala/test.scala. Using presentation compiler with project's scala-library version: 3.3.8[0m
2026.08.01 22:45:16 INFO  no build target found for /Users/nilayshrivastava/Documents/programming_language/scala/learning_scala/fp_in_scala/test.scala. Using presentation compiler with project's scala-library version: 3.3.8[0m
2026.08.01 22:45:18 INFO  no build target found for /Users/nilayshrivastava/Documents/programming_language/scala/learning_scala/fp_in_scala/test.scala. Using presentation compiler with project's scala-library version: 3.3.8[0m
2026.08.01 22:45:18 INFO  no build target found for /Users/nilayshrivastava/Documents/programming_language/scala/learning_scala/fp_in_scala/test.scala. Using presentation compiler with project's scala-library version: 3.3.8[0m
2026.08.01 22:45:18 INFO  no build target found for /Users/nilayshrivastava/Documents/programming_language/scala/learning_scala/fp_in_scala/test.scala. Using presentation compiler with project's scala-library version: 3.3.8[0m
2026.08.01 22:45:18 INFO  no build target found for /Users/nilayshrivastava/Documents/programming_language/scala/learning_scala/fp_in_scala/test.scala. Using presentation compiler with project's scala-library version: 3.3.8[0m
2026.08.01 22:45:18 INFO  no build target found for /Users/nilayshrivastava/Documents/programming_language/scala/learning_scala/fp_in_scala/test.scala. Using presentation compiler with project's scala-library version: 3.3.8[0m
2026.08.01 22:45:18 INFO  no build target found for /Users/nilayshrivastava/Documents/programming_language/scala/learning_scala/fp_in_scala/test.scala. Using presentation compiler with project's scala-library version: 3.3.8[0m
2026.08.01 22:45:18 INFO  no build target found for /Users/nilayshrivastava/Documents/programming_language/scala/learning_scala/fp_in_scala/test.scala. Using presentation compiler with project's scala-library version: 3.3.8[0m
2026.08.01 22:45:18 INFO  no build target found for /Users/nilayshrivastava/Documents/programming_language/scala/learning_scala/fp_in_scala/test.scala. Using presentation compiler with project's scala-library version: 3.3.8[0m
2026.08.01 22:45:18 INFO  no build target found for /Users/nilayshrivastava/Documents/programming_language/scala/learning_scala/fp_in_scala/test.scala. Using presentation compiler with project's scala-library version: 3.3.8[0m
2026.08.01 22:45:19 INFO  no build target found for /Users/nilayshrivastava/Documents/programming_language/scala/learning_scala/fp_in_scala/test.scala. Using presentation compiler with project's scala-library version: 3.3.8[0m
2026.08.01 22:45:19 INFO  no build target found for /Users/nilayshrivastava/Documents/programming_language/scala/learning_scala/fp_in_scala/test.scala. Using presentation compiler with project's scala-library version: 3.3.8[0m
2026.08.01 22:45:19 INFO  no build target found for /Users/nilayshrivastava/Documents/programming_language/scala/learning_scala/fp_in_scala/test.scala. Using presentation compiler with project's scala-library version: 3.3.8[0m
2026.08.01 22:45:19 INFO  no build target found for /Users/nilayshrivastava/Documents/programming_language/scala/learning_scala/fp_in_scala/test.scala. Using presentation compiler with project's scala-library version: 3.3.8[0m
2026.08.01 22:45:19 INFO  no build target found for /Users/nilayshrivastava/Documents/programming_language/scala/learning_scala/fp_in_scala/test.scala. Using presentation compiler with project's scala-library version: 3.3.8[0m
2026.08.01 22:45:19 INFO  no build target found for /Users/nilayshrivastava/Documents/programming_language/scala/learning_scala/fp_in_scala/test.scala. Using presentation compiler with project's scala-library version: 3.3.8[0m
2026.08.01 22:45:19 INFO  no build target found for /Users/nilayshrivastava/Documents/programming_language/scala/learning_scala/fp_in_scala/test.scala. Using presentation compiler with project's scala-library version: 3.3.8[0m
2026.08.01 22:45:19 INFO  no build target found for /Users/nilayshrivastava/Documents/programming_language/scala/learning_scala/fp_in_scala/test.scala. Using presentation compiler with project's scala-library version: 3.3.8[0m
2026.08.01 22:45:19 INFO  no build target found for /Users/nilayshrivastava/Documents/programming_language/scala/learning_scala/fp_in_scala/test.scala. Using presentation compiler with project's scala-library version: 3.3.8[0m
2026.08.01 22:45:19 INFO  no build target found for /Users/nilayshrivastava/Documents/programming_language/scala/learning_scala/fp_in_scala/test.scala. Using presentation compiler with project's scala-library version: 3.3.8[0m
2026.08.01 22:45:20 INFO  no build target found for /Users/nilayshrivastava/Documents/programming_language/scala/learning_scala/fp_in_scala/test.scala. Using presentation compiler with project's scala-library version: 3.3.8[0m
2026.08.01 22:45:20 INFO  no build target found for /Users/nilayshrivastava/Documents/programming_language/scala/learning_scala/fp_in_scala/test.scala. Using presentation compiler with project's scala-library version: 3.3.8[0m
2026.08.01 22:45:20 INFO  no build target found for /Users/nilayshrivastava/Documents/programming_language/scala/learning_scala/fp_in_scala/test.scala. Using presentation compiler with project's scala-library version: 3.3.8[0m
2026.08.01 22:45:20 INFO  no build target found for /Users/nilayshrivastava/Documents/programming_language/scala/learning_scala/fp_in_scala/test.scala. Using presentation compiler with project's scala-library version: 3.3.8[0m
2026.08.01 22:45:20 INFO  no build target found for /Users/nilayshrivastava/Documents/programming_language/scala/learning_scala/fp_in_scala/test.scala. Using presentation compiler with project's scala-library version: 3.3.8[0m
2026.08.01 22:45:20 INFO  no build target found for /Users/nilayshrivastava/Documents/programming_language/scala/learning_scala/fp_in_scala/test.scala. Using presentation compiler with project's scala-library version: 3.3.8[0m
2026.08.01 22:45:21 INFO  no build target found for /Users/nilayshrivastava/Documents/programming_language/scala/learning_scala/fp_in_scala/test.scala. Using presentation compiler with project's scala-library version: 3.3.8[0m
2026.08.01 22:45:21 INFO  no build target found for /Users/nilayshrivastava/Documents/programming_language/scala/learning_scala/fp_in_scala/test.scala. Using presentation compiler with project's scala-library version: 3.3.8[0m
2026.08.01 22:45:21 INFO  no build target found for /Users/nilayshrivastava/Documents/programming_language/scala/learning_scala/fp_in_scala/test.scala. Using presentation compiler with project's scala-library version: 3.3.8[0m
2026.08.01 22:45:21 INFO  no build target found for /Users/nilayshrivastava/Documents/programming_language/scala/learning_scala/fp_in_scala/test.scala. Using presentation compiler with project's scala-library version: 3.3.8[0m
2026.08.01 22:45:21 INFO  no build target found for /Users/nilayshrivastava/Documents/programming_language/scala/learning_scala/fp_in_scala/test.scala. Using presentation compiler with project's scala-library version: 3.3.8[0m
2026.08.01 22:45:22 INFO  no build target found for /Users/nilayshrivastava/Documents/programming_language/scala/learning_scala/fp_in_scala/test.scala. Using presentation compiler with project's scala-library version: 3.3.8[0m
2026.08.01 22:45:22 INFO  no build target found for /Users/nilayshrivastava/Documents/programming_language/scala/learning_scala/fp_in_scala/test.scala. Using presentation compiler with project's scala-library version: 3.3.8[0m
2026.08.01 22:45:22 INFO  no build target found for /Users/nilayshrivastava/Documents/programming_language/scala/learning_scala/fp_in_scala/test.scala. Using presentation compiler with project's scala-library version: 3.3.8[0m
2026.08.01 22:45:22 INFO  no build target found for /Users/nilayshrivastava/Documents/programming_language/scala/learning_scala/fp_in_scala/test.scala. Using presentation compiler with project's scala-library version: 3.3.8[0m
2026.08.01 22:45:23 INFO  no build target found for /Users/nilayshrivastava/Documents/programming_language/scala/learning_scala/fp_in_scala/test.scala. Using presentation compiler with project's scala-library version: 3.3.8[0m
2026.08.01 22:45:23 INFO  no build target found for /Users/nilayshrivastava/Documents/programming_language/scala/learning_scala/fp_in_scala/test.scala. Using presentation compiler with project's scala-library version: 3.3.8[0m
2026.08.01 22:45:23 INFO  no build target found for /Users/nilayshrivastava/Documents/programming_language/scala/learning_scala/fp_in_scala/test.scala. Using presentation compiler with project's scala-library version: 3.3.8[0m
2026.08.01 22:45:23 INFO  no build target found for /Users/nilayshrivastava/Documents/programming_language/scala/learning_scala/fp_in_scala/test.scala. Using presentation compiler with project's scala-library version: 3.3.8[0m
2026.08.01 22:45:23 INFO  no build target found for /Users/nilayshrivastava/Documents/programming_language/scala/learning_scala/fp_in_scala/test.scala. Using presentation compiler with project's scala-library version: 3.3.8[0m
2026.08.01 22:45:24 INFO  no build target found for /Users/nilayshrivastava/Documents/programming_language/scala/learning_scala/fp_in_scala/test.scala. Using presentation compiler with project's scala-library version: 3.3.8[0m
2026.08.01 22:45:24 INFO  no build target found for /Users/nilayshrivastava/Documents/programming_language/scala/learning_scala/fp_in_scala/test.scala. Using presentation compiler with project's scala-library version: 3.3.8[0m
2026.08.01 22:45:24 INFO  no build target found for /Users/nilayshrivastava/Documents/programming_language/scala/learning_scala/fp_in_scala/test.scala. Using presentation compiler with project's scala-library version: 3.3.8[0m
2026.08.01 22:45:24 INFO  no build target found for /Users/nilayshrivastava/Documents/programming_language/scala/learning_scala/fp_in_scala/test.scala. Using presentation compiler with project's scala-library version: 3.3.8[0m
2026.08.01 22:45:24 INFO  no build target found for /Users/nilayshrivastava/Documents/programming_language/scala/learning_scala/fp_in_scala/test.scala. Using presentation compiler with project's scala-library version: 3.3.8[0m
2026.08.01 22:45:24 INFO  no build target found for /Users/nilayshrivastava/Documents/programming_language/scala/learning_scala/fp_in_scala/test.scala. Using presentation compiler with project's scala-library version: 3.3.8[0m
2026.08.01 22:45:24 INFO  no build target found for /Users/nilayshrivastava/Documents/programming_language/scala/learning_scala/fp_in_scala/test.scala. Using presentation compiler with project's scala-library version: 3.3.8[0m
2026.08.01 22:45:24 INFO  no build target found for /Users/nilayshrivastava/Documents/programming_language/scala/learning_scala/fp_in_scala/test.scala. Using presentation compiler with project's scala-library version: 3.3.8[0m
2026.08.01 22:45:26 INFO  no build target found for /Users/nilayshrivastava/Documents/programming_language/scala/learning_scala/fp_in_scala/test.scala. Using presentation compiler with project's scala-library version: 3.3.8[0m
2026.08.01 22:45:26 INFO  no build target found for /Users/nilayshrivastava/Documents/programming_language/scala/learning_scala/fp_in_scala/test.scala. Using presentation compiler with project's scala-library version: 3.3.8[0m
2026.08.01 22:45:26 INFO  no build target found for /Users/nilayshrivastava/Documents/programming_language/scala/learning_scala/fp_in_scala/test.scala. Using presentation compiler with project's scala-library version: 3.3.8[0m
2026.08.01 22:45:26 INFO  no build target found for /Users/nilayshrivastava/Documents/programming_language/scala/learning_scala/fp_in_scala/test.scala. Using presentation compiler with project's scala-library version: 3.3.8[0m
2026.08.01 22:45:26 INFO  no build target found for /Users/nilayshrivastava/Documents/programming_language/scala/learning_scala/fp_in_scala/test.scala. Using presentation compiler with project's scala-library version: 3.3.8[0m
2026.08.01 22:45:26 INFO  no build target found for /Users/nilayshrivastava/Documents/programming_language/scala/learning_scala/fp_in_scala/test.scala. Using presentation compiler with project's scala-library version: 3.3.8[0m
2026.08.01 22:45:26 INFO  no build target found for /Users/nilayshrivastava/Documents/programming_language/scala/learning_scala/fp_in_scala/test.scala. Using presentation compiler with project's scala-library version: 3.3.8[0m
2026.08.01 22:45:26 INFO  no build target found for /Users/nilayshrivastava/Documents/programming_language/scala/learning_scala/fp_in_scala/test.scala. Using presentation compiler with project's scala-library version: 3.3.8[0m
2026.08.01 22:45:26 INFO  no build target found for /Users/nilayshrivastava/Documents/programming_language/scala/learning_scala/fp_in_scala/test.scala. Using presentation compiler with project's scala-library version: 3.3.8[0m
2026.08.01 22:45:26 INFO  no build target found for /Users/nilayshrivastava/Documents/programming_language/scala/learning_scala/fp_in_scala/test.scala. Using presentation compiler with project's scala-library version: 3.3.8[0m
2026.08.01 22:45:27 INFO  no build target found for /Users/nilayshrivastava/Documents/programming_language/scala/learning_scala/fp_in_scala/test.scala. Using presentation compiler with project's scala-library version: 3.3.8[0m
2026.08.01 22:45:27 INFO  no build target found for /Users/nilayshrivastava/Documents/programming_language/scala/learning_scala/fp_in_scala/test.scala. Using presentation compiler with project's scala-library version: 3.3.8[0m
2026.08.01 22:45:27 INFO  no build target found for /Users/nilayshrivastava/Documents/programming_language/scala/learning_scala/fp_in_scala/test.scala. Using presentation compiler with project's scala-library version: 3.3.8[0m
2026.08.01 22:45:28 INFO  no build target found for /Users/nilayshrivastava/Documents/programming_language/scala/learning_scala/fp_in_scala/test.scala. Using presentation compiler with project's scala-library version: 3.3.8[0m
2026.08.01 22:45:28 INFO  no build target found for /Users/nilayshrivastava/Documents/programming_language/scala/learning_scala/fp_in_scala/test.scala. Using presentation compiler with project's scala-library version: 3.3.8[0m
2026.08.01 22:45:28 INFO  no build target found for /Users/nilayshrivastava/Documents/programming_language/scala/learning_scala/fp_in_scala/test.scala. Using presentation compiler with project's scala-library version: 3.3.8[0m
2026.08.01 22:45:28 INFO  no build target found for /Users/nilayshrivastava/Documents/programming_language/scala/learning_scala/fp_in_scala/test.scala. Using presentation compiler with project's scala-library version: 3.3.8[0m
2026.08.01 22:45:28 INFO  no build target found for /Users/nilayshrivastava/Documents/programming_language/scala/learning_scala/fp_in_scala/test.scala. Using presentation compiler with project's scala-library version: 3.3.8[0m
2026.08.01 22:45:29 INFO  no build target found for /Users/nilayshrivastava/Documents/programming_language/scala/learning_scala/fp_in_scala/test.scala. Using presentation compiler with project's scala-library version: 3.3.8[0m
2026.08.01 22:45:29 INFO  no build target found for /Users/nilayshrivastava/Documents/programming_language/scala/learning_scala/fp_in_scala/test.scala. Using presentation compiler with project's scala-library version: 3.3.8[0m
2026.08.01 22:45:29 INFO  no build target found for /Users/nilayshrivastava/Documents/programming_language/scala/learning_scala/fp_in_scala/test.scala. Using presentation compiler with project's scala-library version: 3.3.8[0m
2026.08.01 22:45:29 INFO  no build target found for /Users/nilayshrivastava/Documents/programming_language/scala/learning_scala/fp_in_scala/test.scala. Using presentation compiler with project's scala-library version: 3.3.8[0m
2026.08.01 22:45:29 INFO  no build target found for /Users/nilayshrivastava/Documents/programming_language/scala/learning_scala/fp_in_scala/test.scala. Using presentation compiler with project's scala-library version: 3.3.8[0m
2026.08.01 22:45:29 INFO  no build target found for /Users/nilayshrivastava/Documents/programming_language/scala/learning_scala/fp_in_scala/test.scala. Using presentation compiler with project's scala-library version: 3.3.8[0m
2026.08.01 22:45:29 INFO  no build target found for /Users/nilayshrivastava/Documents/programming_language/scala/learning_scala/fp_in_scala/test.scala. Using presentation compiler with project's scala-library version: 3.3.8[0m
2026.08.01 22:45:31 INFO  no build target found for /Users/nilayshrivastava/Documents/programming_language/scala/learning_scala/fp_in_scala/test.scala. Using presentation compiler with project's scala-library version: 3.3.8[0m
2026.08.01 22:45:31 INFO  no build target found for /Users/nilayshrivastava/Documents/programming_language/scala/learning_scala/fp_in_scala/test.scala. Using presentation compiler with project's scala-library version: 3.3.8[0m
2026.08.01 22:45:31 INFO  no build target found for /Users/nilayshrivastava/Documents/programming_language/scala/learning_scala/fp_in_scala/test.scala. Using presentation compiler with project's scala-library version: 3.3.8[0m
2026.08.01 22:45:31 INFO  no build target found for /Users/nilayshrivastava/Documents/programming_language/scala/learning_scala/fp_in_scala/test.scala. Using presentation compiler with project's scala-library version: 3.3.8[0m
2026.08.01 22:45:31 INFO  no build target found for /Users/nilayshrivastava/Documents/programming_language/scala/learning_scala/fp_in_scala/test.scala. Using presentation compiler with project's scala-library version: 3.3.8[0m
2026.08.01 22:45:31 INFO  no build target found for /Users/nilayshrivastava/Documents/programming_language/scala/learning_scala/fp_in_scala/test.scala. Using presentation compiler with project's scala-library version: 3.3.8[0m
2026.08.01 22:45:31 INFO  no build target found for /Users/nilayshrivastava/Documents/programming_language/scala/learning_scala/fp_in_scala/test.scala. Using presentation compiler with project's scala-library version: 3.3.8[0m
2026.08.01 22:45:31 INFO  no build target found for /Users/nilayshrivastava/Documents/programming_language/scala/learning_scala/fp_in_scala/test.scala. Using presentation compiler with project's scala-library version: 3.3.8[0m
2026.08.01 22:45:31 INFO  no build target found for /Users/nilayshrivastava/Documents/programming_language/scala/learning_scala/fp_in_scala/test.scala. Using presentation compiler with project's scala-library version: 3.3.8[0m
2026.08.01 22:45:31 INFO  no build target found for /Users/nilayshrivastava/Documents/programming_language/scala/learning_scala/fp_in_scala/test.scala. Using presentation compiler with project's scala-library version: 3.3.8[0m
2026.08.01 22:45:33 INFO  no build target found for /Users/nilayshrivastava/Documents/programming_language/scala/learning_scala/fp_in_scala/test.scala. Using presentation compiler with project's scala-library version: 3.3.8[0m
2026.08.01 22:45:33 INFO  no build target found for /Users/nilayshrivastava/Documents/programming_language/scala/learning_scala/fp_in_scala/test.scala. Using presentation compiler with project's scala-library version: 3.3.8[0m
2026.08.01 22:45:33 INFO  no build target found for /Users/nilayshrivastava/Documents/programming_language/scala/learning_scala/fp_in_scala/test.scala. Using presentation compiler with project's scala-library version: 3.3.8[0m
2026.08.01 22:45:33 INFO  no build target found for /Users/nilayshrivastava/Documents/programming_language/scala/learning_scala/fp_in_scala/test.scala. Using presentation compiler with project's scala-library version: 3.3.8[0m
2026.08.01 22:45:33 INFO  no build target found for /Users/nilayshrivastava/Documents/programming_language/scala/learning_scala/fp_in_scala/test.scala. Using presentation compiler with project's scala-library version: 3.3.8[0m
2026.08.01 22:45:33 INFO  no build target found for /Users/nilayshrivastava/Documents/programming_language/scala/learning_scala/fp_in_scala/test.scala. Using presentation compiler with project's scala-library version: 3.3.8[0m
2026.08.01 22:45:33 INFO  no build target found for /Users/nilayshrivastava/Documents/programming_language/scala/learning_scala/fp_in_scala/test.scala. Using presentation compiler with project's scala-library version: 3.3.8[0m
2026.08.01 22:45:33 INFO  no build target found for /Users/nilayshrivastava/Documents/programming_language/scala/learning_scala/fp_in_scala/test.scala. Using presentation compiler with project's scala-library version: 3.3.8[0m
2026.08.01 22:45:35 INFO  no build target found for /Users/nilayshrivastava/Documents/programming_language/scala/learning_scala/fp_in_scala/test.scala. Using presentation compiler with project's scala-library version: 3.3.8[0m
2026.08.01 22:45:35 INFO  no build target found for /Users/nilayshrivastava/Documents/programming_language/scala/learning_scala/fp_in_scala/test.scala. Using presentation compiler with project's scala-library version: 3.3.8[0m
2026.08.01 22:45:35 INFO  no build target found for /Users/nilayshrivastava/Documents/programming_language/scala/learning_scala/fp_in_scala/test.scala. Using presentation compiler with project's scala-library version: 3.3.8[0m
2026.08.01 22:45:35 INFO  no build target found for /Users/nilayshrivastava/Documents/programming_language/scala/learning_scala/fp_in_scala/test.scala. Using presentation compiler with project's scala-library version: 3.3.8[0m
2026.08.01 22:45:36 INFO  no build target found for /Users/nilayshrivastava/Documents/programming_language/scala/learning_scala/fp_in_scala/test.scala. Using presentation compiler with project's scala-library version: 3.3.8[0m
2026.08.01 22:45:36 INFO  no build target found for /Users/nilayshrivastava/Documents/programming_language/scala/learning_scala/fp_in_scala/test.scala. Using presentation compiler with project's scala-library version: 3.3.8[0m
2026.08.01 22:45:36 INFO  no build target found for /Users/nilayshrivastava/Documents/programming_language/scala/learning_scala/fp_in_scala/test.scala. Using presentation compiler with project's scala-library version: 3.3.8[0m
2026.08.01 22:45:37 INFO  no build target found for /Users/nilayshrivastava/Documents/programming_language/scala/learning_scala/fp_in_scala/test.scala. Using presentation compiler with project's scala-library version: 3.3.8[0m
2026.08.01 22:45:37 INFO  no build target found for /Users/nilayshrivastava/Documents/programming_language/scala/learning_scala/fp_in_scala/test.scala. Using presentation compiler with project's scala-library version: 3.3.8[0m
2026.08.01 22:45:39 INFO  no build target found for /Users/nilayshrivastava/Documents/programming_language/scala/learning_scala/fp_in_scala/test.scala. Using presentation compiler with project's scala-library version: 3.3.8[0m
2026.08.01 22:45:39 INFO  no build target found for /Users/nilayshrivastava/Documents/programming_language/scala/learning_scala/fp_in_scala/test.scala. Using presentation compiler with project's scala-library version: 3.3.8[0m
2026.08.01 22:45:39 INFO  no build target found for /Users/nilayshrivastava/Documents/programming_language/scala/learning_scala/fp_in_scala/test.scala. Using presentation compiler with project's scala-library version: 3.3.8[0m
2026.08.01 22:45:39 INFO  no build target found for /Users/nilayshrivastava/Documents/programming_language/scala/learning_scala/fp_in_scala/test.scala. Using presentation compiler with project's scala-library version: 3.3.8[0m
2026.08.01 22:45:39 INFO  no build target found for /Users/nilayshrivastava/Documents/programming_language/scala/learning_scala/fp_in_scala/test.scala. Using presentation compiler with project's scala-library version: 3.3.8[0m
2026.08.01 22:45:39 INFO  no build target found for /Users/nilayshrivastava/Documents/programming_language/scala/learning_scala/fp_in_scala/test.scala. Using presentation compiler with project's scala-library version: 3.3.8[0m
2026.08.01 22:45:39 INFO  no build target found for /Users/nilayshrivastava/Documents/programming_language/scala/learning_scala/fp_in_scala/test.scala. Using presentation compiler with project's scala-library version: 3.3.8[0m
2026.08.01 22:45:39 INFO  no build target found for /Users/nilayshrivastava/Documents/programming_language/scala/learning_scala/fp_in_scala/test.scala. Using presentation compiler with project's scala-library version: 3.3.8[0m
2026.08.01 22:45:39 INFO  no build target found for /Users/nilayshrivastava/Documents/programming_language/scala/learning_scala/fp_in_scala/test.scala. Using presentation compiler with project's scala-library version: 3.3.8[0m
2026.08.01 22:45:39 INFO  no build target found for /Users/nilayshrivastava/Documents/programming_language/scala/learning_scala/fp_in_scala/test.scala. Using presentation compiler with project's scala-library version: 3.3.8[0m
2026.08.01 22:45:39 INFO  no build target found for /Users/nilayshrivastava/Documents/programming_language/scala/learning_scala/fp_in_scala/test.scala. Using presentation compiler with project's scala-library version: 3.3.8[0m
2026.08.01 22:45:41 INFO  no build target found for /Users/nilayshrivastava/Documents/programming_language/scala/learning_scala/fp_in_scala/test.scala. Using presentation compiler with project's scala-library version: 3.3.8[0m
2026.08.01 22:45:41 INFO  no build target found for /Users/nilayshrivastava/Documents/programming_language/scala/learning_scala/fp_in_scala/test.scala. Using presentation compiler with project's scala-library version: 3.3.8[0m
2026.08.01 22:45:41 INFO  no build target found for /Users/nilayshrivastava/Documents/programming_language/scala/learning_scala/fp_in_scala/test.scala. Using presentation compiler with project's scala-library version: 3.3.8[0m
2026.08.01 22:45:41 INFO  no build target found for /Users/nilayshrivastava/Documents/programming_language/scala/learning_scala/fp_in_scala/test.scala. Using presentation compiler with project's scala-library version: 3.3.8[0m
2026.08.01 22:45:41 INFO  no build target found for /Users/nilayshrivastava/Documents/programming_language/scala/learning_scala/fp_in_scala/test.scala. Using presentation compiler with project's scala-library version: 3.3.8[0m
2026.08.01 22:45:41 INFO  no build target found for /Users/nilayshrivastava/Documents/programming_language/scala/learning_scala/fp_in_scala/test.scala. Using presentation compiler with project's scala-library version: 3.3.8[0m
2026.08.01 22:45:41 INFO  no build target found for /Users/nilayshrivastava/Documents/programming_language/scala/learning_scala/fp_in_scala/test.scala. Using presentation compiler with project's scala-library version: 3.3.8[0m
2026.08.01 22:45:41 INFO  no build target found for /Users/nilayshrivastava/Documents/programming_language/scala/learning_scala/fp_in_scala/test.scala. Using presentation compiler with project's scala-library version: 3.3.8[0m
2026.08.01 22:45:42 INFO  no build target found for /Users/nilayshrivastava/Documents/programming_language/scala/learning_scala/fp_in_scala/test.scala. Using presentation compiler with project's scala-library version: 3.3.8[0m
2026.08.01 22:45:42 INFO  no build target found for /Users/nilayshrivastava/Documents/programming_language/scala/learning_scala/fp_in_scala/test.scala. Using presentation compiler with project's scala-library version: 3.3.8[0m
2026.08.01 22:45:42 INFO  no build target found for /Users/nilayshrivastava/Documents/programming_language/scala/learning_scala/fp_in_scala/test.scala. Using presentation compiler with project's scala-library version: 3.3.8[0m
2026.08.01 22:45:42 INFO  no build target found for /Users/nilayshrivastava/Documents/programming_language/scala/learning_scala/fp_in_scala/test.scala. Using presentation compiler with project's scala-library version: 3.3.8[0m
2026.08.01 22:45:42 INFO  no build target found for /Users/nilayshrivastava/Documents/programming_language/scala/learning_scala/fp_in_scala/test.scala. Using presentation compiler with project's scala-library version: 3.3.8[0m
2026.08.01 22:45:42 INFO  no build target found for /Users/nilayshrivastava/Documents/programming_language/scala/learning_scala/fp_in_scala/test.scala. Using presentation compiler with project's scala-library version: 3.3.8[0m
2026.08.01 22:45:42 INFO  no build target found for /Users/nilayshrivastava/Documents/programming_language/scala/learning_scala/fp_in_scala/test.scala. Using presentation compiler with project's scala-library version: 3.3.8[0m
2026.08.01 22:45:42 INFO  no build target found for /Users/nilayshrivastava/Documents/programming_language/scala/learning_scala/fp_in_scala/test.scala. Using presentation compiler with project's scala-library version: 3.3.8[0m
2026.08.01 22:45:43 INFO  no build target found for /Users/nilayshrivastava/Documents/programming_language/scala/learning_scala/fp_in_scala/test.scala. Using presentation compiler with project's scala-library version: 3.3.8[0m
2026.08.01 22:45:43 INFO  no build target found for /Users/nilayshrivastava/Documents/programming_language/scala/learning_scala/fp_in_scala/test.scala. Using presentation compiler with project's scala-library version: 3.3.8[0m
2026.08.01 22:45:43 INFO  no build target found for /Users/nilayshrivastava/Documents/programming_language/scala/learning_scala/fp_in_scala/test.scala. Using presentation compiler with project's scala-library version: 3.3.8[0m
2026.08.01 22:45:44 INFO  no build target found for /Users/nilayshrivastava/Documents/programming_language/scala/learning_scala/fp_in_scala/test.scala. Using presentation compiler with project's scala-library version: 3.3.8[0m
2026.08.01 22:45:51 INFO  no build target found for /Users/nilayshrivastava/Documents/programming_language/scala/learning_scala/fp_in_scala/test.scala. Using presentation compiler with project's scala-library version: 3.3.8[0m
2026.08.01 22:45:51 INFO  no build target found for /Users/nilayshrivastava/Documents/programming_language/scala/learning_scala/fp_in_scala/test.scala. Using presentation compiler with project's scala-library version: 3.3.8[0m
2026.08.01 22:45:51 INFO  no build target found for /Users/nilayshrivastava/Documents/programming_language/scala/learning_scala/fp_in_scala/test.scala. Using presentation compiler with project's scala-library version: 3.3.8[0m
2026.08.01 22:45:51 INFO  no build target found for /Users/nilayshrivastava/Documents/programming_language/scala/learning_scala/fp_in_scala/test.scala. Using presentation compiler with project's scala-library version: 3.3.8[0m
2026.08.01 22:45:51 INFO  no build target found for /Users/nilayshrivastava/Documents/programming_language/scala/learning_scala/fp_in_scala/test.scala. Using presentation compiler with project's scala-library version: 3.3.8[0m
2026.08.01 22:45:53 INFO  no build target found for /Users/nilayshrivastava/Documents/programming_language/scala/learning_scala/fp_in_scala/test.scala. Using presentation compiler with project's scala-library version: 3.3.8[0m
2026.08.01 22:45:53 INFO  no build target found for /Users/nilayshrivastava/Documents/programming_language/scala/learning_scala/fp_in_scala/test.scala. Using presentation compiler with project's scala-library version: 3.3.8[0m
2026.08.01 22:45:53 INFO  no build target found for /Users/nilayshrivastava/Documents/programming_language/scala/learning_scala/fp_in_scala/test.scala. Using presentation compiler with project's scala-library version: 3.3.8[0m
2026.08.01 22:45:53 INFO  no build target found for /Users/nilayshrivastava/Documents/programming_language/scala/learning_scala/fp_in_scala/test.scala. Using presentation compiler with project's scala-library version: 3.3.8[0m
2026.08.01 22:45:53 INFO  no build target found for /Users/nilayshrivastava/Documents/programming_language/scala/learning_scala/fp_in_scala/test.scala. Using presentation compiler with project's scala-library version: 3.3.8[0m
2026.08.01 22:45:53 INFO  no build target found for /Users/nilayshrivastava/Documents/programming_language/scala/learning_scala/fp_in_scala/test.scala. Using presentation compiler with project's scala-library version: 3.3.8[0m
2026.08.01 22:45:53 INFO  no build target found for /Users/nilayshrivastava/Documents/programming_language/scala/learning_scala/fp_in_scala/test.scala. Using presentation compiler with project's scala-library version: 3.3.8[0m
2026.08.01 22:45:53 INFO  no build target found for /Users/nilayshrivastava/Documents/programming_language/scala/learning_scala/fp_in_scala/test.scala. Using presentation compiler with project's scala-library version: 3.3.8[0m
2026.08.01 22:45:53 INFO  no build target found for /Users/nilayshrivastava/Documents/programming_language/scala/learning_scala/fp_in_scala/test.scala. Using presentation compiler with project's scala-library version: 3.3.8[0m
2026.08.01 22:45:53 INFO  no build target found for /Users/nilayshrivastava/Documents/programming_language/scala/learning_scala/fp_in_scala/test.scala. Using presentation compiler with project's scala-library version: 3.3.8[0m
2026.08.01 22:45:53 INFO  no build target found for /Users/nilayshrivastava/Documents/programming_language/scala/learning_scala/fp_in_scala/test.scala. Using presentation compiler with project's scala-library version: 3.3.8[0m
2026.08.01 22:45:53 INFO  no build target found for /Users/nilayshrivastava/Documents/programming_language/scala/learning_scala/fp_in_scala/test.scala. Using presentation compiler with project's scala-library version: 3.3.8[0m
2026.08.01 22:45:54 INFO  no build target found for /Users/nilayshrivastava/Documents/programming_language/scala/learning_scala/fp_in_scala/test.scala. Using presentation compiler with project's scala-library version: 3.3.8[0m
2026.08.01 22:45:54 INFO  no build target found for /Users/nilayshrivastava/Documents/programming_language/scala/learning_scala/fp_in_scala/test.scala. Using presentation compiler with project's scala-library version: 3.3.8[0m
2026.08.01 22:45:54 INFO  no build target found for /Users/nilayshrivastava/Documents/programming_language/scala/learning_scala/fp_in_scala/test.scala. Using presentation compiler with project's scala-library version: 3.3.8[0m
2026.08.01 22:45:54 INFO  no build target found for /Users/nilayshrivastava/Documents/programming_language/scala/learning_scala/fp_in_scala/test.scala. Using presentation compiler with project's scala-library version: 3.3.8[0m
2026.08.01 22:45:54 INFO  no build target found for /Users/nilayshrivastava/Documents/programming_language/scala/learning_scala/fp_in_scala/test.scala. Using presentation compiler with project's scala-library version: 3.3.8[0m
2026.08.01 22:45:54 INFO  no build target found for /Users/nilayshrivastava/Documents/programming_language/scala/learning_scala/fp_in_scala/test.scala. Using presentation compiler with project's scala-library version: 3.3.8[0m
2026.08.01 22:45:54 INFO  no build target found for /Users/nilayshrivastava/Documents/programming_language/scala/learning_scala/fp_in_scala/test.scala. Using presentation compiler with project's scala-library version: 3.3.8[0m
2026.08.01 22:45:54 INFO  no build target found for /Users/nilayshrivastava/Documents/programming_language/scala/learning_scala/fp_in_scala/test.scala. Using presentation compiler with project's scala-library version: 3.3.8[0m
2026.08.01 22:45:54 INFO  no build target found for /Users/nilayshrivastava/Documents/programming_language/scala/learning_scala/fp_in_scala/test.scala. Using presentation compiler with project's scala-library version: 3.3.8[0m
2026.08.01 22:45:54 INFO  no build target found for /Users/nilayshrivastava/Documents/programming_language/scala/learning_scala/fp_in_scala/test.scala. Using presentation compiler with project's scala-library version: 3.3.8[0m
2026.08.01 22:45:54 INFO  no build target found for /Users/nilayshrivastava/Documents/programming_language/scala/learning_scala/fp_in_scala/test.scala. Using presentation compiler with project's scala-library version: 3.3.8[0m
2026.08.01 22:45:55 INFO  no build target found for /Users/nilayshrivastava/Documents/programming_language/scala/learning_scala/fp_in_scala/test.scala. Using presentation compiler with project's scala-library version: 3.3.8[0m
2026.08.01 22:45:55 INFO  no build target found for /Users/nilayshrivastava/Documents/programming_language/scala/learning_scala/fp_in_scala/test.scala. Using presentation compiler with project's scala-library version: 3.3.8[0m
2026.08.01 22:45:55 INFO  no build target found for /Users/nilayshrivastava/Documents/programming_language/scala/learning_scala/fp_in_scala/test.scala. Using presentation compiler with project's scala-library version: 3.3.8[0m
2026.08.01 22:45:56 INFO  no build target found for /Users/nilayshrivastava/Documents/programming_language/scala/learning_scala/fp_in_scala/test.scala. Using presentation compiler with project's scala-library version: 3.3.8[0m
2026.08.01 22:45:56 INFO  no build target found for /Users/nilayshrivastava/Documents/programming_language/scala/learning_scala/fp_in_scala/test.scala. Using presentation compiler with project's scala-library version: 3.3.8[0m
2026.08.01 22:45:58 INFO  no build target found for /Users/nilayshrivastava/Documents/programming_language/scala/learning_scala/fp_in_scala/test.scala. Using presentation compiler with project's scala-library version: 3.3.8[0m
2026.08.01 22:45:58 INFO  no build target found for /Users/nilayshrivastava/Documents/programming_language/scala/learning_scala/fp_in_scala/test.scala. Using presentation compiler with project's scala-library version: 3.3.8[0m
2026.08.01 22:46:04 INFO  no build target found for /Users/nilayshrivastava/Documents/programming_language/scala/learning_scala/fp_in_scala/test.scala. Using presentation compiler with project's scala-library version: 3.3.8[0m
2026.08.01 22:46:04 INFO  no build target found for /Users/nilayshrivastava/Documents/programming_language/scala/learning_scala/fp_in_scala/test.scala. Using presentation compiler with project's scala-library version: 3.3.8[0m
2026.08.01 22:46:04 ERROR Timeout waiting for 'build/initialize' response[0m
2026.08.01 22:46:04 WARN  Retrying connection to the build server scala-cli[0m
2026.08.01 22:46:04 INFO  Running BSP server List(/Users/nilayshrivastava/Library/Application Support/Coursier/bin/.scala-cli.aux, bsp, --json-options, /Users/nilayshrivastava/Documents/learning_scala/.scala-build/ide-options-v2.json, --json-launcher-options, /Users/nilayshrivastava/Documents/learning_scala/.scala-build/ide-launcher-options.json, --envs-file, /Users/nilayshrivastava/Documents/learning_scala/.scala-build/ide-envs.json, /Users/nilayshrivastava/Documents/learning_scala/FirstProgram.scala)[0m
2026.08.01 22:46:04 INFO  Tracing is disabled for protocol BSP. To enable tracing of incoming and outgoing JSON messages, create an empty file at /Users/nilayshrivastava/Documents/programming_language/scala/learning_scala/.metals/bsp.trace.json or /Users/nilayshrivastava/Library/Caches/org.scalameta.metals/bsp.trace.json[0m
2026.08.01 22:46:04 INFO  no build target found for /Users/nilayshrivastava/Documents/programming_language/scala/learning_scala/fp_in_scala/test.scala. Using presentation compiler with project's scala-library version: 3.3.8[0m
2026.08.01 22:46:04 INFO  BSP server: Error: java.nio.file.NoSuchFileException: /Users/nilayshrivastava/Documents/learning_scala/FirstProgram.scala[0m
2026.08.01 22:46:04 INFO  BSP server: For more details, please see '/Users/nilayshrivastava/Documents/learning_scala/.scala-build/stacktraces/1785620764-14853536354968512981.log'[0m
2026.08.01 22:46:05 INFO  no build target found for /Users/nilayshrivastava/Documents/programming_language/scala/learning_scala/fp_in_scala/test.scala. Using presentation compiler with project's scala-library version: 3.3.8[0m
2026.08.01 22:46:05 INFO  no build target found for /Users/nilayshrivastava/Documents/programming_language/scala/learning_scala/fp_in_scala/test.scala. Using presentation compiler with project's scala-library version: 3.3.8[0m
2026.08.01 22:46:05 INFO  no build target found for /Users/nilayshrivastava/Documents/programming_language/scala/learning_scala/fp_in_scala/test.scala. Using presentation compiler with project's scala-library version: 3.3.8[0m
2026.08.01 22:46:05 INFO  no build target found for /Users/nilayshrivastava/Documents/programming_language/scala/learning_scala/fp_in_scala/test.scala. Using presentation compiler with project's scala-library version: 3.3.8[0m
2026.08.01 22:46:05 INFO  no build target found for /Users/nilayshrivastava/Documents/programming_language/scala/learning_scala/fp_in_scala/test.scala. Using presentation compiler with project's scala-library version: 3.3.8[0m
2026.08.01 22:46:05 INFO  no build target found for /Users/nilayshrivastava/Documents/programming_language/scala/learning_scala/fp_in_scala/test.scala. Using presentation compiler with project's scala-library version: 3.3.8[0m
2026.08.01 22:46:05 INFO  no build target found for /Users/nilayshrivastava/Documents/programming_language/scala/learning_scala/fp_in_scala/test.scala. Using presentation compiler with project's scala-library version: 3.3.8[0m
2026.08.01 22:46:06 INFO  no build target found for /Users/nilayshrivastava/Documents/programming_language/scala/learning_scala/fp_in_scala/test.scala. Using presentation compiler with project's scala-library version: 3.3.8[0m
2026.08.01 22:46:06 INFO  no build target found for /Users/nilayshrivastava/Documents/programming_language/scala/learning_scala/fp_in_scala/test.scala. Using presentation compiler with project's scala-library version: 3.3.8[0m
2026.08.01 22:46:06 INFO  no build target found for /Users/nilayshrivastava/Documents/programming_language/scala/learning_scala/fp_in_scala/test.scala. Using presentation compiler with project's scala-library version: 3.3.8[0m
2026.08.01 22:46:06 INFO  no build target found for /Users/nilayshrivastava/Documents/programming_language/scala/learning_scala/fp_in_scala/test.scala. Using presentation compiler with project's scala-library version: 3.3.8[0m
2026.08.01 22:46:06 INFO  no build target found for /Users/nilayshrivastava/Documents/programming_language/scala/learning_scala/fp_in_scala/test.scala. Using presentation compiler with project's scala-library version: 3.3.8[0m
2026.08.01 22:46:06 INFO  no build target found for /Users/nilayshrivastava/Documents/programming_language/scala/learning_scala/fp_in_scala/test.scala. Using presentation compiler with project's scala-library version: 3.3.8[0m
2026.08.01 22:46:07 INFO  no build target found for /Users/nilayshrivastava/Documents/programming_language/scala/learning_scala/fp_in_scala/test.scala. Using presentation compiler with project's scala-library version: 3.3.8[0m
2026.08.01 22:46:07 INFO  no build target found for /Users/nilayshrivastava/Documents/programming_language/scala/learning_scala/fp_in_scala/test.scala. Using presentation compiler with project's scala-library version: 3.3.8[0m
2026.08.01 22:46:07 INFO  no build target found for /Users/nilayshrivastava/Documents/programming_language/scala/learning_scala/fp_in_scala/test.scala. Using presentation compiler with project's scala-library version: 3.3.8[0m
2026.08.01 22:46:07 INFO  no build target found for /Users/nilayshrivastava/Documents/programming_language/scala/learning_scala/fp_in_scala/test.scala. Using presentation compiler with project's scala-library version: 3.3.8[0m
2026.08.01 22:46:07 INFO  no build target found for /Users/nilayshrivastava/Documents/programming_language/scala/learning_scala/fp_in_scala/test.scala. Using presentation compiler with project's scala-library version: 3.3.8[0m
2026.08.01 22:46:07 INFO  no build target found for /Users/nilayshrivastava/Documents/programming_language/scala/learning_scala/fp_in_scala/test.scala. Using presentation compiler with project's scala-library version: 3.3.8[0m
2026.08.01 22:46:07 INFO  no build target found for /Users/nilayshrivastava/Documents/programming_language/scala/learning_scala/fp_in_scala/test.scala. Using presentation compiler with project's scala-library version: 3.3.8[0m
2026.08.01 22:46:08 INFO  no build target found for /Users/nilayshrivastava/Documents/programming_language/scala/learning_scala/fp_in_scala/test.scala. Using presentation compiler with project's scala-library version: 3.3.8[0m
2026.08.01 22:46:08 INFO  no build target found for /Users/nilayshrivastava/Documents/programming_language/scala/learning_scala/fp_in_scala/test.scala. Using presentation compiler with project's scala-library version: 3.3.8[0m
2026.08.01 22:46:08 INFO  no build target found for /Users/nilayshrivastava/Documents/programming_language/scala/learning_scala/fp_in_scala/test.scala. Using presentation compiler with project's scala-library version: 3.3.8[0m
2026.08.01 22:46:08 INFO  no build target found for /Users/nilayshrivastava/Documents/programming_language/scala/learning_scala/fp_in_scala/test.scala. Using presentation compiler with project's scala-library version: 3.3.8[0m
2026.08.01 22:46:08 INFO  no build target found for /Users/nilayshrivastava/Documents/programming_language/scala/learning_scala/fp_in_scala/test.scala. Using presentation compiler with project's scala-library version: 3.3.8[0m
2026.08.01 22:46:13 INFO  no build target found for /Users/nilayshrivastava/Documents/programming_language/scala/learning_scala/fp_in_scala/test.scala. Using presentation compiler with project's scala-library version: 3.3.8[0m
2026.08.01 22:46:13 INFO  no build target found for /Users/nilayshrivastava/Documents/programming_language/scala/learning_scala/fp_in_scala/test.scala. Using presentation compiler with project's scala-library version: 3.3.8[0m
2026.08.01 22:46:13 INFO  no build target found for /Users/nilayshrivastava/Documents/programming_language/scala/learning_scala/fp_in_scala/test.scala. Using presentation compiler with project's scala-library version: 3.3.8[0m
2026.08.01 22:46:13 INFO  no build target found for /Users/nilayshrivastava/Documents/programming_language/scala/learning_scala/fp_in_scala/test.scala. Using presentation compiler with project's scala-library version: 3.3.8[0m
2026.08.01 22:46:13 INFO  no build target found for /Users/nilayshrivastava/Documents/programming_language/scala/learning_scala/fp_in_scala/test.scala. Using presentation compiler with project's scala-library version: 3.3.8[0m
2026.08.01 22:46:13 INFO  no build target found for /Users/nilayshrivastava/Documents/programming_language/scala/learning_scala/fp_in_scala/test.scala. Using presentation compiler with project's scala-library version: 3.3.8[0m
2026.08.01 22:46:13 INFO  no build target found for /Users/nilayshrivastava/Documents/programming_language/scala/learning_scala/fp_in_scala/test.scala. Using presentation compiler with project's scala-library version: 3.3.8[0m
2026.08.01 22:46:13 INFO  no build target found for /Users/nilayshrivastava/Documents/programming_language/scala/learning_scala/fp_in_scala/test.scala. Using presentation compiler with project's scala-library version: 3.3.8[0m
2026.08.01 22:46:13 INFO  no build target found for /Users/nilayshrivastava/Documents/programming_language/scala/learning_scala/fp_in_scala/test.scala. Using presentation compiler with project's scala-library version: 3.3.8[0m
2026.08.01 22:46:15 INFO  no build target found for /Users/nilayshrivastava/Documents/programming_language/scala/learning_scala/fp_in_scala/test.scala. Using presentation compiler with project's scala-library version: 3.3.8[0m
2026.08.01 22:46:15 INFO  no build target found for /Users/nilayshrivastava/Documents/programming_language/scala/learning_scala/fp_in_scala/test.scala. Using presentation compiler with project's scala-library version: 3.3.8[0m
2026.08.01 22:46:15 INFO  no build target found for /Users/nilayshrivastava/Documents/programming_language/scala/learning_scala/fp_in_scala/test.scala. Using presentation compiler with project's scala-library version: 3.3.8[0m
2026.08.01 22:46:15 INFO  no build target found for /Users/nilayshrivastava/Documents/programming_language/scala/learning_scala/fp_in_scala/test.scala. Using presentation compiler with project's scala-library version: 3.3.8[0m
2026.08.01 22:46:15 INFO  no build target found for /Users/nilayshrivastava/Documents/programming_language/scala/learning_scala/fp_in_scala/test.scala. Using presentation compiler with project's scala-library version: 3.3.8[0m
2026.08.01 22:46:15 INFO  no build target found for /Users/nilayshrivastava/Documents/programming_language/scala/learning_scala/fp_in_scala/test.scala. Using presentation compiler with project's scala-library version: 3.3.8[0m
2026.08.01 22:46:15 INFO  no build target found for /Users/nilayshrivastava/Documents/programming_language/scala/learning_scala/fp_in_scala/test.scala. Using presentation compiler with project's scala-library version: 3.3.8[0m
2026.08.01 22:46:16 INFO  no build target found for /Users/nilayshrivastava/Documents/programming_language/scala/learning_scala/fp_in_scala/test.scala. Using presentation compiler with project's scala-library version: 3.3.8[0m
2026.08.01 22:46:16 INFO  no build target found for /Users/nilayshrivastava/Documents/programming_language/scala/learning_scala/fp_in_scala/test.scala. Using presentation compiler with project's scala-library version: 3.3.8[0m
2026.08.01 22:46:16 INFO  no build target found for /Users/nilayshrivastava/Documents/programming_language/scala/learning_scala/fp_in_scala/test.scala. Using presentation compiler with project's scala-library version: 3.3.8[0m
2026.08.01 22:46:16 INFO  no build target found for /Users/nilayshrivastava/Documents/programming_language/scala/learning_scala/fp_in_scala/test.scala. Using presentation compiler with project's scala-library version: 3.3.8[0m
2026.08.01 22:46:16 INFO  no build target found for /Users/nilayshrivastava/Documents/programming_language/scala/learning_scala/fp_in_scala/test.scala. Using presentation compiler with project's scala-library version: 3.3.8[0m
2026.08.01 22:46:16 INFO  no build target found for /Users/nilayshrivastava/Documents/programming_language/scala/learning_scala/fp_in_scala/test.scala. Using presentation compiler with project's scala-library version: 3.3.8[0m
2026.08.01 22:46:16 INFO  no build target found for /Users/nilayshrivastava/Documents/programming_language/scala/learning_scala/fp_in_scala/test.scala. Using presentation compiler with project's scala-library version: 3.3.8[0m
2026.08.01 22:46:16 INFO  no build target found for /Users/nilayshrivastava/Documents/programming_language/scala/learning_scala/fp_in_scala/test.scala. Using presentation compiler with project's scala-library version: 3.3.8[0m
2026.08.01 22:46:16 INFO  no build target found for /Users/nilayshrivastava/Documents/programming_language/scala/learning_scala/fp_in_scala/test.scala. Using presentation compiler with project's scala-library version: 3.3.8[0m
2026.08.01 22:46:16 INFO  no build target found for /Users/nilayshrivastava/Documents/programming_language/scala/learning_scala/fp_in_scala/test.scala. Using presentation compiler with project's scala-library version: 3.3.8[0m
2026.08.01 22:46:17 INFO  no build target found for /Users/nilayshrivastava/Documents/programming_language/scala/learning_scala/fp_in_scala/test.scala. Using presentation compiler with project's scala-library version: 3.3.8[0m
2026.08.01 22:46:17 INFO  no build target found for /Users/nilayshrivastava/Documents/programming_language/scala/learning_scala/fp_in_scala/test.scala. Using presentation compiler with project's scala-library version: 3.3.8[0m
2026.08.01 22:46:19 INFO  no build target found for /Users/nilayshrivastava/Documents/programming_language/scala/learning_scala/fp_in_scala/test.scala. Using presentation compiler with project's scala-library version: 3.3.8[0m
2026.08.01 22:46:19 INFO  no build target found for /Users/nilayshrivastava/Documents/programming_language/scala/learning_scala/fp_in_scala/test.scala. Using presentation compiler with project's scala-library version: 3.3.8[0m
2026.08.01 22:46:19 INFO  no build target found for /Users/nilayshrivastava/Documents/programming_language/scala/learning_scala/fp_in_scala/test.scala. Using presentation compiler with project's scala-library version: 3.3.8[0m
2026.08.01 22:46:19 INFO  no build target found for /Users/nilayshrivastava/Documents/programming_language/scala/learning_scala/fp_in_scala/test.scala. Using presentation compiler with project's scala-library version: 3.3.8[0m
2026.08.01 22:46:22 INFO  no build target found for /Users/nilayshrivastava/Documents/programming_language/scala/learning_scala/fp_in_scala/test.scala. Using presentation compiler with project's scala-library version: 3.3.8[0m
2026.08.01 22:46:22 INFO  no build target found for /Users/nilayshrivastava/Documents/programming_language/scala/learning_scala/fp_in_scala/test.scala. Using presentation compiler with project's scala-library version: 3.3.8[0m
2026.08.01 22:46:22 INFO  no build target found for /Users/nilayshrivastava/Documents/programming_language/scala/learning_scala/fp_in_scala/test.scala. Using presentation compiler with project's scala-library version: 3.3.8[0m
2026.08.01 22:46:22 INFO  no build target found for /Users/nilayshrivastava/Documents/programming_language/scala/learning_scala/fp_in_scala/test.scala. Using presentation compiler with project's scala-library version: 3.3.8[0m
2026.08.01 22:46:22 INFO  no build target found for /Users/nilayshrivastava/Documents/programming_language/scala/learning_scala/fp_in_scala/test.scala. Using presentation compiler with project's scala-library version: 3.3.8[0m
2026.08.01 22:46:22 INFO  no build target found for /Users/nilayshrivastava/Documents/programming_language/scala/learning_scala/fp_in_scala/test.scala. Using presentation compiler with project's scala-library version: 3.3.8[0m
2026.08.01 22:46:22 INFO  no build target found for /Users/nilayshrivastava/Documents/programming_language/scala/learning_scala/fp_in_scala/test.scala. Using presentation compiler with project's scala-library version: 3.3.8[0m
2026.08.01 22:46:24 INFO  no build target found for /Users/nilayshrivastava/Documents/programming_language/scala/learning_scala/fp_in_scala/test.scala. Using presentation compiler with project's scala-library version: 3.3.8[0m
2026.08.01 22:46:24 INFO  no build target found for /Users/nilayshrivastava/Documents/programming_language/scala/learning_scala/fp_in_scala/test.scala. Using presentation compiler with project's scala-library version: 3.3.8[0m
2026.08.01 22:46:24 INFO  no build target found for /Users/nilayshrivastava/Documents/programming_language/scala/learning_scala/fp_in_scala/test.scala. Using presentation compiler with project's scala-library version: 3.3.8[0m
2026.08.01 22:46:24 INFO  no build target found for /Users/nilayshrivastava/Documents/programming_language/scala/learning_scala/fp_in_scala/test.scala. Using presentation compiler with project's scala-library version: 3.3.8[0m
2026.08.01 22:46:24 INFO  no build target found for /Users/nilayshrivastava/Documents/programming_language/scala/learning_scala/fp_in_scala/test.scala. Using presentation compiler with project's scala-library version: 3.3.8[0m
2026.08.01 22:46:24 INFO  no build target found for /Users/nilayshrivastava/Documents/programming_language/scala/learning_scala/fp_in_scala/test.scala. Using presentation compiler with project's scala-library version: 3.3.8[0m
2026.08.01 22:46:24 INFO  no build target found for /Users/nilayshrivastava/Documents/programming_language/scala/learning_scala/fp_in_scala/test.scala. Using presentation compiler with project's scala-library version: 3.3.8[0m
2026.08.01 22:46:24 INFO  no build target found for /Users/nilayshrivastava/Documents/programming_language/scala/learning_scala/fp_in_scala/test.scala. Using presentation compiler with project's scala-library version: 3.3.8[0m
2026.08.01 22:46:24 INFO  no build target found for /Users/nilayshrivastava/Documents/programming_language/scala/learning_scala/fp_in_scala/test.scala. Using presentation compiler with project's scala-library version: 3.3.8[0m
2026.08.01 22:46:24 INFO  no build target found for /Users/nilayshrivastava/Documents/programming_language/scala/learning_scala/fp_in_scala/test.scala. Using presentation compiler with project's scala-library version: 3.3.8[0m
2026.08.01 22:46:24 INFO  no build target found for /Users/nilayshrivastava/Documents/programming_language/scala/learning_scala/fp_in_scala/test.scala. Using presentation compiler with project's scala-library version: 3.3.8[0m
2026.08.01 22:46:24 INFO  no build target found for /Users/nilayshrivastava/Documents/programming_language/scala/learning_scala/fp_in_scala/test.scala. Using presentation compiler with project's scala-library version: 3.3.8[0m
2026.08.01 22:46:28 INFO  no build target found for /Users/nilayshrivastava/Documents/programming_language/scala/learning_scala/fp_in_scala/test.scala. Using presentation compiler with project's scala-library version: 3.3.8[0m
2026.08.01 22:46:28 INFO  no build target found for /Users/nilayshrivastava/Documents/programming_language/scala/learning_scala/fp_in_scala/test.scala. Using presentation compiler with project's scala-library version: 3.3.8[0m
2026.08.01 22:46:28 INFO  no build target found for /Users/nilayshrivastava/Documents/programming_language/scala/learning_scala/fp_in_scala/test.scala. Using presentation compiler with project's scala-library version: 3.3.8[0m
2026.08.01 22:46:28 INFO  no build target found for /Users/nilayshrivastava/Documents/programming_language/scala/learning_scala/fp_in_scala/test.scala. Using presentation compiler with project's scala-library version: 3.3.8[0m
2026.08.01 22:46:29 INFO  no build target found for /Users/nilayshrivastava/Documents/programming_language/scala/learning_scala/fp_in_scala/test.scala. Using presentation compiler with project's scala-library version: 3.3.8[0m
2026.08.01 22:46:32 INFO  no build target found for /Users/nilayshrivastava/Documents/programming_language/scala/learning_scala/fp_in_scala/test.scala. Using presentation compiler with project's scala-library version: 3.3.8[0m
2026.08.01 22:46:32 INFO  no build target found for /Users/nilayshrivastava/Documents/programming_language/scala/learning_scala/fp_in_scala/test.scala. Using presentation compiler with project's scala-library version: 3.3.8[0m
2026.08.01 22:46:32 INFO  no build target found for /Users/nilayshrivastava/Documents/programming_language/scala/learning_scala/fp_in_scala/test.scala. Using presentation compiler with project's scala-library version: 3.3.8[0m
2026.08.01 22:46:32 INFO  no build target found for /Users/nilayshrivastava/Documents/programming_language/scala/learning_scala/fp_in_scala/test.scala. Using presentation compiler with project's scala-library version: 3.3.8[0m
2026.08.01 22:46:32 INFO  no build target found for /Users/nilayshrivastava/Documents/programming_language/scala/learning_scala/fp_in_scala/test.scala. Using presentation compiler with project's scala-library version: 3.3.8[0m
2026.08.01 22:46:40 INFO  no build target found for /Users/nilayshrivastava/Documents/programming_language/scala/learning_scala/fp_in_scala/test.scala. Using presentation compiler with project's scala-library version: 3.3.8[0m
2026.08.01 22:46:40 INFO  no build target found for /Users/nilayshrivastava/Documents/programming_language/scala/learning_scala/fp_in_scala/test.scala. Using presentation compiler with project's scala-library version: 3.3.8[0m
2026.08.01 22:46:40 INFO  no build target found for /Users/nilayshrivastava/Documents/programming_language/scala/learning_scala/fp_in_scala/test.scala. Using presentation compiler with project's scala-library version: 3.3.8[0m
2026.08.01 22:46:40 INFO  no build target found for /Users/nilayshrivastava/Documents/programming_language/scala/learning_scala/fp_in_scala/test.scala. Using presentation compiler with project's scala-library version: 3.3.8[0m
2026.08.01 22:46:40 INFO  no build target found for /Users/nilayshrivastava/Documents/programming_language/scala/learning_scala/fp_in_scala/test.scala. Using presentation compiler with project's scala-library version: 3.3.8[0m
2026.08.01 22:46:40 INFO  no build target found for /Users/nilayshrivastava/Documents/programming_language/scala/learning_scala/fp_in_scala/test.scala. Using presentation compiler with project's scala-library version: 3.3.8[0m
2026.08.01 22:46:40 INFO  no build target found for /Users/nilayshrivastava/Documents/programming_language/scala/learning_scala/fp_in_scala/test.scala. Using presentation compiler with project's scala-library version: 3.3.8[0m
2026.08.01 22:46:40 INFO  no build target found for /Users/nilayshrivastava/Documents/programming_language/scala/learning_scala/fp_in_scala/test.scala. Using presentation compiler with project's scala-library version: 3.3.8[0m
2026.08.01 22:46:40 INFO  no build target found for /Users/nilayshrivastava/Documents/programming_language/scala/learning_scala/fp_in_scala/test.scala. Using presentation compiler with project's scala-library version: 3.3.8[0m
2026.08.01 22:46:41 INFO  no build target found for /Users/nilayshrivastava/Documents/programming_language/scala/learning_scala/fp_in_scala/test.scala. Using presentation compiler with project's scala-library version: 3.3.8[0m
2026.08.01 22:46:41 INFO  no build target found for /Users/nilayshrivastava/Documents/programming_language/scala/learning_scala/fp_in_scala/test.scala. Using presentation compiler with project's scala-library version: 3.3.8[0m
2026.08.01 22:46:41 INFO  no build target found for /Users/nilayshrivastava/Documents/programming_language/scala/learning_scala/fp_in_scala/test.scala. Using presentation compiler with project's scala-library version: 3.3.8[0m
2026.08.01 22:46:41 INFO  no build target found for /Users/nilayshrivastava/Documents/programming_language/scala/learning_scala/fp_in_scala/test.scala. Using presentation compiler with project's scala-library version: 3.3.8[0m
2026.08.01 22:46:41 INFO  no build target found for /Users/nilayshrivastava/Documents/programming_language/scala/learning_scala/fp_in_scala/test.scala. Using presentation compiler with project's scala-library version: 3.3.8[0m
2026.08.01 22:46:41 INFO  no build target found for /Users/nilayshrivastava/Documents/programming_language/scala/learning_scala/fp_in_scala/test.scala. Using presentation compiler with project's scala-library version: 3.3.8[0m
2026.08.01 22:46:42 INFO  no build target found for /Users/nilayshrivastava/Documents/programming_language/scala/learning_scala/fp_in_scala/test.scala. Using presentation compiler with project's scala-library version: 3.3.8[0m
2026.08.01 22:46:42 INFO  no build target found for /Users/nilayshrivastava/Documents/programming_language/scala/learning_scala/fp_in_scala/test.scala. Using presentation compiler with project's scala-library version: 3.3.8[0m
2026.08.01 22:46:42 INFO  no build target found for /Users/nilayshrivastava/Documents/programming_language/scala/learning_scala/fp_in_scala/test.scala. Using presentation compiler with project's scala-library version: 3.3.8[0m
2026.08.01 22:46:43 INFO  no build target found for /Users/nilayshrivastava/Documents/programming_language/scala/learning_scala/fp_in_scala/test.scala. Using presentation compiler with project's scala-library version: 3.3.8[0m
2026.08.01 22:46:43 INFO  no build target found for /Users/nilayshrivastava/Documents/programming_language/scala/learning_scala/fp_in_scala/test.scala. Using presentation compiler with project's scala-library version: 3.3.8[0m
2026.08.01 22:46:43 INFO  no build target found for /Users/nilayshrivastava/Documents/programming_language/scala/learning_scala/fp_in_scala/test.scala. Using presentation compiler with project's scala-library version: 3.3.8[0m
2026.08.01 22:46:43 INFO  no build target found for /Users/nilayshrivastava/Documents/programming_language/scala/learning_scala/fp_in_scala/test.scala. Using presentation compiler with project's scala-library version: 3.3.8[0m
2026.08.01 22:46:43 INFO  no build target found for /Users/nilayshrivastava/Documents/programming_language/scala/learning_scala/fp_in_scala/test.scala. Using presentation compiler with project's scala-library version: 3.3.8[0m
2026.08.01 22:46:43 INFO  no build target found for /Users/nilayshrivastava/Documents/programming_language/scala/learning_scala/fp_in_scala/test.scala. Using presentation compiler with project's scala-library version: 3.3.8[0m
2026.08.01 22:46:43 INFO  no build target found for /Users/nilayshrivastava/Documents/programming_language/scala/learning_scala/fp_in_scala/test.scala. Using presentation compiler with project's scala-library version: 3.3.8[0m
2026.08.01 22:46:44 INFO  no build target found for /Users/nilayshrivastava/Documents/programming_language/scala/learning_scala/fp_in_scala/test.scala. Using presentation compiler with project's scala-library version: 3.3.8[0m
2026.08.01 22:46:44 INFO  no build target found for /Users/nilayshrivastava/Documents/programming_language/scala/learning_scala/fp_in_scala/test.scala. Using presentation compiler with project's scala-library version: 3.3.8[0m
2026.08.01 22:46:44 INFO  no build target found for /Users/nilayshrivastava/Documents/programming_language/scala/learning_scala/fp_in_scala/test.scala. Using presentation compiler with project's scala-library version: 3.3.8[0m
2026.08.01 22:46:44 INFO  no build target found for /Users/nilayshrivastava/Documents/programming_language/scala/learning_scala/fp_in_scala/test.scala. Using presentation compiler with project's scala-library version: 3.3.8[0m
2026.08.01 22:46:45 INFO  no build target found for /Users/nilayshrivastava/Documents/programming_language/scala/learning_scala/fp_in_scala/test.scala. Using presentation compiler with project's scala-library version: 3.3.8[0m
2026.08.01 22:46:45 INFO  no build target found for /Users/nilayshrivastava/Documents/programming_language/scala/learning_scala/fp_in_scala/test.scala. Using presentation compiler with project's scala-library version: 3.3.8[0m
2026.08.01 22:46:45 INFO  no build target found for /Users/nilayshrivastava/Documents/programming_language/scala/learning_scala/fp_in_scala/test.scala. Using presentation compiler with project's scala-library version: 3.3.8[0m
2026.08.01 22:46:45 INFO  no build target found for /Users/nilayshrivastava/Documents/programming_language/scala/learning_scala/fp_in_scala/test.scala. Using presentation compiler with project's scala-library version: 3.3.8[0m
2026.08.01 22:46:45 INFO  no build target found for /Users/nilayshrivastava/Documents/programming_language/scala/learning_scala/fp_in_scala/test.scala. Using presentation compiler with project's scala-library version: 3.3.8[0m
2026.08.01 22:46:47 INFO  no build target found for /Users/nilayshrivastava/Documents/programming_language/scala/learning_scala/fp_in_scala/test.scala. Using presentation compiler with project's scala-library version: 3.3.8[0m
2026.08.01 22:46:47 INFO  no build target found for /Users/nilayshrivastava/Documents/programming_language/scala/learning_scala/fp_in_scala/test.scala. Using presentation compiler with project's scala-library version: 3.3.8[0m
2026.08.01 22:46:47 INFO  no build target found for /Users/nilayshrivastava/Documents/programming_language/scala/learning_scala/fp_in_scala/test.scala. Using presentation compiler with project's scala-library version: 3.3.8[0m
2026.08.01 22:46:48 INFO  no build target found for /Users/nilayshrivastava/Documents/programming_language/scala/learning_scala/fp_in_scala/test.scala. Using presentation compiler with project's scala-library version: 3.3.8[0m
2026.08.01 22:46:48 INFO  no build target found for /Users/nilayshrivastava/Documents/programming_language/scala/learning_scala/fp_in_scala/test.scala. Using presentation compiler with project's scala-library version: 3.3.8[0m
2026.08.01 22:46:52 INFO  no build target found for /Users/nilayshrivastava/Documents/programming_language/scala/learning_scala/fp_in_scala/test.scala. Using presentation compiler with project's scala-library version: 3.3.8[0m
2026.08.01 22:46:52 INFO  no build target found for /Users/nilayshrivastava/Documents/programming_language/scala/learning_scala/fp_in_scala/test.scala. Using presentation compiler with project's scala-library version: 3.3.8[0m
2026.08.01 22:46:52 INFO  no build target found for /Users/nilayshrivastava/Documents/programming_language/scala/learning_scala/fp_in_scala/test.scala. Using presentation compiler with project's scala-library version: 3.3.8[0m
2026.08.01 22:46:52 INFO  no build target found for /Users/nilayshrivastava/Documents/programming_language/scala/learning_scala/fp_in_scala/test.scala. Using presentation compiler with project's scala-library version: 3.3.8[0m
2026.08.01 22:46:52 INFO  no build target found for /Users/nilayshrivastava/Documents/programming_language/scala/learning_scala/fp_in_scala/test.scala. Using presentation compiler with project's scala-library version: 3.3.8[0m
2026.08.01 22:46:52 INFO  no build target found for /Users/nilayshrivastava/Documents/programming_language/scala/learning_scala/fp_in_scala/test.scala. Using presentation compiler with project's scala-library version: 3.3.8[0m
2026.08.01 22:46:52 INFO  no build target found for /Users/nilayshrivastava/Documents/programming_language/scala/learning_scala/fp_in_scala/test.scala. Using presentation compiler with project's scala-library version: 3.3.8[0m
2026.08.01 22:46:54 INFO  no build target found for /Users/nilayshrivastava/Documents/programming_language/scala/learning_scala/fp_in_scala/test.scala. Using presentation compiler with project's scala-library version: 3.3.8[0m
2026.08.01 22:46:54 INFO  no build target found for /Users/nilayshrivastava/Documents/programming_language/scala/learning_scala/fp_in_scala/test.scala. Using presentation compiler with project's scala-library version: 3.3.8[0m
2026.08.01 22:46:54 INFO  no build target found for /Users/nilayshrivastava/Documents/programming_language/scala/learning_scala/fp_in_scala/test.scala. Using presentation compiler with project's scala-library version: 3.3.8[0m
2026.08.01 22:46:56 INFO  no build target found for /Users/nilayshrivastava/Documents/programming_language/scala/learning_scala/fp_in_scala/test.scala. Using presentation compiler with project's scala-library version: 3.3.8[0m
2026.08.01 22:46:56 INFO  no build target found for /Users/nilayshrivastava/Documents/programming_language/scala/learning_scala/fp_in_scala/test.scala. Using presentation compiler with project's scala-library version: 3.3.8[0m
2026.08.01 22:46:56 INFO  no build target found for /Users/nilayshrivastava/Documents/programming_language/scala/learning_scala/fp_in_scala/test.scala. Using presentation compiler with project's scala-library version: 3.3.8[0m
2026.08.01 22:46:56 INFO  no build target found for /Users/nilayshrivastava/Documents/programming_language/scala/learning_scala/fp_in_scala/test.scala. Using presentation compiler with project's scala-library version: 3.3.8[0m
2026.08.01 22:46:56 INFO  no build target found for /Users/nilayshrivastava/Documents/programming_language/scala/learning_scala/fp_in_scala/test.scala. Using presentation compiler with project's scala-library version: 3.3.8[0m
2026.08.01 22:46:56 INFO  no build target found for /Users/nilayshrivastava/Documents/programming_language/scala/learning_scala/fp_in_scala/test.scala. Using presentation compiler with project's scala-library version: 3.3.8[0m
2026.08.01 22:46:56 INFO  no build target found for /Users/nilayshrivastava/Documents/programming_language/scala/learning_scala/fp_in_scala/test.scala. Using presentation compiler with project's scala-library version: 3.3.8[0m
2026.08.01 22:46:57 INFO  no build target found for /Users/nilayshrivastava/Documents/programming_language/scala/learning_scala/fp_in_scala/test.scala. Using presentation compiler with project's scala-library version: 3.3.8[0m
2026.08.01 22:46:57 INFO  no build target found for /Users/nilayshrivastava/Documents/programming_language/scala/learning_scala/fp_in_scala/test.scala. Using presentation compiler with project's scala-library version: 3.3.8[0m
2026.08.01 22:46:58 INFO  no build target found for /Users/nilayshrivastava/Documents/programming_language/scala/learning_scala/fp_in_scala/test.scala. Using presentation compiler with project's scala-library version: 3.3.8[0m
2026.08.01 22:46:58 INFO  no build target found for /Users/nilayshrivastava/Documents/programming_language/scala/learning_scala/fp_in_scala/test.scala. Using presentation compiler with project's scala-library version: 3.3.8[0m
2026.08.01 22:46:58 INFO  no build target found for /Users/nilayshrivastava/Documents/programming_language/scala/learning_scala/fp_in_scala/test.scala. Using presentation compiler with project's scala-library version: 3.3.8[0m
2026.08.01 22:47:04 ERROR Timeout waiting for 'build/initialize' response[0m
2026.08.01 22:47:04 WARN  Retrying connection to the build server scala-cli[0m
2026.08.01 22:47:04 INFO  Running BSP server List(/Users/nilayshrivastava/Library/Application Support/Coursier/bin/.scala-cli.aux, bsp, --json-options, /Users/nilayshrivastava/Documents/learning_scala/.scala-build/ide-options-v2.json, --json-launcher-options, /Users/nilayshrivastava/Documents/learning_scala/.scala-build/ide-launcher-options.json, --envs-file, /Users/nilayshrivastava/Documents/learning_scala/.scala-build/ide-envs.json, /Users/nilayshrivastava/Documents/learning_scala/FirstProgram.scala)[0m
2026.08.01 22:47:04 INFO  Tracing is disabled for protocol BSP. To enable tracing of incoming and outgoing JSON messages, create an empty file at /Users/nilayshrivastava/Documents/programming_language/scala/learning_scala/.metals/bsp.trace.json or /Users/nilayshrivastava/Library/Caches/org.scalameta.metals/bsp.trace.json[0m
2026.08.01 22:47:04 INFO  BSP server: Error: java.nio.file.NoSuchFileException: /Users/nilayshrivastava/Documents/learning_scala/FirstProgram.scala[0m
2026.08.01 22:47:04 INFO  BSP server: For more details, please see '/Users/nilayshrivastava/Documents/learning_scala/.scala-build/stacktraces/1785620824-1006764119197516129.log'[0m
2026.08.01 22:47:50 INFO  no build target found for /Users/nilayshrivastava/Documents/programming_language/scala/learning_scala/fp_in_scala/test.scala. Using presentation compiler with project's scala-library version: 3.3.8[0m
2026.08.01 22:47:50 INFO  no build target found for /Users/nilayshrivastava/Documents/programming_language/scala/learning_scala/fp_in_scala/test.scala. Using presentation compiler with project's scala-library version: 3.3.8[0m
2026.08.01 22:47:50 INFO  no build target found for /Users/nilayshrivastava/Documents/programming_language/scala/learning_scala/fp_in_scala/test.scala. Using presentation compiler with project's scala-library version: 3.3.8[0m
2026.08.01 22:47:57 INFO  no build target found for /Users/nilayshrivastava/Documents/programming_language/scala/learning_scala/fp_in_scala/test.scala. Using presentation compiler with project's scala-library version: 3.3.8[0m
2026.08.01 22:47:57 INFO  no build target found for /Users/nilayshrivastava/Documents/programming_language/scala/learning_scala/fp_in_scala/test.scala. Using presentation compiler with project's scala-library version: 3.3.8[0m
2026.08.01 22:47:57 INFO  no build target found for /Users/nilayshrivastava/Documents/programming_language/scala/learning_scala/fp_in_scala/test.scala. Using presentation compiler with project's scala-library version: 3.3.8[0m
2026.08.01 22:47:57 INFO  no build target found for /Users/nilayshrivastava/Documents/programming_language/scala/learning_scala/fp_in_scala/test.scala. Using presentation compiler with project's scala-library version: 3.3.8[0m
2026.08.01 22:47:57 INFO  no build target found for /Users/nilayshrivastava/Documents/programming_language/scala/learning_scala/fp_in_scala/test.scala. Using presentation compiler with project's scala-library version: 3.3.8[0m
2026.08.01 22:47:57 INFO  no build target found for /Users/nilayshrivastava/Documents/programming_language/scala/learning_scala/fp_in_scala/test.scala. Using presentation compiler with project's scala-library version: 3.3.8[0m
2026.08.01 22:47:57 INFO  no build target found for /Users/nilayshrivastava/Documents/programming_language/scala/learning_scala/fp_in_scala/test.scala. Using presentation compiler with project's scala-library version: 3.3.8[0m
2026.08.01 22:47:57 INFO  no build target found for /Users/nilayshrivastava/Documents/programming_language/scala/learning_scala/fp_in_scala/test.scala. Using presentation compiler with project's scala-library version: 3.3.8[0m
2026.08.01 22:47:57 INFO  no build target found for /Users/nilayshrivastava/Documents/programming_language/scala/learning_scala/fp_in_scala/test.scala. Using presentation compiler with project's scala-library version: 3.3.8[0m
2026.08.01 22:47:59 INFO  no build target found for /Users/nilayshrivastava/Documents/programming_language/scala/learning_scala/fp_in_scala/test.scala. Using presentation compiler with project's scala-library version: 3.3.8[0m
2026.08.01 22:47:59 INFO  no build target found for /Users/nilayshrivastava/Documents/programming_language/scala/learning_scala/fp_in_scala/test.scala. Using presentation compiler with project's scala-library version: 3.3.8[0m
2026.08.01 22:47:59 INFO  no build target found for /Users/nilayshrivastava/Documents/programming_language/scala/learning_scala/fp_in_scala/test.scala. Using presentation compiler with project's scala-library version: 3.3.8[0m
2026.08.01 22:47:59 INFO  no build target found for /Users/nilayshrivastava/Documents/programming_language/scala/learning_scala/fp_in_scala/test.scala. Using presentation compiler with project's scala-library version: 3.3.8[0m
2026.08.01 22:47:59 INFO  no build target found for /Users/nilayshrivastava/Documents/programming_language/scala/learning_scala/fp_in_scala/test.scala. Using presentation compiler with project's scala-library version: 3.3.8[0m
2026.08.01 22:47:59 INFO  no build target found for /Users/nilayshrivastava/Documents/programming_language/scala/learning_scala/fp_in_scala/test.scala. Using presentation compiler with project's scala-library version: 3.3.8[0m
2026.08.01 22:47:59 INFO  no build target found for /Users/nilayshrivastava/Documents/programming_language/scala/learning_scala/fp_in_scala/test.scala. Using presentation compiler with project's scala-library version: 3.3.8[0m
2026.08.01 22:47:59 INFO  no build target found for /Users/nilayshrivastava/Documents/programming_language/scala/learning_scala/fp_in_scala/test.scala. Using presentation compiler with project's scala-library version: 3.3.8[0m
2026.08.01 22:48:00 INFO  no build target found for /Users/nilayshrivastava/Documents/programming_language/scala/learning_scala/fp_in_scala/test.scala. Using presentation compiler with project's scala-library version: 3.3.8[0m
2026.08.01 22:48:00 INFO  no build target found for /Users/nilayshrivastava/Documents/programming_language/scala/learning_scala/fp_in_scala/test.scala. Using presentation compiler with project's scala-library version: 3.3.8[0m
2026.08.01 22:48:00 INFO  no build target found for /Users/nilayshrivastava/Documents/programming_language/scala/learning_scala/fp_in_scala/test.scala. Using presentation compiler with project's scala-library version: 3.3.8[0m
2026.08.01 22:48:00 INFO  no build target found for /Users/nilayshrivastava/Documents/programming_language/scala/learning_scala/fp_in_scala/test.scala. Using presentation compiler with project's scala-library version: 3.3.8[0m
2026.08.01 22:48:00 INFO  no build target found for /Users/nilayshrivastava/Documents/programming_language/scala/learning_scala/fp_in_scala/test.scala. Using presentation compiler with project's scala-library version: 3.3.8[0m
2026.08.01 22:48:00 INFO  no build target found for /Users/nilayshrivastava/Documents/programming_language/scala/learning_scala/fp_in_scala/test.scala. Using presentation compiler with project's scala-library version: 3.3.8[0m
2026.08.01 22:48:00 INFO  no build target found for /Users/nilayshrivastava/Documents/programming_language/scala/learning_scala/fp_in_scala/test.scala. Using presentation compiler with project's scala-library version: 3.3.8[0m
2026.08.01 22:48:00 INFO  no build target found for /Users/nilayshrivastava/Documents/programming_language/scala/learning_scala/fp_in_scala/test.scala. Using presentation compiler with project's scala-library version: 3.3.8[0m
2026.08.01 22:48:02 INFO  no build target found for /Users/nilayshrivastava/Documents/programming_language/scala/learning_scala/fp_in_scala/test.scala. Using presentation compiler with project's scala-library version: 3.3.8[0m
2026.08.01 22:48:02 INFO  no build target found for /Users/nilayshrivastava/Documents/programming_language/scala/learning_scala/fp_in_scala/test.scala. Using presentation compiler with project's scala-library version: 3.3.8[0m
2026.08.01 22:48:02 INFO  no build target found for /Users/nilayshrivastava/Documents/programming_language/scala/learning_scala/fp_in_scala/test.scala. Using presentation compiler with project's scala-library version: 3.3.8[0m
2026.08.01 22:48:04 ERROR Timeout waiting for 'build/initialize' response[0m
2026.08.01 22:48:04 WARN  Retrying connection to the build server scala-cli[0m
2026.08.01 22:48:04 INFO  Running BSP server List(/Users/nilayshrivastava/Library/Application Support/Coursier/bin/.scala-cli.aux, bsp, --json-options, /Users/nilayshrivastava/Documents/learning_scala/.scala-build/ide-options-v2.json, --json-launcher-options, /Users/nilayshrivastava/Documents/learning_scala/.scala-build/ide-launcher-options.json, --envs-file, /Users/nilayshrivastava/Documents/learning_scala/.scala-build/ide-envs.json, /Users/nilayshrivastava/Documents/learning_scala/FirstProgram.scala)[0m
2026.08.01 22:48:04 INFO  Tracing is disabled for protocol BSP. To enable tracing of incoming and outgoing JSON messages, create an empty file at /Users/nilayshrivastava/Documents/programming_language/scala/learning_scala/.metals/bsp.trace.json or /Users/nilayshrivastava/Library/Caches/org.scalameta.metals/bsp.trace.json[0m
2026.08.01 22:48:04 INFO  BSP server: Error: java.nio.file.NoSuchFileException: /Users/nilayshrivastava/Documents/learning_scala/FirstProgram.scala[0m
2026.08.01 22:48:04 INFO  BSP server: For more details, please see '/Users/nilayshrivastava/Documents/learning_scala/.scala-build/stacktraces/1785620884-1333768959992640580.log'[0m
2026.08.01 22:48:10 INFO  no build target found for /Users/nilayshrivastava/Documents/programming_language/scala/learning_scala/fp_in_scala/test.scala. Using presentation compiler with project's scala-library version: 3.3.8[0m
2026.08.01 22:48:10 INFO  no build target found for /Users/nilayshrivastava/Documents/programming_language/scala/learning_scala/fp_in_scala/test.scala. Using presentation compiler with project's scala-library version: 3.3.8[0m
2026.08.01 22:48:10 INFO  no build target found for /Users/nilayshrivastava/Documents/programming_language/scala/learning_scala/fp_in_scala/test.scala. Using presentation compiler with project's scala-library version: 3.3.8[0m
2026.08.01 22:48:10 INFO  no build target found for /Users/nilayshrivastava/Documents/programming_language/scala/learning_scala/fp_in_scala/test.scala. Using presentation compiler with project's scala-library version: 3.3.8[0m
2026.08.01 22:48:10 INFO  no build target found for /Users/nilayshrivastava/Documents/programming_language/scala/learning_scala/fp_in_scala/test.scala. Using presentation compiler with project's scala-library version: 3.3.8[0m
2026.08.01 22:48:12 INFO  no build target found for /Users/nilayshrivastava/Documents/programming_language/scala/learning_scala/fp_in_scala/test.scala. Using presentation compiler with project's scala-library version: 3.3.8[0m
2026.08.01 22:48:12 INFO  no build target found for /Users/nilayshrivastava/Documents/programming_language/scala/learning_scala/fp_in_scala/test.scala. Using presentation compiler with project's scala-library version: 3.3.8[0m
2026.08.01 22:48:14 INFO  no build target found for /Users/nilayshrivastava/Documents/programming_language/scala/learning_scala/fp_in_scala/test.scala. Using presentation compiler with project's scala-library version: 3.3.8[0m
2026.08.01 22:48:14 INFO  no build target found for /Users/nilayshrivastava/Documents/programming_language/scala/learning_scala/fp_in_scala/test.scala. Using presentation compiler with project's scala-library version: 3.3.8[0m
2026.08.01 22:48:14 INFO  no build target found for /Users/nilayshrivastava/Documents/programming_language/scala/learning_scala/fp_in_scala/test.scala. Using presentation compiler with project's scala-library version: 3.3.8[0m
2026.08.01 22:48:17 INFO  no build target found for /Users/nilayshrivastava/Documents/programming_language/scala/learning_scala/fp_in_scala/test.scala. Using presentation compiler with project's scala-library version: 3.3.8[0m
2026.08.01 22:48:17 INFO  no build target found for /Users/nilayshrivastava/Documents/programming_language/scala/learning_scala/fp_in_scala/test.scala. Using presentation compiler with project's scala-library version: 3.3.8[0m
2026.08.01 22:48:17 INFO  no build target found for /Users/nilayshrivastava/Documents/programming_language/scala/learning_scala/fp_in_scala/test.scala. Using presentation compiler with project's scala-library version: 3.3.8[0m
2026.08.01 22:48:20 INFO  no build target found for /Users/nilayshrivastava/Documents/programming_language/scala/learning_scala/fp_in_scala/test.scala. Using presentation compiler with project's scala-library version: 3.3.8[0m
2026.08.01 22:48:21 INFO  no build target found for /Users/nilayshrivastava/Documents/programming_language/scala/learning_scala/fp_in_scala/test.scala. Using presentation compiler with project's scala-library version: 3.3.8[0m
2026.08.01 22:48:21 INFO  no build target found for /Users/nilayshrivastava/Documents/programming_language/scala/learning_scala/fp_in_scala/test.scala. Using presentation compiler with project's scala-library version: 3.3.8[0m
2026.08.01 22:48:21 INFO  no build target found for /Users/nilayshrivastava/Documents/programming_language/scala/learning_scala/fp_in_scala/test.scala. Using presentation compiler with project's scala-library version: 3.3.8[0m
2026.08.01 22:48:21 INFO  no build target found for /Users/nilayshrivastava/Documents/programming_language/scala/learning_scala/fp_in_scala/test.scala. Using presentation compiler with project's scala-library version: 3.3.8[0m
2026.08.01 22:48:21 INFO  no build target found for /Users/nilayshrivastava/Documents/programming_language/scala/learning_scala/fp_in_scala/test.scala. Using presentation compiler with project's scala-library version: 3.3.8[0m
2026.08.01 22:48:21 INFO  no build target found for /Users/nilayshrivastava/Documents/programming_language/scala/learning_scala/fp_in_scala/test.scala. Using presentation compiler with project's scala-library version: 3.3.8[0m
2026.08.01 22:48:21 INFO  no build target found for /Users/nilayshrivastava/Documents/programming_language/scala/learning_scala/fp_in_scala/test.scala. Using presentation compiler with project's scala-library version: 3.3.8[0m
2026.08.01 22:48:21 INFO  no build target found for /Users/nilayshrivastava/Documents/programming_language/scala/learning_scala/fp_in_scala/test.scala. Using presentation compiler with project's scala-library version: 3.3.8[0m
2026.08.01 22:48:22 INFO  no build target found for /Users/nilayshrivastava/Documents/programming_language/scala/learning_scala/fp_in_scala/test.scala. Using presentation compiler with project's scala-library version: 3.3.8[0m
2026.08.01 22:48:22 INFO  no build target found for /Users/nilayshrivastava/Documents/programming_language/scala/learning_scala/fp_in_scala/test.scala. Using presentation compiler with project's scala-library version: 3.3.8[0m
2026.08.01 22:48:22 INFO  no build target found for /Users/nilayshrivastava/Documents/programming_language/scala/learning_scala/fp_in_scala/test.scala. Using presentation compiler with project's scala-library version: 3.3.8[0m
2026.08.01 22:48:22 INFO  no build target found for /Users/nilayshrivastava/Documents/programming_language/scala/learning_scala/fp_in_scala/test.scala. Using presentation compiler with project's scala-library version: 3.3.8[0m
2026.08.01 22:48:22 INFO  no build target found for /Users/nilayshrivastava/Documents/programming_language/scala/learning_scala/fp_in_scala/test.scala. Using presentation compiler with project's scala-library version: 3.3.8[0m
2026.08.01 22:48:46 INFO  no build target found for /Users/nilayshrivastava/Documents/programming_language/scala/learning_scala/fp_in_scala/test.scala. Using presentation compiler with project's scala-library version: 3.3.8[0m
2026.08.01 22:48:46 INFO  no build target found for /Users/nilayshrivastava/Documents/programming_language/scala/learning_scala/fp_in_scala/test.scala. Using presentation compiler with project's scala-library version: 3.3.8[0m
2026.08.01 22:48:46 INFO  no build target found for /Users/nilayshrivastava/Documents/programming_language/scala/learning_scala/fp_in_scala/test.scala. Using presentation compiler with project's scala-library version: 3.3.8[0m
2026.08.01 22:48:48 INFO  no build target found for /Users/nilayshrivastava/Documents/programming_language/scala/learning_scala/fp_in_scala/test.scala. Using presentation compiler with project's scala-library version: 3.3.8[0m
2026.08.01 22:48:48 INFO  no build target found for /Users/nilayshrivastava/Documents/programming_language/scala/learning_scala/fp_in_scala/test.scala. Using presentation compiler with project's scala-library version: 3.3.8[0m
2026.08.01 22:48:48 INFO  no build target found for /Users/nilayshrivastava/Documents/programming_language/scala/learning_scala/fp_in_scala/test.scala. Using presentation compiler with project's scala-library version: 3.3.8[0m
2026.08.01 22:48:48 INFO  no build target found for /Users/nilayshrivastava/Documents/programming_language/scala/learning_scala/fp_in_scala/test.scala. Using presentation compiler with project's scala-library version: 3.3.8[0m
2026.08.01 22:48:48 INFO  no build target found for /Users/nilayshrivastava/Documents/programming_language/scala/learning_scala/fp_in_scala/test.scala. Using presentation compiler with project's scala-library version: 3.3.8[0m
2026.08.01 22:48:48 INFO  no build target found for /Users/nilayshrivastava/Documents/programming_language/scala/learning_scala/fp_in_scala/test.scala. Using presentation compiler with project's scala-library version: 3.3.8[0m
2026.08.01 22:48:48 INFO  no build target found for /Users/nilayshrivastava/Documents/programming_language/scala/learning_scala/fp_in_scala/test.scala. Using presentation compiler with project's scala-library version: 3.3.8[0m
2026.08.01 22:48:48 INFO  no build target found for /Users/nilayshrivastava/Documents/programming_language/scala/learning_scala/fp_in_scala/test.scala. Using presentation compiler with project's scala-library version: 3.3.8[0m
2026.08.01 22:48:48 INFO  no build target found for /Users/nilayshrivastava/Documents/programming_language/scala/learning_scala/fp_in_scala/test.scala. Using presentation compiler with project's scala-library version: 3.3.8[0m
2026.08.01 22:48:49 INFO  no build target found for /Users/nilayshrivastava/Documents/programming_language/scala/learning_scala/fp_in_scala/test.scala. Using presentation compiler with project's scala-library version: 3.3.8[0m
2026.08.01 22:48:49 INFO  no build target found for /Users/nilayshrivastava/Documents/programming_language/scala/learning_scala/fp_in_scala/test.scala. Using presentation compiler with project's scala-library version: 3.3.8[0m
2026.08.01 22:48:49 INFO  no build target found for /Users/nilayshrivastava/Documents/programming_language/scala/learning_scala/fp_in_scala/test.scala. Using presentation compiler with project's scala-library version: 3.3.8[0m
2026.08.01 22:48:49 INFO  no build target found for /Users/nilayshrivastava/Documents/programming_language/scala/learning_scala/fp_in_scala/test.scala. Using presentation compiler with project's scala-library version: 3.3.8[0m
2026.08.01 22:48:52 INFO  no build target found for /Users/nilayshrivastava/Documents/programming_language/scala/learning_scala/fp_in_scala/test.scala. Using presentation compiler with project's scala-library version: 3.3.8[0m
2026.08.01 22:48:52 INFO  no build target found for /Users/nilayshrivastava/Documents/programming_language/scala/learning_scala/fp_in_scala/test.scala. Using presentation compiler with project's scala-library version: 3.3.8[0m
2026.08.01 22:48:52 INFO  no build target found for /Users/nilayshrivastava/Documents/programming_language/scala/learning_scala/fp_in_scala/test.scala. Using presentation compiler with project's scala-library version: 3.3.8[0m
2026.08.01 22:48:52 INFO  no build target found for /Users/nilayshrivastava/Documents/programming_language/scala/learning_scala/fp_in_scala/test.scala. Using presentation compiler with project's scala-library version: 3.3.8[0m
2026.08.01 22:48:54 INFO  no build target found for /Users/nilayshrivastava/Documents/programming_language/scala/learning_scala/fp_in_scala/test.scala. Using presentation compiler with project's scala-library version: 3.3.8[0m
2026.08.01 22:48:54 INFO  no build target found for /Users/nilayshrivastava/Documents/programming_language/scala/learning_scala/fp_in_scala/test.scala. Using presentation compiler with project's scala-library version: 3.3.8[0m
2026.08.01 22:48:54 INFO  no build target found for /Users/nilayshrivastava/Documents/programming_language/scala/learning_scala/fp_in_scala/test.scala. Using presentation compiler with project's scala-library version: 3.3.8[0m
2026.08.01 22:48:55 INFO  no build target found for /Users/nilayshrivastava/Documents/programming_language/scala/learning_scala/fp_in_scala/test.scala. Using presentation compiler with project's scala-library version: 3.3.8[0m
2026.08.01 22:48:55 INFO  no build target found for /Users/nilayshrivastava/Documents/programming_language/scala/learning_scala/fp_in_scala/test.scala. Using presentation compiler with project's scala-library version: 3.3.8[0m
2026.08.01 22:48:57 INFO  no build target found for /Users/nilayshrivastava/Documents/programming_language/scala/learning_scala/fp_in_scala/test.scala. Using presentation compiler with project's scala-library version: 3.3.8[0m
2026.08.01 22:48:57 INFO  no build target found for /Users/nilayshrivastava/Documents/programming_language/scala/learning_scala/fp_in_scala/test.scala. Using presentation compiler with project's scala-library version: 3.3.8[0m
2026.08.01 22:48:57 INFO  no build target found for /Users/nilayshrivastava/Documents/programming_language/scala/learning_scala/fp_in_scala/test.scala. Using presentation compiler with project's scala-library version: 3.3.8[0m
2026.08.01 22:48:58 INFO  no build target found for /Users/nilayshrivastava/Documents/programming_language/scala/learning_scala/fp_in_scala/test.scala. Using presentation compiler with project's scala-library version: 3.3.8[0m
2026.08.01 22:48:58 INFO  no build target found for /Users/nilayshrivastava/Documents/programming_language/scala/learning_scala/fp_in_scala/test.scala. Using presentation compiler with project's scala-library version: 3.3.8[0m
2026.08.01 22:48:58 INFO  no build target found for /Users/nilayshrivastava/Documents/programming_language/scala/learning_scala/fp_in_scala/test.scala. Using presentation compiler with project's scala-library version: 3.3.8[0m
2026.08.01 22:49:04 ERROR Timeout waiting for 'build/initialize' response[0m
2026.08.01 22:49:04 WARN  Retrying connection to the build server scala-cli[0m
2026.08.01 22:49:04 INFO  Running BSP server List(/Users/nilayshrivastava/Library/Application Support/Coursier/bin/.scala-cli.aux, bsp, --json-options, /Users/nilayshrivastava/Documents/learning_scala/.scala-build/ide-options-v2.json, --json-launcher-options, /Users/nilayshrivastava/Documents/learning_scala/.scala-build/ide-launcher-options.json, --envs-file, /Users/nilayshrivastava/Documents/learning_scala/.scala-build/ide-envs.json, /Users/nilayshrivastava/Documents/learning_scala/FirstProgram.scala)[0m
2026.08.01 22:49:04 INFO  Tracing is disabled for protocol BSP. To enable tracing of incoming and outgoing JSON messages, create an empty file at /Users/nilayshrivastava/Documents/programming_language/scala/learning_scala/.metals/bsp.trace.json or /Users/nilayshrivastava/Library/Caches/org.scalameta.metals/bsp.trace.json[0m
2026.08.01 22:49:04 INFO  BSP server: Error: java.nio.file.NoSuchFileException: /Users/nilayshrivastava/Documents/learning_scala/FirstProgram.scala[0m
2026.08.01 22:49:04 INFO  BSP server: For more details, please see '/Users/nilayshrivastava/Documents/learning_scala/.scala-build/stacktraces/1785620944-7910519607881897256.log'[0m
2026.08.01 22:49:16 INFO  no build target found for /Users/nilayshrivastava/Documents/programming_language/scala/learning_scala/fp_in_scala/test.scala. Using presentation compiler with project's scala-library version: 3.3.8[0m
2026.08.01 22:49:16 INFO  no build target found for /Users/nilayshrivastava/Documents/programming_language/scala/learning_scala/fp_in_scala/test.scala. Using presentation compiler with project's scala-library version: 3.3.8[0m
2026.08.01 22:49:16 INFO  no build target found for /Users/nilayshrivastava/Documents/programming_language/scala/learning_scala/fp_in_scala/test.scala. Using presentation compiler with project's scala-library version: 3.3.8[0m
2026.08.01 22:49:16 INFO  no build target found for /Users/nilayshrivastava/Documents/programming_language/scala/learning_scala/fp_in_scala/test.scala. Using presentation compiler with project's scala-library version: 3.3.8[0m
2026.08.01 22:49:16 INFO  no build target found for /Users/nilayshrivastava/Documents/programming_language/scala/learning_scala/fp_in_scala/test.scala. Using presentation compiler with project's scala-library version: 3.3.8[0m
2026.08.01 22:49:16 INFO  no build target found for /Users/nilayshrivastava/Documents/programming_language/scala/learning_scala/fp_in_scala/test.scala. Using presentation compiler with project's scala-library version: 3.3.8[0m
2026.08.01 22:49:16 INFO  no build target found for /Users/nilayshrivastava/Documents/programming_language/scala/learning_scala/fp_in_scala/test.scala. Using presentation compiler with project's scala-library version: 3.3.8[0m
2026.08.01 22:49:16 INFO  no build target found for /Users/nilayshrivastava/Documents/programming_language/scala/learning_scala/fp_in_scala/test.scala. Using presentation compiler with project's scala-library version: 3.3.8[0m
2026.08.01 22:49:16 INFO  no build target found for /Users/nilayshrivastava/Documents/programming_language/scala/learning_scala/fp_in_scala/test.scala. Using presentation compiler with project's scala-library version: 3.3.8[0m
2026.08.01 22:49:17 INFO  no build target found for /Users/nilayshrivastava/Documents/programming_language/scala/learning_scala/fp_in_scala/test.scala. Using presentation compiler with project's scala-library version: 3.3.8[0m
2026.08.01 22:49:17 INFO  no build target found for /Users/nilayshrivastava/Documents/programming_language/scala/learning_scala/fp_in_scala/test.scala. Using presentation compiler with project's scala-library version: 3.3.8[0m
2026.08.01 22:49:17 INFO  no build target found for /Users/nilayshrivastava/Documents/programming_language/scala/learning_scala/fp_in_scala/test.scala. Using presentation compiler with project's scala-library version: 3.3.8[0m
2026.08.01 22:49:21 INFO  no build target found for /Users/nilayshrivastava/Documents/programming_language/scala/learning_scala/fp_in_scala/test.scala. Using presentation compiler with project's scala-library version: 3.3.8[0m
2026.08.01 22:49:21 INFO  no build target found for /Users/nilayshrivastava/Documents/programming_language/scala/learning_scala/fp_in_scala/test.scala. Using presentation compiler with project's scala-library version: 3.3.8[0m
2026.08.01 22:49:21 INFO  no build target found for /Users/nilayshrivastava/Documents/programming_language/scala/learning_scala/fp_in_scala/test.scala. Using presentation compiler with project's scala-library version: 3.3.8[0m
2026.08.01 22:49:22 INFO  no build target found for /Users/nilayshrivastava/Documents/programming_language/scala/learning_scala/fp_in_scala/test.scala. Using presentation compiler with project's scala-library version: 3.3.8[0m
2026.08.01 22:49:22 INFO  no build target found for /Users/nilayshrivastava/Documents/programming_language/scala/learning_scala/fp_in_scala/test.scala. Using presentation compiler with project's scala-library version: 3.3.8[0m
2026.08.01 22:49:22 INFO  no build target found for /Users/nilayshrivastava/Documents/programming_language/scala/learning_scala/fp_in_scala/test.scala. Using presentation compiler with project's scala-library version: 3.3.8[0m
2026.08.01 22:49:24 INFO  no build target found for /Users/nilayshrivastava/Documents/programming_language/scala/learning_scala/fp_in_scala/test.scala. Using presentation compiler with project's scala-library version: 3.3.8[0m
2026.08.01 22:49:24 INFO  no build target found for /Users/nilayshrivastava/Documents/programming_language/scala/learning_scala/fp_in_scala/test.scala. Using presentation compiler with project's scala-library version: 3.3.8[0m
2026.08.01 22:49:24 INFO  no build target found for /Users/nilayshrivastava/Documents/programming_language/scala/learning_scala/fp_in_scala/test.scala. Using presentation compiler with project's scala-library version: 3.3.8[0m
2026.08.01 22:49:24 INFO  no build target found for /Users/nilayshrivastava/Documents/programming_language/scala/learning_scala/fp_in_scala/test.scala. Using presentation compiler with project's scala-library version: 3.3.8[0m
2026.08.01 22:49:24 INFO  no build target found for /Users/nilayshrivastava/Documents/programming_language/scala/learning_scala/fp_in_scala/test.scala. Using presentation compiler with project's scala-library version: 3.3.8[0m
2026.08.01 22:49:24 INFO  no build target found for /Users/nilayshrivastava/Documents/programming_language/scala/learning_scala/fp_in_scala/test.scala. Using presentation compiler with project's scala-library version: 3.3.8[0m
2026.08.01 22:49:24 INFO  no build target found for /Users/nilayshrivastava/Documents/programming_language/scala/learning_scala/fp_in_scala/test.scala. Using presentation compiler with project's scala-library version: 3.3.8[0m
2026.08.01 22:49:27 INFO  no build target found for /Users/nilayshrivastava/Documents/programming_language/scala/learning_scala/fp_in_scala/test.scala. Using presentation compiler with project's scala-library version: 3.3.8[0m
2026.08.01 22:49:27 INFO  no build target found for /Users/nilayshrivastava/Documents/programming_language/scala/learning_scala/fp_in_scala/test.scala. Using presentation compiler with project's scala-library version: 3.3.8[0m
2026.08.01 22:49:27 INFO  no build target found for /Users/nilayshrivastava/Documents/programming_language/scala/learning_scala/fp_in_scala/test.scala. Using presentation compiler with project's scala-library version: 3.3.8[0m
2026.08.01 22:49:29 INFO  no build target found for /Users/nilayshrivastava/Documents/programming_language/scala/learning_scala/fp_in_scala/test.scala. Using presentation compiler with project's scala-library version: 3.3.8[0m
2026.08.01 22:49:29 INFO  no build target found for /Users/nilayshrivastava/Documents/programming_language/scala/learning_scala/fp_in_scala/test.scala. Using presentation compiler with project's scala-library version: 3.3.8[0m
2026.08.01 22:49:29 INFO  no build target found for /Users/nilayshrivastava/Documents/programming_language/scala/learning_scala/fp_in_scala/test.scala. Using presentation compiler with project's scala-library version: 3.3.8[0m
2026.08.01 22:49:29 INFO  no build target found for /Users/nilayshrivastava/Documents/programming_language/scala/learning_scala/fp_in_scala/test.scala. Using presentation compiler with project's scala-library version: 3.3.8[0m
2026.08.01 22:49:29 INFO  no build target found for /Users/nilayshrivastava/Documents/programming_language/scala/learning_scala/fp_in_scala/test.scala. Using presentation compiler with project's scala-library version: 3.3.8[0m
2026.08.01 22:49:29 INFO  no build target found for /Users/nilayshrivastava/Documents/programming_language/scala/learning_scala/fp_in_scala/test.scala. Using presentation compiler with project's scala-library version: 3.3.8[0m
2026.08.01 22:49:32 INFO  no build target found for /Users/nilayshrivastava/Documents/programming_language/scala/learning_scala/fp_in_scala/test.scala. Using presentation compiler with project's scala-library version: 3.3.8[0m
2026.08.01 22:49:32 INFO  no build target found for /Users/nilayshrivastava/Documents/programming_language/scala/learning_scala/fp_in_scala/test.scala. Using presentation compiler with project's scala-library version: 3.3.8[0m
2026.08.01 22:49:32 INFO  no build target found for /Users/nilayshrivastava/Documents/programming_language/scala/learning_scala/fp_in_scala/test.scala. Using presentation compiler with project's scala-library version: 3.3.8[0m
2026.08.01 22:49:32 INFO  no build target found for /Users/nilayshrivastava/Documents/programming_language/scala/learning_scala/fp_in_scala/test.scala. Using presentation compiler with project's scala-library version: 3.3.8[0m
2026.08.01 22:49:32 INFO  no build target found for /Users/nilayshrivastava/Documents/programming_language/scala/learning_scala/fp_in_scala/test.scala. Using presentation compiler with project's scala-library version: 3.3.8[0m
2026.08.01 22:49:32 INFO  no build target found for /Users/nilayshrivastava/Documents/programming_language/scala/learning_scala/fp_in_scala/test.scala. Using presentation compiler with project's scala-library version: 3.3.8[0m
2026.08.01 22:49:32 INFO  no build target found for /Users/nilayshrivastava/Documents/programming_language/scala/learning_scala/fp_in_scala/test.scala. Using presentation compiler with project's scala-library version: 3.3.8[0m
2026.08.01 22:49:32 INFO  no build target found for /Users/nilayshrivastava/Documents/programming_language/scala/learning_scala/fp_in_scala/test.scala. Using presentation compiler with project's scala-library version: 3.3.8[0m
2026.08.01 22:49:32 INFO  no build target found for /Users/nilayshrivastava/Documents/programming_language/scala/learning_scala/fp_in_scala/test.scala. Using presentation compiler with project's scala-library version: 3.3.8[0m
2026.08.01 22:49:34 INFO  no build target found for /Users/nilayshrivastava/Documents/programming_language/scala/learning_scala/fp_in_scala/test.scala. Using presentation compiler with project's scala-library version: 3.3.8[0m
2026.08.01 22:49:34 INFO  no build target found for /Users/nilayshrivastava/Documents/programming_language/scala/learning_scala/fp_in_scala/test.scala. Using presentation compiler with project's scala-library version: 3.3.8[0m
2026.08.01 22:49:34 INFO  no build target found for /Users/nilayshrivastava/Documents/programming_language/scala/learning_scala/fp_in_scala/test.scala. Using presentation compiler with project's scala-library version: 3.3.8[0m
2026.08.01 22:49:34 INFO  no build target found for /Users/nilayshrivastava/Documents/programming_language/scala/learning_scala/fp_in_scala/test.scala. Using presentation compiler with project's scala-library version: 3.3.8[0m
2026.08.01 22:49:35 INFO  no build target found for /Users/nilayshrivastava/Documents/programming_language/scala/learning_scala/fp_in_scala/test.scala. Using presentation compiler with project's scala-library version: 3.3.8[0m
2026.08.01 22:49:35 INFO  no build target found for /Users/nilayshrivastava/Documents/programming_language/scala/learning_scala/fp_in_scala/test.scala. Using presentation compiler with project's scala-library version: 3.3.8[0m
2026.08.01 22:49:35 INFO  no build target found for /Users/nilayshrivastava/Documents/programming_language/scala/learning_scala/fp_in_scala/test.scala. Using presentation compiler with project's scala-library version: 3.3.8[0m
2026.08.01 22:49:36 INFO  no build target found for /Users/nilayshrivastava/Documents/programming_language/scala/learning_scala/fp_in_scala/test.scala. Using presentation compiler with project's scala-library version: 3.3.8[0m
2026.08.01 22:49:36 INFO  no build target found for /Users/nilayshrivastava/Documents/programming_language/scala/learning_scala/fp_in_scala/test.scala. Using presentation compiler with project's scala-library version: 3.3.8[0m
2026.08.01 22:49:36 INFO  no build target found for /Users/nilayshrivastava/Documents/programming_language/scala/learning_scala/fp_in_scala/test.scala. Using presentation compiler with project's scala-library version: 3.3.8[0m
2026.08.01 22:49:36 INFO  no build target found for /Users/nilayshrivastava/Documents/programming_language/scala/learning_scala/fp_in_scala/test.scala. Using presentation compiler with project's scala-library version: 3.3.8[0m
2026.08.01 22:49:36 INFO  no build target found for /Users/nilayshrivastava/Documents/programming_language/scala/learning_scala/fp_in_scala/test.scala. Using presentation compiler with project's scala-library version: 3.3.8[0m
2026.08.01 22:49:36 INFO  no build target found for /Users/nilayshrivastava/Documents/programming_language/scala/learning_scala/fp_in_scala/test.scala. Using presentation compiler with project's scala-library version: 3.3.8[0m
2026.08.01 22:49:36 INFO  no build target found for /Users/nilayshrivastava/Documents/programming_language/scala/learning_scala/fp_in_scala/test.scala. Using presentation compiler with project's scala-library version: 3.3.8[0m
2026.08.01 22:49:36 INFO  no build target found for /Users/nilayshrivastava/Documents/programming_language/scala/learning_scala/fp_in_scala/test.scala. Using presentation compiler with project's scala-library version: 3.3.8[0m
2026.08.01 22:49:36 INFO  no build target found for /Users/nilayshrivastava/Documents/programming_language/scala/learning_scala/fp_in_scala/test.scala. Using presentation compiler with project's scala-library version: 3.3.8[0m
2026.08.01 22:49:36 INFO  no build target found for /Users/nilayshrivastava/Documents/programming_language/scala/learning_scala/fp_in_scala/test.scala. Using presentation compiler with project's scala-library version: 3.3.8[0m
2026.08.01 22:49:36 INFO  no build target found for /Users/nilayshrivastava/Documents/programming_language/scala/learning_scala/fp_in_scala/test.scala. Using presentation compiler with project's scala-library version: 3.3.8[0m
2026.08.01 22:49:37 INFO  no build target found for /Users/nilayshrivastava/Documents/programming_language/scala/learning_scala/fp_in_scala/test.scala. Using presentation compiler with project's scala-library version: 3.3.8[0m
2026.08.01 22:49:37 INFO  no build target found for /Users/nilayshrivastava/Documents/programming_language/scala/learning_scala/fp_in_scala/test.scala. Using presentation compiler with project's scala-library version: 3.3.8[0m
2026.08.01 22:49:37 INFO  no build target found for /Users/nilayshrivastava/Documents/programming_language/scala/learning_scala/fp_in_scala/test.scala. Using presentation compiler with project's scala-library version: 3.3.8[0m
2026.08.01 22:49:37 INFO  no build target found for /Users/nilayshrivastava/Documents/programming_language/scala/learning_scala/fp_in_scala/test.scala. Using presentation compiler with project's scala-library version: 3.3.8[0m
2026.08.01 22:49:39 INFO  no build target found for /Users/nilayshrivastava/Documents/programming_language/scala/learning_scala/fp_in_scala/test.scala. Using presentation compiler with project's scala-library version: 3.3.8[0m
2026.08.01 22:49:39 INFO  no build target found for /Users/nilayshrivastava/Documents/programming_language/scala/learning_scala/fp_in_scala/test.scala. Using presentation compiler with project's scala-library version: 3.3.8[0m
2026.08.01 22:49:39 INFO  no build target found for /Users/nilayshrivastava/Documents/programming_language/scala/learning_scala/fp_in_scala/test.scala. Using presentation compiler with project's scala-library version: 3.3.8[0m
2026.08.01 22:49:39 INFO  no build target found for /Users/nilayshrivastava/Documents/programming_language/scala/learning_scala/fp_in_scala/test.scala. Using presentation compiler with project's scala-library version: 3.3.8[0m
2026.08.01 22:49:39 INFO  no build target found for /Users/nilayshrivastava/Documents/programming_language/scala/learning_scala/fp_in_scala/test.scala. Using presentation compiler with project's scala-library version: 3.3.8[0m
2026.08.01 22:49:39 INFO  no build target found for /Users/nilayshrivastava/Documents/programming_language/scala/learning_scala/fp_in_scala/test.scala. Using presentation compiler with project's scala-library version: 3.3.8[0m
2026.08.01 22:49:39 INFO  no build target found for /Users/nilayshrivastava/Documents/programming_language/scala/learning_scala/fp_in_scala/test.scala. Using presentation compiler with project's scala-library version: 3.3.8[0m
2026.08.01 22:49:39 INFO  no build target found for /Users/nilayshrivastava/Documents/programming_language/scala/learning_scala/fp_in_scala/test.scala. Using presentation compiler with project's scala-library version: 3.3.8[0m
2026.08.01 22:49:41 INFO  no build target found for /Users/nilayshrivastava/Documents/programming_language/scala/learning_scala/fp_in_scala/test.scala. Using presentation compiler with project's scala-library version: 3.3.8[0m
2026.08.01 22:49:41 INFO  no build target found for /Users/nilayshrivastava/Documents/programming_language/scala/learning_scala/fp_in_scala/test.scala. Using presentation compiler with project's scala-library version: 3.3.8[0m
2026.08.01 22:49:42 INFO  no build target found for /Users/nilayshrivastava/Documents/programming_language/scala/learning_scala/fp_in_scala/test.scala. Using presentation compiler with project's scala-library version: 3.3.8[0m
2026.08.01 22:49:42 INFO  no build target found for /Users/nilayshrivastava/Documents/programming_language/scala/learning_scala/fp_in_scala/test.scala. Using presentation compiler with project's scala-library version: 3.3.8[0m
2026.08.01 22:49:42 INFO  no build target found for /Users/nilayshrivastava/Documents/programming_language/scala/learning_scala/fp_in_scala/test.scala. Using presentation compiler with project's scala-library version: 3.3.8[0m
2026.08.01 22:49:42 INFO  no build target found for /Users/nilayshrivastava/Documents/programming_language/scala/learning_scala/fp_in_scala/test.scala. Using presentation compiler with project's scala-library version: 3.3.8[0m
2026.08.01 22:49:42 INFO  no build target found for /Users/nilayshrivastava/Documents/programming_language/scala/learning_scala/fp_in_scala/test.scala. Using presentation compiler with project's scala-library version: 3.3.8[0m
2026.08.01 22:49:42 INFO  no build target found for /Users/nilayshrivastava/Documents/programming_language/scala/learning_scala/fp_in_scala/test.scala. Using presentation compiler with project's scala-library version: 3.3.8[0m
2026.08.01 22:49:42 INFO  no build target found for /Users/nilayshrivastava/Documents/programming_language/scala/learning_scala/fp_in_scala/test.scala. Using presentation compiler with project's scala-library version: 3.3.8[0m
2026.08.01 22:49:42 INFO  no build target found for /Users/nilayshrivastava/Documents/programming_language/scala/learning_scala/fp_in_scala/test.scala. Using presentation compiler with project's scala-library version: 3.3.8[0m
2026.08.01 22:49:42 INFO  no build target found for /Users/nilayshrivastava/Documents/programming_language/scala/learning_scala/fp_in_scala/test.scala. Using presentation compiler with project's scala-library version: 3.3.8[0m
2026.08.01 22:49:44 INFO  no build target found for /Users/nilayshrivastava/Documents/programming_language/scala/learning_scala/fp_in_scala/test.scala. Using presentation compiler with project's scala-library version: 3.3.8[0m
2026.08.01 22:49:44 INFO  no build target found for /Users/nilayshrivastava/Documents/programming_language/scala/learning_scala/fp_in_scala/test.scala. Using presentation compiler with project's scala-library version: 3.3.8[0m
2026.08.01 22:49:44 INFO  no build target found for /Users/nilayshrivastava/Documents/programming_language/scala/learning_scala/fp_in_scala/test.scala. Using presentation compiler with project's scala-library version: 3.3.8[0m
2026.08.01 22:49:54 INFO  no build target found for /Users/nilayshrivastava/Documents/programming_language/scala/learning_scala/fp_in_scala/test.scala. Using presentation compiler with project's scala-library version: 3.3.8[0m
2026.08.01 22:49:54 INFO  no build target found for /Users/nilayshrivastava/Documents/programming_language/scala/learning_scala/fp_in_scala/test.scala. Using presentation compiler with project's scala-library version: 3.3.8[0m
2026.08.01 22:49:54 INFO  no build target found for /Users/nilayshrivastava/Documents/programming_language/scala/learning_scala/fp_in_scala/test.scala. Using presentation compiler with project's scala-library version: 3.3.8[0m
2026.08.01 22:49:54 INFO  no build target found for /Users/nilayshrivastava/Documents/programming_language/scala/learning_scala/fp_in_scala/test.scala. Using presentation compiler with project's scala-library version: 3.3.8[0m
2026.08.01 22:49:54 INFO  no build target found for /Users/nilayshrivastava/Documents/programming_language/scala/learning_scala/fp_in_scala/test.scala. Using presentation compiler with project's scala-library version: 3.3.8[0m
2026.08.01 22:49:54 INFO  no build target found for /Users/nilayshrivastava/Documents/programming_language/scala/learning_scala/fp_in_scala/test.scala. Using presentation compiler with project's scala-library version: 3.3.8[0m
2026.08.01 22:49:54 INFO  no build target found for /Users/nilayshrivastava/Documents/programming_language/scala/learning_scala/fp_in_scala/test.scala. Using presentation compiler with project's scala-library version: 3.3.8[0m
2026.08.01 22:49:54 INFO  no build target found for /Users/nilayshrivastava/Documents/programming_language/scala/learning_scala/fp_in_scala/test.scala. Using presentation compiler with project's scala-library version: 3.3.8[0m
2026.08.01 22:49:54 INFO  no build target found for /Users/nilayshrivastava/Documents/programming_language/scala/learning_scala/fp_in_scala/test.scala. Using presentation compiler with project's scala-library version: 3.3.8[0m
2026.08.01 22:49:54 INFO  no build target found for /Users/nilayshrivastava/Documents/programming_language/scala/learning_scala/fp_in_scala/test.scala. Using presentation compiler with project's scala-library version: 3.3.8[0m
2026.08.01 22:49:54 INFO  no build target found for /Users/nilayshrivastava/Documents/programming_language/scala/learning_scala/fp_in_scala/test.scala. Using presentation compiler with project's scala-library version: 3.3.8[0m
2026.08.01 22:49:54 INFO  no build target found for /Users/nilayshrivastava/Documents/programming_language/scala/learning_scala/fp_in_scala/test.scala. Using presentation compiler with project's scala-library version: 3.3.8[0m
2026.08.01 22:49:55 INFO  no build target found for /Users/nilayshrivastava/Documents/programming_language/scala/learning_scala/fp_in_scala/test.scala. Using presentation compiler with project's scala-library version: 3.3.8[0m
2026.08.01 22:49:55 INFO  no build target found for /Users/nilayshrivastava/Documents/programming_language/scala/learning_scala/fp_in_scala/test.scala. Using presentation compiler with project's scala-library version: 3.3.8[0m
2026.08.01 22:49:55 INFO  no build target found for /Users/nilayshrivastava/Documents/programming_language/scala/learning_scala/fp_in_scala/test.scala. Using presentation compiler with project's scala-library version: 3.3.8[0m
2026.08.01 22:49:55 INFO  no build target found for /Users/nilayshrivastava/Documents/programming_language/scala/learning_scala/fp_in_scala/test.scala. Using presentation compiler with project's scala-library version: 3.3.8[0m
2026.08.01 22:49:56 INFO  no build target found for /Users/nilayshrivastava/Documents/programming_language/scala/learning_scala/fp_in_scala/test.scala. Using presentation compiler with project's scala-library version: 3.3.8[0m
2026.08.01 22:49:56 INFO  no build target found for /Users/nilayshrivastava/Documents/programming_language/scala/learning_scala/fp_in_scala/test.scala. Using presentation compiler with project's scala-library version: 3.3.8[0m
2026.08.01 22:49:56 INFO  no build target found for /Users/nilayshrivastava/Documents/programming_language/scala/learning_scala/fp_in_scala/test.scala. Using presentation compiler with project's scala-library version: 3.3.8[0m
2026.08.01 22:49:56 INFO  no build target found for /Users/nilayshrivastava/Documents/programming_language/scala/learning_scala/fp_in_scala/test.scala. Using presentation compiler with project's scala-library version: 3.3.8[0m
2026.08.01 22:49:56 INFO  no build target found for /Users/nilayshrivastava/Documents/programming_language/scala/learning_scala/fp_in_scala/test.scala. Using presentation compiler with project's scala-library version: 3.3.8[0m
2026.08.01 22:49:57 INFO  no build target found for /Users/nilayshrivastava/Documents/programming_language/scala/learning_scala/fp_in_scala/test.scala. Using presentation compiler with project's scala-library version: 3.3.8[0m
2026.08.01 22:49:57 INFO  no build target found for /Users/nilayshrivastava/Documents/programming_language/scala/learning_scala/fp_in_scala/test.scala. Using presentation compiler with project's scala-library version: 3.3.8[0m
2026.08.01 22:49:57 INFO  no build target found for /Users/nilayshrivastava/Documents/programming_language/scala/learning_scala/fp_in_scala/test.scala. Using presentation compiler with project's scala-library version: 3.3.8[0m
2026.08.01 22:49:57 INFO  no build target found for /Users/nilayshrivastava/Documents/programming_language/scala/learning_scala/fp_in_scala/test.scala. Using presentation compiler with project's scala-library version: 3.3.8[0m
2026.08.01 22:49:57 INFO  no build target found for /Users/nilayshrivastava/Documents/programming_language/scala/learning_scala/fp_in_scala/test.scala. Using presentation compiler with project's scala-library version: 3.3.8[0m
2026.08.01 22:49:57 INFO  no build target found for /Users/nilayshrivastava/Documents/programming_language/scala/learning_scala/fp_in_scala/test.scala. Using presentation compiler with project's scala-library version: 3.3.8[0m
2026.08.01 22:49:57 INFO  no build target found for /Users/nilayshrivastava/Documents/programming_language/scala/learning_scala/fp_in_scala/test.scala. Using presentation compiler with project's scala-library version: 3.3.8[0m
2026.08.01 22:49:57 INFO  no build target found for /Users/nilayshrivastava/Documents/programming_language/scala/learning_scala/fp_in_scala/test.scala. Using presentation compiler with project's scala-library version: 3.3.8[0m
2026.08.01 22:49:59 INFO  no build target found for /Users/nilayshrivastava/Documents/programming_language/scala/learning_scala/fp_in_scala/test.scala. Using presentation compiler with project's scala-library version: 3.3.8[0m
2026.08.01 22:49:59 INFO  no build target found for /Users/nilayshrivastava/Documents/programming_language/scala/learning_scala/fp_in_scala/test.scala. Using presentation compiler with project's scala-library version: 3.3.8[0m
2026.08.01 22:49:59 INFO  no build target found for /Users/nilayshrivastava/Documents/programming_language/scala/learning_scala/fp_in_scala/test.scala. Using presentation compiler with project's scala-library version: 3.3.8[0m
2026.08.01 22:49:59 INFO  no build target found for /Users/nilayshrivastava/Documents/programming_language/scala/learning_scala/fp_in_scala/test.scala. Using presentation compiler with project's scala-library version: 3.3.8[0m
2026.08.01 22:49:59 INFO  no build target found for /Users/nilayshrivastava/Documents/programming_language/scala/learning_scala/fp_in_scala/test.scala. Using presentation compiler with project's scala-library version: 3.3.8[0m
2026.08.01 22:50:00 INFO  no build target found for /Users/nilayshrivastava/Documents/programming_language/scala/learning_scala/fp_in_scala/test.scala. Using presentation compiler with project's scala-library version: 3.3.8[0m
2026.08.01 22:50:00 INFO  no build target found for /Users/nilayshrivastava/Documents/programming_language/scala/learning_scala/fp_in_scala/test.scala. Using presentation compiler with project's scala-library version: 3.3.8[0m
2026.08.01 22:50:00 INFO  no build target found for /Users/nilayshrivastava/Documents/programming_language/scala/learning_scala/fp_in_scala/test.scala. Using presentation compiler with project's scala-library version: 3.3.8[0m
2026.08.01 22:50:00 INFO  no build target found for /Users/nilayshrivastava/Documents/programming_language/scala/learning_scala/fp_in_scala/test.scala. Using presentation compiler with project's scala-library version: 3.3.8[0m
2026.08.01 22:50:00 INFO  no build target found for /Users/nilayshrivastava/Documents/programming_language/scala/learning_scala/fp_in_scala/test.scala. Using presentation compiler with project's scala-library version: 3.3.8[0m
2026.08.01 22:50:00 INFO  no build target found for /Users/nilayshrivastava/Documents/programming_language/scala/learning_scala/fp_in_scala/test.scala. Using presentation compiler with project's scala-library version: 3.3.8[0m
2026.08.01 22:50:01 INFO  no build target found for /Users/nilayshrivastava/Documents/programming_language/scala/learning_scala/fp_in_scala/test.scala. Using presentation compiler with project's scala-library version: 3.3.8[0m
2026.08.01 22:50:01 INFO  no build target found for /Users/nilayshrivastava/Documents/programming_language/scala/learning_scala/fp_in_scala/test.scala. Using presentation compiler with project's scala-library version: 3.3.8[0m
2026.08.01 22:50:01 INFO  no build target found for /Users/nilayshrivastava/Documents/programming_language/scala/learning_scala/fp_in_scala/test.scala. Using presentation compiler with project's scala-library version: 3.3.8[0m
2026.08.01 22:50:01 INFO  no build target found for /Users/nilayshrivastava/Documents/programming_language/scala/learning_scala/fp_in_scala/test.scala. Using presentation compiler with project's scala-library version: 3.3.8[0m
2026.08.01 22:50:01 INFO  no build target found for /Users/nilayshrivastava/Documents/programming_language/scala/learning_scala/fp_in_scala/test.scala. Using presentation compiler with project's scala-library version: 3.3.8[0m
2026.08.01 22:50:01 INFO  no build target found for /Users/nilayshrivastava/Documents/programming_language/scala/learning_scala/fp_in_scala/test.scala. Using presentation compiler with project's scala-library version: 3.3.8[0m
2026.08.01 22:50:01 INFO  no build target found for /Users/nilayshrivastava/Documents/programming_language/scala/learning_scala/fp_in_scala/test.scala. Using presentation compiler with project's scala-library version: 3.3.8[0m
2026.08.01 22:50:01 INFO  no build target found for /Users/nilayshrivastava/Documents/programming_language/scala/learning_scala/fp_in_scala/test.scala. Using presentation compiler with project's scala-library version: 3.3.8[0m
2026.08.01 22:50:01 INFO  no build target found for /Users/nilayshrivastava/Documents/programming_language/scala/learning_scala/fp_in_scala/test.scala. Using presentation compiler with project's scala-library version: 3.3.8[0m
2026.08.01 22:50:01 INFO  no build target found for /Users/nilayshrivastava/Documents/programming_language/scala/learning_scala/fp_in_scala/test.scala. Using presentation compiler with project's scala-library version: 3.3.8[0m
2026.08.01 22:50:01 INFO  no build target found for /Users/nilayshrivastava/Documents/programming_language/scala/learning_scala/fp_in_scala/test.scala. Using presentation compiler with project's scala-library version: 3.3.8[0m
2026.08.01 22:50:02 INFO  no build target found for /Users/nilayshrivastava/Documents/programming_language/scala/learning_scala/fp_in_scala/test.scala. Using presentation compiler with project's scala-library version: 3.3.8[0m
2026.08.01 22:50:02 INFO  no build target found for /Users/nilayshrivastava/Documents/programming_language/scala/learning_scala/fp_in_scala/test.scala. Using presentation compiler with project's scala-library version: 3.3.8[0m
2026.08.01 22:50:02 INFO  no build target found for /Users/nilayshrivastava/Documents/programming_language/scala/learning_scala/fp_in_scala/test.scala. Using presentation compiler with project's scala-library version: 3.3.8[0m
2026.08.01 22:50:04 ERROR Timeout waiting for 'build/initialize' response[0m
2026.08.01 22:50:04 WARN  Retrying connection to the build server scala-cli[0m
2026.08.01 22:50:04 INFO  Running BSP server List(/Users/nilayshrivastava/Library/Application Support/Coursier/bin/.scala-cli.aux, bsp, --json-options, /Users/nilayshrivastava/Documents/learning_scala/.scala-build/ide-options-v2.json, --json-launcher-options, /Users/nilayshrivastava/Documents/learning_scala/.scala-build/ide-launcher-options.json, --envs-file, /Users/nilayshrivastava/Documents/learning_scala/.scala-build/ide-envs.json, /Users/nilayshrivastava/Documents/learning_scala/FirstProgram.scala)[0m
2026.08.01 22:50:04 INFO  Tracing is disabled for protocol BSP. To enable tracing of incoming and outgoing JSON messages, create an empty file at /Users/nilayshrivastava/Documents/programming_language/scala/learning_scala/.metals/bsp.trace.json or /Users/nilayshrivastava/Library/Caches/org.scalameta.metals/bsp.trace.json[0m
2026.08.01 22:50:04 INFO  BSP server: Error: java.nio.file.NoSuchFileException: /Users/nilayshrivastava/Documents/learning_scala/FirstProgram.scala[0m
2026.08.01 22:50:04 INFO  BSP server: For more details, please see '/Users/nilayshrivastava/Documents/learning_scala/.scala-build/stacktraces/1785621004-1025924775885738611.log'[0m
2026.08.01 22:50:06 INFO  no build target found for /Users/nilayshrivastava/Documents/programming_language/scala/learning_scala/fp_in_scala/test.scala. Using presentation compiler with project's scala-library version: 3.3.8[0m
2026.08.01 22:50:06 INFO  no build target found for /Users/nilayshrivastava/Documents/programming_language/scala/learning_scala/fp_in_scala/test.scala. Using presentation compiler with project's scala-library version: 3.3.8[0m
2026.08.01 22:50:06 INFO  no build target found for /Users/nilayshrivastava/Documents/programming_language/scala/learning_scala/fp_in_scala/test.scala. Using presentation compiler with project's scala-library version: 3.3.8[0m
2026.08.01 22:50:06 INFO  no build target found for /Users/nilayshrivastava/Documents/programming_language/scala/learning_scala/fp_in_scala/test.scala. Using presentation compiler with project's scala-library version: 3.3.8[0m
2026.08.01 22:50:06 INFO  no build target found for /Users/nilayshrivastava/Documents/programming_language/scala/learning_scala/fp_in_scala/test.scala. Using presentation compiler with project's scala-library version: 3.3.8[0m
2026.08.01 22:50:06 INFO  no build target found for /Users/nilayshrivastava/Documents/programming_language/scala/learning_scala/fp_in_scala/test.scala. Using presentation compiler with project's scala-library version: 3.3.8[0m
2026.08.01 22:50:06 INFO  no build target found for /Users/nilayshrivastava/Documents/programming_language/scala/learning_scala/fp_in_scala/test.scala. Using presentation compiler with project's scala-library version: 3.3.8[0m
2026.08.01 22:50:06 INFO  no build target found for /Users/nilayshrivastava/Documents/programming_language/scala/learning_scala/fp_in_scala/test.scala. Using presentation compiler with project's scala-library version: 3.3.8[0m
2026.08.01 22:50:06 INFO  no build target found for /Users/nilayshrivastava/Documents/programming_language/scala/learning_scala/fp_in_scala/test.scala. Using presentation compiler with project's scala-library version: 3.3.8[0m
2026.08.01 22:50:06 INFO  no build target found for /Users/nilayshrivastava/Documents/programming_language/scala/learning_scala/fp_in_scala/test.scala. Using presentation compiler with project's scala-library version: 3.3.8[0m
2026.08.01 22:50:06 INFO  no build target found for /Users/nilayshrivastava/Documents/programming_language/scala/learning_scala/fp_in_scala/test.scala. Using presentation compiler with project's scala-library version: 3.3.8[0m
2026.08.01 22:50:06 INFO  no build target found for /Users/nilayshrivastava/Documents/programming_language/scala/learning_scala/fp_in_scala/test.scala. Using presentation compiler with project's scala-library version: 3.3.8[0m
2026.08.01 22:50:06 INFO  no build target found for /Users/nilayshrivastava/Documents/programming_language/scala/learning_scala/fp_in_scala/test.scala. Using presentation compiler with project's scala-library version: 3.3.8[0m
2026.08.01 22:50:07 INFO  no build target found for /Users/nilayshrivastava/Documents/programming_language/scala/learning_scala/fp_in_scala/test.scala. Using presentation compiler with project's scala-library version: 3.3.8[0m
2026.08.01 22:50:07 INFO  no build target found for /Users/nilayshrivastava/Documents/programming_language/scala/learning_scala/fp_in_scala/test.scala. Using presentation compiler with project's scala-library version: 3.3.8[0m
2026.08.01 22:50:07 INFO  no build target found for /Users/nilayshrivastava/Documents/programming_language/scala/learning_scala/fp_in_scala/test.scala. Using presentation compiler with project's scala-library version: 3.3.8[0m
2026.08.01 22:50:07 INFO  no build target found for /Users/nilayshrivastava/Documents/programming_language/scala/learning_scala/fp_in_scala/test.scala. Using presentation compiler with project's scala-library version: 3.3.8[0m
2026.08.01 22:50:07 INFO  no build target found for /Users/nilayshrivastava/Documents/programming_language/scala/learning_scala/fp_in_scala/test.scala. Using presentation compiler with project's scala-library version: 3.3.8[0m
2026.08.01 22:50:07 INFO  no build target found for /Users/nilayshrivastava/Documents/programming_language/scala/learning_scala/fp_in_scala/test.scala. Using presentation compiler with project's scala-library version: 3.3.8[0m
2026.08.01 22:50:07 INFO  no build target found for /Users/nilayshrivastava/Documents/programming_language/scala/learning_scala/fp_in_scala/test.scala. Using presentation compiler with project's scala-library version: 3.3.8[0m
2026.08.01 22:50:07 INFO  no build target found for /Users/nilayshrivastava/Documents/programming_language/scala/learning_scala/fp_in_scala/test.scala. Using presentation compiler with project's scala-library version: 3.3.8[0m
2026.08.01 22:50:07 INFO  no build target found for /Users/nilayshrivastava/Documents/programming_language/scala/learning_scala/fp_in_scala/test.scala. Using presentation compiler with project's scala-library version: 3.3.8[0m
2026.08.01 22:50:07 INFO  no build target found for /Users/nilayshrivastava/Documents/programming_language/scala/learning_scala/fp_in_scala/test.scala. Using presentation compiler with project's scala-library version: 3.3.8[0m
2026.08.01 22:50:08 INFO  no build target found for /Users/nilayshrivastava/Documents/programming_language/scala/learning_scala/fp_in_scala/test.scala. Using presentation compiler with project's scala-library version: 3.3.8[0m
2026.08.01 22:50:08 INFO  no build target found for /Users/nilayshrivastava/Documents/programming_language/scala/learning_scala/fp_in_scala/test.scala. Using presentation compiler with project's scala-library version: 3.3.8[0m
2026.08.01 22:50:08 INFO  no build target found for /Users/nilayshrivastava/Documents/programming_language/scala/learning_scala/fp_in_scala/test.scala. Using presentation compiler with project's scala-library version: 3.3.8[0m
2026.08.01 22:50:08 INFO  no build target found for /Users/nilayshrivastava/Documents/programming_language/scala/learning_scala/fp_in_scala/test.scala. Using presentation compiler with project's scala-library version: 3.3.8[0m
2026.08.01 22:50:08 INFO  no build target found for /Users/nilayshrivastava/Documents/programming_language/scala/learning_scala/fp_in_scala/test.scala. Using presentation compiler with project's scala-library version: 3.3.8[0m
2026.08.01 22:50:08 INFO  no build target found for /Users/nilayshrivastava/Documents/programming_language/scala/learning_scala/fp_in_scala/test.scala. Using presentation compiler with project's scala-library version: 3.3.8[0m
2026.08.01 22:50:08 INFO  no build target found for /Users/nilayshrivastava/Documents/programming_language/scala/learning_scala/fp_in_scala/test.scala. Using presentation compiler with project's scala-library version: 3.3.8[0m
2026.08.01 22:50:08 INFO  no build target found for /Users/nilayshrivastava/Documents/programming_language/scala/learning_scala/fp_in_scala/test.scala. Using presentation compiler with project's scala-library version: 3.3.8[0m
2026.08.01 22:50:08 INFO  no build target found for /Users/nilayshrivastava/Documents/programming_language/scala/learning_scala/fp_in_scala/test.scala. Using presentation compiler with project's scala-library version: 3.3.8[0m
2026.08.01 22:50:08 INFO  no build target found for /Users/nilayshrivastava/Documents/programming_language/scala/learning_scala/fp_in_scala/test.scala. Using presentation compiler with project's scala-library version: 3.3.8[0m
2026.08.01 22:50:08 INFO  no build target found for /Users/nilayshrivastava/Documents/programming_language/scala/learning_scala/fp_in_scala/test.scala. Using presentation compiler with project's scala-library version: 3.3.8[0m
2026.08.01 22:50:08 INFO  no build target found for /Users/nilayshrivastava/Documents/programming_language/scala/learning_scala/fp_in_scala/test.scala. Using presentation compiler with project's scala-library version: 3.3.8[0m
2026.08.01 22:50:08 INFO  no build target found for /Users/nilayshrivastava/Documents/programming_language/scala/learning_scala/fp_in_scala/test.scala. Using presentation compiler with project's scala-library version: 3.3.8[0m
2026.08.01 22:50:08 INFO  no build target found for /Users/nilayshrivastava/Documents/programming_language/scala/learning_scala/fp_in_scala/test.scala. Using presentation compiler with project's scala-library version: 3.3.8[0m
2026.08.01 22:50:08 INFO  no build target found for /Users/nilayshrivastava/Documents/programming_language/scala/learning_scala/fp_in_scala/test.scala. Using presentation compiler with project's scala-library version: 3.3.8[0m
2026.08.01 22:50:08 INFO  no build target found for /Users/nilayshrivastava/Documents/programming_language/scala/learning_scala/fp_in_scala/test.scala. Using presentation compiler with project's scala-library version: 3.3.8[0m
2026.08.01 22:50:09 INFO  no build target found for /Users/nilayshrivastava/Documents/programming_language/scala/learning_scala/fp_in_scala/test.scala. Using presentation compiler with project's scala-library version: 3.3.8[0m
2026.08.01 22:50:09 INFO  no build target found for /Users/nilayshrivastava/Documents/programming_language/scala/learning_scala/fp_in_scala/test.scala. Using presentation compiler with project's scala-library version: 3.3.8[0m
2026.08.01 22:50:09 INFO  no build target found for /Users/nilayshrivastava/Documents/programming_language/scala/learning_scala/fp_in_scala/test.scala. Using presentation compiler with project's scala-library version: 3.3.8[0m
2026.08.01 22:50:09 INFO  no build target found for /Users/nilayshrivastava/Documents/programming_language/scala/learning_scala/fp_in_scala/test.scala. Using presentation compiler with project's scala-library version: 3.3.8[0m
2026.08.01 22:50:09 INFO  no build target found for /Users/nilayshrivastava/Documents/programming_language/scala/learning_scala/fp_in_scala/test.scala. Using presentation compiler with project's scala-library version: 3.3.8[0m
2026.08.01 22:50:09 INFO  no build target found for /Users/nilayshrivastava/Documents/programming_language/scala/learning_scala/fp_in_scala/test.scala. Using presentation compiler with project's scala-library version: 3.3.8[0m
2026.08.01 22:50:09 INFO  no build target found for /Users/nilayshrivastava/Documents/programming_language/scala/learning_scala/fp_in_scala/test.scala. Using presentation compiler with project's scala-library version: 3.3.8[0m
2026.08.01 22:50:09 INFO  no build target found for /Users/nilayshrivastava/Documents/programming_language/scala/learning_scala/fp_in_scala/test.scala. Using presentation compiler with project's scala-library version: 3.3.8[0m
2026.08.01 22:50:09 INFO  no build target found for /Users/nilayshrivastava/Documents/programming_language/scala/learning_scala/fp_in_scala/test.scala. Using presentation compiler with project's scala-library version: 3.3.8[0m
2026.08.01 22:50:09 INFO  no build target found for /Users/nilayshrivastava/Documents/programming_language/scala/learning_scala/fp_in_scala/test.scala. Using presentation compiler with project's scala-library version: 3.3.8[0m
2026.08.01 22:50:09 INFO  no build target found for /Users/nilayshrivastava/Documents/programming_language/scala/learning_scala/fp_in_scala/test.scala. Using presentation compiler with project's scala-library version: 3.3.8[0m
2026.08.01 22:50:09 INFO  no build target found for /Users/nilayshrivastava/Documents/programming_language/scala/learning_scala/fp_in_scala/test.scala. Using presentation compiler with project's scala-library version: 3.3.8[0m
2026.08.01 22:50:09 INFO  no build target found for /Users/nilayshrivastava/Documents/programming_language/scala/learning_scala/fp_in_scala/test.scala. Using presentation compiler with project's scala-library version: 3.3.8[0m
2026.08.01 22:50:11 INFO  no build target found for /Users/nilayshrivastava/Documents/programming_language/scala/learning_scala/fp_in_scala/test.scala. Using presentation compiler with project's scala-library version: 3.3.8[0m
2026.08.01 22:50:11 INFO  no build target found for /Users/nilayshrivastava/Documents/programming_language/scala/learning_scala/fp_in_scala/test.scala. Using presentation compiler with project's scala-library version: 3.3.8[0m
2026.08.01 22:50:11 INFO  no build target found for /Users/nilayshrivastava/Documents/programming_language/scala/learning_scala/fp_in_scala/test.scala. Using presentation compiler with project's scala-library version: 3.3.8[0m
2026.08.01 22:50:11 INFO  no build target found for /Users/nilayshrivastava/Documents/programming_language/scala/learning_scala/fp_in_scala/test.scala. Using presentation compiler with project's scala-library version: 3.3.8[0m
2026.08.01 22:50:11 INFO  no build target found for /Users/nilayshrivastava/Documents/programming_language/scala/learning_scala/fp_in_scala/test.scala. Using presentation compiler with project's scala-library version: 3.3.8[0m
2026.08.01 22:50:11 INFO  no build target found for /Users/nilayshrivastava/Documents/programming_language/scala/learning_scala/fp_in_scala/test.scala. Using presentation compiler with project's scala-library version: 3.3.8[0m
2026.08.01 22:50:11 INFO  no build target found for /Users/nilayshrivastava/Documents/programming_language/scala/learning_scala/fp_in_scala/test.scala. Using presentation compiler with project's scala-library version: 3.3.8[0m
2026.08.01 22:50:11 INFO  no build target found for /Users/nilayshrivastava/Documents/programming_language/scala/learning_scala/fp_in_scala/test.scala. Using presentation compiler with project's scala-library version: 3.3.8[0m
2026.08.01 22:50:13 INFO  no build target found for /Users/nilayshrivastava/Documents/programming_language/scala/learning_scala/fp_in_scala/test.scala. Using presentation compiler with project's scala-library version: 3.3.8[0m
2026.08.01 22:50:13 INFO  no build target found for /Users/nilayshrivastava/Documents/programming_language/scala/learning_scala/fp_in_scala/test.scala. Using presentation compiler with project's scala-library version: 3.3.8[0m
2026.08.01 22:50:13 INFO  no build target found for /Users/nilayshrivastava/Documents/programming_language/scala/learning_scala/fp_in_scala/test.scala. Using presentation compiler with project's scala-library version: 3.3.8[0m
2026.08.01 22:50:13 INFO  no build target found for /Users/nilayshrivastava/Documents/programming_language/scala/learning_scala/fp_in_scala/test.scala. Using presentation compiler with project's scala-library version: 3.3.8[0m
2026.08.01 22:50:13 INFO  no build target found for /Users/nilayshrivastava/Documents/programming_language/scala/learning_scala/fp_in_scala/test.scala. Using presentation compiler with project's scala-library version: 3.3.8[0m
2026.08.01 22:50:18 INFO  no build target found for /Users/nilayshrivastava/Documents/programming_language/scala/learning_scala/fp_in_scala/test.scala. Using presentation compiler with project's scala-library version: 3.3.8[0m
2026.08.01 22:50:18 INFO  no build target found for /Users/nilayshrivastava/Documents/programming_language/scala/learning_scala/fp_in_scala/test.scala. Using presentation compiler with project's scala-library version: 3.3.8[0m
2026.08.01 22:50:18 INFO  no build target found for /Users/nilayshrivastava/Documents/programming_language/scala/learning_scala/fp_in_scala/test.scala. Using presentation compiler with project's scala-library version: 3.3.8[0m
2026.08.01 22:50:18 INFO  no build target found for /Users/nilayshrivastava/Documents/programming_language/scala/learning_scala/fp_in_scala/test.scala. Using presentation compiler with project's scala-library version: 3.3.8[0m
2026.08.01 22:50:18 INFO  no build target found for /Users/nilayshrivastava/Documents/programming_language/scala/learning_scala/fp_in_scala/test.scala. Using presentation compiler with project's scala-library version: 3.3.8[0m
2026.08.01 22:50:18 INFO  no build target found for /Users/nilayshrivastava/Documents/programming_language/scala/learning_scala/fp_in_scala/test.scala. Using presentation compiler with project's scala-library version: 3.3.8[0m
2026.08.01 22:50:18 INFO  no build target found for /Users/nilayshrivastava/Documents/programming_language/scala/learning_scala/fp_in_scala/test.scala. Using presentation compiler with project's scala-library version: 3.3.8[0m
2026.08.01 22:50:18 INFO  no build target found for /Users/nilayshrivastava/Documents/programming_language/scala/learning_scala/fp_in_scala/test.scala. Using presentation compiler with project's scala-library version: 3.3.8[0m
2026.08.01 22:50:18 INFO  no build target found for /Users/nilayshrivastava/Documents/programming_language/scala/learning_scala/fp_in_scala/test.scala. Using presentation compiler with project's scala-library version: 3.3.8[0m
2026.08.01 22:50:18 INFO  no build target found for /Users/nilayshrivastava/Documents/programming_language/scala/learning_scala/fp_in_scala/test.scala. Using presentation compiler with project's scala-library version: 3.3.8[0m
2026.08.01 22:50:18 INFO  no build target found for /Users/nilayshrivastava/Documents/programming_language/scala/learning_scala/fp_in_scala/test.scala. Using presentation compiler with project's scala-library version: 3.3.8[0m
2026.08.01 22:50:18 INFO  no build target found for /Users/nilayshrivastava/Documents/programming_language/scala/learning_scala/fp_in_scala/test.scala. Using presentation compiler with project's scala-library version: 3.3.8[0m
2026.08.01 22:50:19 INFO  no build target found for /Users/nilayshrivastava/Documents/programming_language/scala/learning_scala/fp_in_scala/test.scala. Using presentation compiler with project's scala-library version: 3.3.8[0m
2026.08.01 22:50:19 INFO  no build target found for /Users/nilayshrivastava/Documents/programming_language/scala/learning_scala/fp_in_scala/test.scala. Using presentation compiler with project's scala-library version: 3.3.8[0m
2026.08.01 22:50:19 INFO  no build target found for /Users/nilayshrivastava/Documents/programming_language/scala/learning_scala/fp_in_scala/test.scala. Using presentation compiler with project's scala-library version: 3.3.8[0m
2026.08.01 22:50:19 INFO  no build target found for /Users/nilayshrivastava/Documents/programming_language/scala/learning_scala/fp_in_scala/test.scala. Using presentation compiler with project's scala-library version: 3.3.8[0m
2026.08.01 22:50:19 INFO  no build target found for /Users/nilayshrivastava/Documents/programming_language/scala/learning_scala/fp_in_scala/test.scala. Using presentation compiler with project's scala-library version: 3.3.8[0m
2026.08.01 22:50:19 INFO  no build target found for /Users/nilayshrivastava/Documents/programming_language/scala/learning_scala/fp_in_scala/test.scala. Using presentation compiler with project's scala-library version: 3.3.8[0m
2026.08.01 22:50:19 INFO  no build target found for /Users/nilayshrivastava/Documents/programming_language/scala/learning_scala/fp_in_scala/test.scala. Using presentation compiler with project's scala-library version: 3.3.8[0m
2026.08.01 22:50:19 INFO  no build target found for /Users/nilayshrivastava/Documents/programming_language/scala/learning_scala/fp_in_scala/test.scala. Using presentation compiler with project's scala-library version: 3.3.8[0m
2026.08.01 22:50:19 INFO  no build target found for /Users/nilayshrivastava/Documents/programming_language/scala/learning_scala/fp_in_scala/test.scala. Using presentation compiler with project's scala-library version: 3.3.8[0m
2026.08.01 22:50:19 INFO  no build target found for /Users/nilayshrivastava/Documents/programming_language/scala/learning_scala/fp_in_scala/test.scala. Using presentation compiler with project's scala-library version: 3.3.8[0m
2026.08.01 22:50:19 INFO  no build target found for /Users/nilayshrivastava/Documents/programming_language/scala/learning_scala/fp_in_scala/test.scala. Using presentation compiler with project's scala-library version: 3.3.8[0m
2026.08.01 22:50:20 INFO  no build target found for /Users/nilayshrivastava/Documents/programming_language/scala/learning_scala/fp_in_scala/test.scala. Using presentation compiler with project's scala-library version: 3.3.8[0m
2026.08.01 22:50:20 INFO  no build target found for /Users/nilayshrivastava/Documents/programming_language/scala/learning_scala/fp_in_scala/test.scala. Using presentation compiler with project's scala-library version: 3.3.8[0m
2026.08.01 22:50:20 INFO  no build target found for /Users/nilayshrivastava/Documents/programming_language/scala/learning_scala/fp_in_scala/test.scala. Using presentation compiler with project's scala-library version: 3.3.8[0m
2026.08.01 22:50:20 INFO  no build target found for /Users/nilayshrivastava/Documents/programming_language/scala/learning_scala/fp_in_scala/test.scala. Using presentation compiler with project's scala-library version: 3.3.8[0m
2026.08.01 22:50:20 INFO  no build target found for /Users/nilayshrivastava/Documents/programming_language/scala/learning_scala/fp_in_scala/test.scala. Using presentation compiler with project's scala-library version: 3.3.8[0m
2026.08.01 22:50:20 INFO  no build target found for /Users/nilayshrivastava/Documents/programming_language/scala/learning_scala/fp_in_scala/test.scala. Using presentation compiler with project's scala-library version: 3.3.8[0m
2026.08.01 22:50:20 INFO  no build target found for /Users/nilayshrivastava/Documents/programming_language/scala/learning_scala/fp_in_scala/test.scala. Using presentation compiler with project's scala-library version: 3.3.8[0m
2026.08.01 22:50:20 INFO  no build target found for /Users/nilayshrivastava/Documents/programming_language/scala/learning_scala/fp_in_scala/test.scala. Using presentation compiler with project's scala-library version: 3.3.8[0m
2026.08.01 22:50:20 INFO  no build target found for /Users/nilayshrivastava/Documents/programming_language/scala/learning_scala/fp_in_scala/test.scala. Using presentation compiler with project's scala-library version: 3.3.8[0m
2026.08.01 22:50:20 INFO  no build target found for /Users/nilayshrivastava/Documents/programming_language/scala/learning_scala/fp_in_scala/test.scala. Using presentation compiler with project's scala-library version: 3.3.8[0m
2026.08.01 22:50:21 INFO  no build target found for /Users/nilayshrivastava/Documents/programming_language/scala/learning_scala/fp_in_scala/test.scala. Using presentation compiler with project's scala-library version: 3.3.8[0m
2026.08.01 22:50:21 INFO  no build target found for /Users/nilayshrivastava/Documents/programming_language/scala/learning_scala/fp_in_scala/test.scala. Using presentation compiler with project's scala-library version: 3.3.8[0m
2026.08.01 22:50:21 INFO  no build target found for /Users/nilayshrivastava/Documents/programming_language/scala/learning_scala/fp_in_scala/test.scala. Using presentation compiler with project's scala-library version: 3.3.8[0m
2026.08.01 22:50:21 INFO  no build target found for /Users/nilayshrivastava/Documents/programming_language/scala/learning_scala/fp_in_scala/test.scala. Using presentation compiler with project's scala-library version: 3.3.8[0m
2026.08.01 22:50:23 INFO  no build target found for /Users/nilayshrivastava/Documents/programming_language/scala/learning_scala/fp_in_scala/test.scala. Using presentation compiler with project's scala-library version: 3.3.8[0m
2026.08.01 22:50:23 INFO  no build target found for /Users/nilayshrivastava/Documents/programming_language/scala/learning_scala/fp_in_scala/test.scala. Using presentation compiler with project's scala-library version: 3.3.8[0m
2026.08.01 22:50:25 INFO  no build target found for /Users/nilayshrivastava/Documents/programming_language/scala/learning_scala/fp_in_scala/test.scala. Using presentation compiler with project's scala-library version: 3.3.8[0m
2026.08.01 22:50:36 INFO  no build target found for /Users/nilayshrivastava/Documents/programming_language/scala/learning_scala/fp_in_scala/test.scala. Using presentation compiler with project's scala-library version: 3.3.8[0m
2026.08.01 22:50:36 INFO  no build target found for /Users/nilayshrivastava/Documents/programming_language/scala/learning_scala/fp_in_scala/test.scala. Using presentation compiler with project's scala-library version: 3.3.8[0m
2026.08.01 22:50:36 INFO  no build target found for /Users/nilayshrivastava/Documents/programming_language/scala/learning_scala/fp_in_scala/test.scala. Using presentation compiler with project's scala-library version: 3.3.8[0m
2026.08.01 22:50:36 INFO  no build target found for /Users/nilayshrivastava/Documents/programming_language/scala/learning_scala/fp_in_scala/test.scala. Using presentation compiler with project's scala-library version: 3.3.8[0m
2026.08.01 22:50:38 INFO  no build target found for /Users/nilayshrivastava/Documents/programming_language/scala/learning_scala/fp_in_scala/test.scala. Using presentation compiler with project's scala-library version: 3.3.8[0m
2026.08.01 22:50:38 INFO  no build target found for /Users/nilayshrivastava/Documents/programming_language/scala/learning_scala/fp_in_scala/test.scala. Using presentation compiler with project's scala-library version: 3.3.8[0m
2026.08.01 22:50:38 INFO  no build target found for /Users/nilayshrivastava/Documents/programming_language/scala/learning_scala/fp_in_scala/test.scala. Using presentation compiler with project's scala-library version: 3.3.8[0m
2026.08.01 22:50:38 INFO  no build target found for /Users/nilayshrivastava/Documents/programming_language/scala/learning_scala/fp_in_scala/test.scala. Using presentation compiler with project's scala-library version: 3.3.8[0m
2026.08.01 22:50:38 INFO  no build target found for /Users/nilayshrivastava/Documents/programming_language/scala/learning_scala/fp_in_scala/test.scala. Using presentation compiler with project's scala-library version: 3.3.8[0m
2026.08.01 22:50:38 INFO  no build target found for /Users/nilayshrivastava/Documents/programming_language/scala/learning_scala/fp_in_scala/test.scala. Using presentation compiler with project's scala-library version: 3.3.8[0m
2026.08.01 22:50:38 INFO  no build target found for /Users/nilayshrivastava/Documents/programming_language/scala/learning_scala/fp_in_scala/test.scala. Using presentation compiler with project's scala-library version: 3.3.8[0m
2026.08.01 22:50:39 INFO  no build target found for /Users/nilayshrivastava/Documents/programming_language/scala/learning_scala/fp_in_scala/test.scala. Using presentation compiler with project's scala-library version: 3.3.8[0m
2026.08.01 22:50:39 INFO  no build target found for /Users/nilayshrivastava/Documents/programming_language/scala/learning_scala/fp_in_scala/test.scala. Using presentation compiler with project's scala-library version: 3.3.8[0m
2026.08.01 22:50:39 INFO  no build target found for /Users/nilayshrivastava/Documents/programming_language/scala/learning_scala/fp_in_scala/test.scala. Using presentation compiler with project's scala-library version: 3.3.8[0m
2026.08.01 22:50:41 INFO  no build target found for /Users/nilayshrivastava/Documents/programming_language/scala/learning_scala/fp_in_scala/test.scala. Using presentation compiler with project's scala-library version: 3.3.8[0m
2026.08.01 22:50:42 INFO  no build target found for /Users/nilayshrivastava/Documents/programming_language/scala/learning_scala/fp_in_scala/test.scala. Using presentation compiler with project's scala-library version: 3.3.8[0m
2026.08.01 22:50:42 INFO  no build target found for /Users/nilayshrivastava/Documents/programming_language/scala/learning_scala/fp_in_scala/test.scala. Using presentation compiler with project's scala-library version: 3.3.8[0m
2026.08.01 22:50:42 INFO  no build target found for /Users/nilayshrivastava/Documents/programming_language/scala/learning_scala/fp_in_scala/test.scala. Using presentation compiler with project's scala-library version: 3.3.8[0m
2026.08.01 22:50:42 INFO  no build target found for /Users/nilayshrivastava/Documents/programming_language/scala/learning_scala/fp_in_scala/test.scala. Using presentation compiler with project's scala-library version: 3.3.8[0m
2026.08.01 22:50:42 INFO  no build target found for /Users/nilayshrivastava/Documents/programming_language/scala/learning_scala/fp_in_scala/test.scala. Using presentation compiler with project's scala-library version: 3.3.8[0m
2026.08.01 22:50:42 INFO  no build target found for /Users/nilayshrivastava/Documents/programming_language/scala/learning_scala/fp_in_scala/test.scala. Using presentation compiler with project's scala-library version: 3.3.8[0m
2026.08.01 22:50:42 INFO  no build target found for /Users/nilayshrivastava/Documents/programming_language/scala/learning_scala/fp_in_scala/test.scala. Using presentation compiler with project's scala-library version: 3.3.8[0m
2026.08.01 22:50:47 INFO  no build target found for /Users/nilayshrivastava/Documents/programming_language/scala/learning_scala/fp_in_scala/test.scala. Using presentation compiler with project's scala-library version: 3.3.8[0m
2026.08.01 22:50:47 INFO  no build target found for /Users/nilayshrivastava/Documents/programming_language/scala/learning_scala/fp_in_scala/test.scala. Using presentation compiler with project's scala-library version: 3.3.8[0m
2026.08.01 22:50:49 INFO  no build target found for /Users/nilayshrivastava/Documents/programming_language/scala/learning_scala/fp_in_scala/test.scala. Using presentation compiler with project's scala-library version: 3.3.8[0m
2026.08.01 22:50:49 INFO  no build target found for /Users/nilayshrivastava/Documents/programming_language/scala/learning_scala/fp_in_scala/test.scala. Using presentation compiler with project's scala-library version: 3.3.8[0m
2026.08.01 22:50:49 INFO  no build target found for /Users/nilayshrivastava/Documents/programming_language/scala/learning_scala/fp_in_scala/test.scala. Using presentation compiler with project's scala-library version: 3.3.8[0m
2026.08.01 22:50:49 INFO  no build target found for /Users/nilayshrivastava/Documents/programming_language/scala/learning_scala/fp_in_scala/test.scala. Using presentation compiler with project's scala-library version: 3.3.8[0m
2026.08.01 22:50:49 INFO  no build target found for /Users/nilayshrivastava/Documents/programming_language/scala/learning_scala/fp_in_scala/test.scala. Using presentation compiler with project's scala-library version: 3.3.8[0m
2026.08.01 22:50:50 INFO  no build target found for /Users/nilayshrivastava/Documents/programming_language/scala/learning_scala/fp_in_scala/test.scala. Using presentation compiler with project's scala-library version: 3.3.8[0m
2026.08.01 22:50:50 INFO  no build target found for /Users/nilayshrivastava/Documents/programming_language/scala/learning_scala/fp_in_scala/test.scala. Using presentation compiler with project's scala-library version: 3.3.8[0m
2026.08.01 22:50:50 INFO  no build target found for /Users/nilayshrivastava/Documents/programming_language/scala/learning_scala/fp_in_scala/test.scala. Using presentation compiler with project's scala-library version: 3.3.8[0m
2026.08.01 22:50:50 INFO  no build target found for /Users/nilayshrivastava/Documents/programming_language/scala/learning_scala/fp_in_scala/test.scala. Using presentation compiler with project's scala-library version: 3.3.8[0m
2026.08.01 22:50:50 INFO  no build target found for /Users/nilayshrivastava/Documents/programming_language/scala/learning_scala/fp_in_scala/test.scala. Using presentation compiler with project's scala-library version: 3.3.8[0m
2026.08.01 22:50:50 INFO  no build target found for /Users/nilayshrivastava/Documents/programming_language/scala/learning_scala/fp_in_scala/test.scala. Using presentation compiler with project's scala-library version: 3.3.8[0m
2026.08.01 22:50:50 INFO  no build target found for /Users/nilayshrivastava/Documents/programming_language/scala/learning_scala/fp_in_scala/test.scala. Using presentation compiler with project's scala-library version: 3.3.8[0m
2026.08.01 22:50:50 INFO  no build target found for /Users/nilayshrivastava/Documents/programming_language/scala/learning_scala/fp_in_scala/test.scala. Using presentation compiler with project's scala-library version: 3.3.8[0m
2026.08.01 22:50:50 INFO  no build target found for /Users/nilayshrivastava/Documents/programming_language/scala/learning_scala/fp_in_scala/test.scala. Using presentation compiler with project's scala-library version: 3.3.8[0m
2026.08.01 22:50:50 INFO  no build target found for /Users/nilayshrivastava/Documents/programming_language/scala/learning_scala/fp_in_scala/test.scala. Using presentation compiler with project's scala-library version: 3.3.8[0m
2026.08.01 22:50:50 INFO  no build target found for /Users/nilayshrivastava/Documents/programming_language/scala/learning_scala/fp_in_scala/test.scala. Using presentation compiler with project's scala-library version: 3.3.8[0m
2026.08.01 22:50:50 INFO  no build target found for /Users/nilayshrivastava/Documents/programming_language/scala/learning_scala/fp_in_scala/test.scala. Using presentation compiler with project's scala-library version: 3.3.8[0m
2026.08.01 22:50:50 INFO  no build target found for /Users/nilayshrivastava/Documents/programming_language/scala/learning_scala/fp_in_scala/test.scala. Using presentation compiler with project's scala-library version: 3.3.8[0m
2026.08.01 22:50:51 INFO  no build target found for /Users/nilayshrivastava/Documents/programming_language/scala/learning_scala/fp_in_scala/test.scala. Using presentation compiler with project's scala-library version: 3.3.8[0m
2026.08.01 22:50:51 INFO  no build target found for /Users/nilayshrivastava/Documents/programming_language/scala/learning_scala/fp_in_scala/test.scala. Using presentation compiler with project's scala-library version: 3.3.8[0m
2026.08.01 22:50:51 INFO  no build target found for /Users/nilayshrivastava/Documents/programming_language/scala/learning_scala/fp_in_scala/test.scala. Using presentation compiler with project's scala-library version: 3.3.8[0m
2026.08.01 22:50:51 INFO  no build target found for /Users/nilayshrivastava/Documents/programming_language/scala/learning_scala/fp_in_scala/test.scala. Using presentation compiler with project's scala-library version: 3.3.8[0m
2026.08.01 22:50:51 INFO  no build target found for /Users/nilayshrivastava/Documents/programming_language/scala/learning_scala/fp_in_scala/test.scala. Using presentation compiler with project's scala-library version: 3.3.8[0m
2026.08.01 22:50:51 INFO  no build target found for /Users/nilayshrivastava/Documents/programming_language/scala/learning_scala/fp_in_scala/test.scala. Using presentation compiler with project's scala-library version: 3.3.8[0m
2026.08.01 22:50:51 INFO  no build target found for /Users/nilayshrivastava/Documents/programming_language/scala/learning_scala/fp_in_scala/test.scala. Using presentation compiler with project's scala-library version: 3.3.8[0m
2026.08.01 22:50:51 INFO  no build target found for /Users/nilayshrivastava/Documents/programming_language/scala/learning_scala/fp_in_scala/test.scala. Using presentation compiler with project's scala-library version: 3.3.8[0m
2026.08.01 22:50:51 INFO  no build target found for /Users/nilayshrivastava/Documents/programming_language/scala/learning_scala/fp_in_scala/test.scala. Using presentation compiler with project's scala-library version: 3.3.8[0m
2026.08.01 22:50:51 INFO  no build target found for /Users/nilayshrivastava/Documents/programming_language/scala/learning_scala/fp_in_scala/test.scala. Using presentation compiler with project's scala-library version: 3.3.8[0m
2026.08.01 22:50:51 INFO  no build target found for /Users/nilayshrivastava/Documents/programming_language/scala/learning_scala/fp_in_scala/test.scala. Using presentation compiler with project's scala-library version: 3.3.8[0m
2026.08.01 22:50:51 INFO  no build target found for /Users/nilayshrivastava/Documents/programming_language/scala/learning_scala/fp_in_scala/test.scala. Using presentation compiler with project's scala-library version: 3.3.8[0m
2026.08.01 22:50:52 INFO  no build target found for /Users/nilayshrivastava/Documents/programming_language/scala/learning_scala/fp_in_scala/test.scala. Using presentation compiler with project's scala-library version: 3.3.8[0m
2026.08.01 22:50:52 INFO  no build target found for /Users/nilayshrivastava/Documents/programming_language/scala/learning_scala/fp_in_scala/test.scala. Using presentation compiler with project's scala-library version: 3.3.8[0m
2026.08.01 22:50:52 INFO  no build target found for /Users/nilayshrivastava/Documents/programming_language/scala/learning_scala/fp_in_scala/test.scala. Using presentation compiler with project's scala-library version: 3.3.8[0m
2026.08.01 22:50:52 INFO  no build target found for /Users/nilayshrivastava/Documents/programming_language/scala/learning_scala/fp_in_scala/test.scala. Using presentation compiler with project's scala-library version: 3.3.8[0m
2026.08.01 22:50:52 INFO  no build target found for /Users/nilayshrivastava/Documents/programming_language/scala/learning_scala/fp_in_scala/test.scala. Using presentation compiler with project's scala-library version: 3.3.8[0m
2026.08.01 22:50:54 INFO  no build target found for /Users/nilayshrivastava/Documents/programming_language/scala/learning_scala/fp_in_scala/test.scala. Using presentation compiler with project's scala-library version: 3.3.8[0m
2026.08.01 22:50:54 INFO  no build target found for /Users/nilayshrivastava/Documents/programming_language/scala/learning_scala/fp_in_scala/test.scala. Using presentation compiler with project's scala-library version: 3.3.8[0m
2026.08.01 22:50:54 INFO  no build target found for /Users/nilayshrivastava/Documents/programming_language/scala/learning_scala/fp_in_scala/test.scala. Using presentation compiler with project's scala-library version: 3.3.8[0m
2026.08.01 22:50:54 INFO  no build target found for /Users/nilayshrivastava/Documents/programming_language/scala/learning_scala/fp_in_scala/test.scala. Using presentation compiler with project's scala-library version: 3.3.8[0m
2026.08.01 22:50:54 INFO  no build target found for /Users/nilayshrivastava/Documents/programming_language/scala/learning_scala/fp_in_scala/test.scala. Using presentation compiler with project's scala-library version: 3.3.8[0m
2026.08.01 22:50:54 INFO  no build target found for /Users/nilayshrivastava/Documents/programming_language/scala/learning_scala/fp_in_scala/test.scala. Using presentation compiler with project's scala-library version: 3.3.8[0m
2026.08.01 22:50:55 INFO  no build target found for /Users/nilayshrivastava/Documents/programming_language/scala/learning_scala/fp_in_scala/test.scala. Using presentation compiler with project's scala-library version: 3.3.8[0m
2026.08.01 22:50:55 INFO  no build target found for /Users/nilayshrivastava/Documents/programming_language/scala/learning_scala/fp_in_scala/test.scala. Using presentation compiler with project's scala-library version: 3.3.8[0m
2026.08.01 22:50:56 INFO  no build target found for /Users/nilayshrivastava/Documents/programming_language/scala/learning_scala/fp_in_scala/test.scala. Using presentation compiler with project's scala-library version: 3.3.8[0m
2026.08.01 22:50:56 INFO  no build target found for /Users/nilayshrivastava/Documents/programming_language/scala/learning_scala/fp_in_scala/test.scala. Using presentation compiler with project's scala-library version: 3.3.8[0m
2026.08.01 22:50:56 INFO  no build target found for /Users/nilayshrivastava/Documents/programming_language/scala/learning_scala/fp_in_scala/test.scala. Using presentation compiler with project's scala-library version: 3.3.8[0m
2026.08.01 22:50:56 INFO  no build target found for /Users/nilayshrivastava/Documents/programming_language/scala/learning_scala/fp_in_scala/test.scala. Using presentation compiler with project's scala-library version: 3.3.8[0m
2026.08.01 22:50:56 INFO  no build target found for /Users/nilayshrivastava/Documents/programming_language/scala/learning_scala/fp_in_scala/test.scala. Using presentation compiler with project's scala-library version: 3.3.8[0m
2026.08.01 22:50:56 INFO  no build target found for /Users/nilayshrivastava/Documents/programming_language/scala/learning_scala/fp_in_scala/test.scala. Using presentation compiler with project's scala-library version: 3.3.8[0m
2026.08.01 22:51:04 ERROR Timeout waiting for 'build/initialize' response[0m
2026.08.01 22:51:04 ERROR Failed to connect with build server, no functionality will work.
java.util.concurrent.TimeoutException
	at java.util.concurrent.CompletableFuture.timedGet(CompletableFuture.java:1960)
	at java.util.concurrent.CompletableFuture.get(CompletableFuture.java:2095)
	at scala.meta.internal.metals.BuildServerConnection$.initialize(BuildServerConnection.scala:806)
	at scala.meta.internal.metals.BuildServerConnection$.$anonfun$fromSockets$1(BuildServerConnection.scala:658)
	at scala.concurrent.impl.Promise$Transformation.run(Promise.scala:500)
	at java.util.concurrent.ThreadPoolExecutor.runWorker(ThreadPoolExecutor.java:1136)
	at java.util.concurrent.ThreadPoolExecutor$Worker.run(ThreadPoolExecutor.java:635)
	at java.lang.Thread.run(Thread.java:840)
[0m
2026.08.01 22:51:08 INFO  no build target found for /Users/nilayshrivastava/Documents/programming_language/scala/learning_scala/fp_in_scala/test.scala. Using presentation compiler with project's scala-library version: 3.3.8[0m
2026.08.01 22:51:08 WARN  no build target for: /Users/nilayshrivastava/Documents/programming_language/scala/learning_scala/fp_in_scala/test.scala[0m
2026.08.01 22:52:19 WARN  no build target for: /Users/nilayshrivastava/Documents/programming_language/scala/learning_scala/fp_in_scala/test.scala[0m
2026.08.01 23:26:27 WARN  no build target for: /Users/nilayshrivastava/Documents/programming_language/scala/learning_scala/fp_in_scala/test.scala[0m
Aug 01, 2026 11:28:48 PM org.eclipse.lsp4j.jsonrpc.RemoteEndpoint handleNotification
WARNING: Notification threw an exception: {
  "jsonrpc": "2.0",
  "method": "textDocument/didOpen",
  "params": {
    "textDocument": {
      "uri": "file:///Users/nilayshrivastava/Documents/programming_language/scala/learning_scala/fp_in_scala/fib.scala",
      "languageId": "scala",
      "version": 1,
      "text": "\n"
    }
  }
}
java.lang.IllegalStateException: An unexpected exception occurred while executing jsonrpc method public abstract java.util.concurrent.CompletableFuture scala.meta.metals.lsp.TextDocumentService.didOpen(org.eclipse.lsp4j.DidOpenTextDocumentParams)
	at org.eclipse.lsp4j.jsonrpc.services.GenericEndpoint.lambda$recursiveFindRpcMethods$0(GenericEndpoint.java:73)
	at org.eclipse.lsp4j.jsonrpc.services.GenericEndpoint.notify(GenericEndpoint.java:160)
	at org.eclipse.lsp4j.jsonrpc.RemoteEndpoint.handleNotification(RemoteEndpoint.java:225)
	at org.eclipse.lsp4j.jsonrpc.RemoteEndpoint.consume(RemoteEndpoint.java:192)
	at org.eclipse.lsp4j.jsonrpc.json.StreamMessageProducer.handleMessage(StreamMessageProducer.java:189)
	at org.eclipse.lsp4j.jsonrpc.json.StreamMessageProducer.listen(StreamMessageProducer.java:97)
	at org.eclipse.lsp4j.jsonrpc.json.ConcurrentMessageProcessor.run(ConcurrentMessageProcessor.java:97)
	at java.base/java.util.concurrent.Executors$RunnableAdapter.call(Executors.java:539)
	at java.base/java.util.concurrent.FutureTask.run(FutureTask.java:264)
	at java.base/java.util.concurrent.ThreadPoolExecutor.runWorker(ThreadPoolExecutor.java:1136)
	at java.base/java.util.concurrent.ThreadPoolExecutor$Worker.run(ThreadPoolExecutor.java:635)
	at java.base/java.lang.Thread.run(Thread.java:840)
Caused by: java.nio.file.NoSuchFileException: /Users/nilayshrivastava/Documents/programming_language/scala/learning_scala/fp_in_scala/fib.scala
	at java.base/sun.nio.fs.UnixException.translateToIOException(UnixException.java:92)
	at java.base/sun.nio.fs.UnixException.rethrowAsIOException(UnixException.java:106)
	at java.base/sun.nio.fs.UnixException.rethrowAsIOException(UnixException.java:111)
	at java.base/sun.nio.fs.UnixFileSystemProvider.newByteChannel(UnixFileSystemProvider.java:218)
	at java.base/java.nio.file.Files.newByteChannel(Files.java:380)
	at java.base/java.nio.file.Files.newByteChannel(Files.java:432)
	at java.base/java.nio.file.Files.readAllBytes(Files.java:3288)
	at scala.meta.internal.io.PlatformFileIO$.slurp(PlatformFileIO.scala:38)
	at scala.meta.internal.io.FileIO$.slurp(FileIO.scala:18)
	at scala.meta.internal.metals.MetalsLspService.didOpen(MetalsLspService.scala:762)
	at scala.meta.internal.metals.WorkspaceLspService.didOpen(WorkspaceLspService.scala:476)
	at scala.meta.metals.lsp.DelegatingScalaService.didOpen(DelegatingScalaService.scala:38)
	at java.base/jdk.internal.reflect.NativeMethodAccessorImpl.invoke0(Native Method)
	at java.base/jdk.internal.reflect.NativeMethodAccessorImpl.invoke(NativeMethodAccessorImpl.java:77)
	at java.base/jdk.internal.reflect.DelegatingMethodAccessorImpl.invoke(DelegatingMethodAccessorImpl.java:43)
	at java.base/java.lang.reflect.Method.invoke(Method.java:569)
	at org.eclipse.lsp4j.jsonrpc.services.GenericEndpoint.lambda$recursiveFindRpcMethods$0(GenericEndpoint.java:65)
	... 11 more

2026.08.01 23:28:48 INFO  no build target found for /Users/nilayshrivastava/Documents/programming_language/scala/learning_scala/fp_in_scala/fib.scala. Using presentation compiler with project's scala-library version: 3.3.8[0m
2026.08.01 23:28:59 INFO  no build target found for /Users/nilayshrivastava/Documents/programming_language/scala/learning_scala/fp_in_scala/fib.scala. Using presentation compiler with project's scala-library version: 3.3.8[0m
2026.08.01 23:28:59 INFO  no build target found for /Users/nilayshrivastava/Documents/programming_language/scala/learning_scala/fp_in_scala/fib.scala. Using presentation compiler with project's scala-library version: 3.3.8[0m
2026.08.01 23:28:59 INFO  no build target found for /Users/nilayshrivastava/Documents/programming_language/scala/learning_scala/fp_in_scala/fib.scala. Using presentation compiler with project's scala-library version: 3.3.8[0m
2026.08.01 23:29:00 INFO  no build target found for /Users/nilayshrivastava/Documents/programming_language/scala/learning_scala/fp_in_scala/fib.scala. Using presentation compiler with project's scala-library version: 3.3.8[0m
2026.08.01 23:29:00 INFO  no build target found for /Users/nilayshrivastava/Documents/programming_language/scala/learning_scala/fp_in_scala/fib.scala. Using presentation compiler with project's scala-library version: 3.3.8[0m
2026.08.01 23:29:00 INFO  no build target found for /Users/nilayshrivastava/Documents/programming_language/scala/learning_scala/fp_in_scala/fib.scala. Using presentation compiler with project's scala-library version: 3.3.8[0m
2026.08.01 23:29:00 INFO  no build target found for /Users/nilayshrivastava/Documents/programming_language/scala/learning_scala/fp_in_scala/fib.scala. Using presentation compiler with project's scala-library version: 3.3.8[0m
2026.08.01 23:29:00 INFO  no build target found for /Users/nilayshrivastava/Documents/programming_language/scala/learning_scala/fp_in_scala/fib.scala. Using presentation compiler with project's scala-library version: 3.3.8[0m
2026.08.01 23:29:02 INFO  no build target found for /Users/nilayshrivastava/Documents/programming_language/scala/learning_scala/fp_in_scala/fib.scala. Using presentation compiler with project's scala-library version: 3.3.8[0m
2026.08.01 23:29:02 INFO  no build target found for /Users/nilayshrivastava/Documents/programming_language/scala/learning_scala/fp_in_scala/fib.scala. Using presentation compiler with project's scala-library version: 3.3.8[0m
2026.08.01 23:29:02 INFO  no build target found for /Users/nilayshrivastava/Documents/programming_language/scala/learning_scala/fp_in_scala/fib.scala. Using presentation compiler with project's scala-library version: 3.3.8[0m
2026.08.01 23:29:02 INFO  no build target found for /Users/nilayshrivastava/Documents/programming_language/scala/learning_scala/fp_in_scala/fib.scala. Using presentation compiler with project's scala-library version: 3.3.8[0m
2026.08.01 23:29:02 INFO  no build target found for /Users/nilayshrivastava/Documents/programming_language/scala/learning_scala/fp_in_scala/fib.scala. Using presentation compiler with project's scala-library version: 3.3.8[0m
2026.08.01 23:29:02 INFO  no build target found for /Users/nilayshrivastava/Documents/programming_language/scala/learning_scala/fp_in_scala/fib.scala. Using presentation compiler with project's scala-library version: 3.3.8[0m
2026.08.01 23:29:03 INFO  no build target found for /Users/nilayshrivastava/Documents/programming_language/scala/learning_scala/fp_in_scala/fib.scala. Using presentation compiler with project's scala-library version: 3.3.8[0m
2026.08.01 23:29:03 INFO  no build target found for /Users/nilayshrivastava/Documents/programming_language/scala/learning_scala/fp_in_scala/fib.scala. Using presentation compiler with project's scala-library version: 3.3.8[0m
2026.08.01 23:29:03 INFO  no build target found for /Users/nilayshrivastava/Documents/programming_language/scala/learning_scala/fp_in_scala/fib.scala. Using presentation compiler with project's scala-library version: 3.3.8[0m
2026.08.01 23:29:06 INFO  no build target found for /Users/nilayshrivastava/Documents/programming_language/scala/learning_scala/fp_in_scala/fib.scala. Using presentation compiler with project's scala-library version: 3.3.8[0m
2026.08.01 23:29:06 INFO  no build target found for /Users/nilayshrivastava/Documents/programming_language/scala/learning_scala/fp_in_scala/fib.scala. Using presentation compiler with project's scala-library version: 3.3.8[0m
2026.08.01 23:29:06 INFO  no build target found for /Users/nilayshrivastava/Documents/programming_language/scala/learning_scala/fp_in_scala/fib.scala. Using presentation compiler with project's scala-library version: 3.3.8[0m
2026.08.01 23:29:06 INFO  no build target found for /Users/nilayshrivastava/Documents/programming_language/scala/learning_scala/fp_in_scala/fib.scala. Using presentation compiler with project's scala-library version: 3.3.8[0m
2026.08.01 23:29:06 INFO  no build target found for /Users/nilayshrivastava/Documents/programming_language/scala/learning_scala/fp_in_scala/fib.scala. Using presentation compiler with project's scala-library version: 3.3.8[0m
2026.08.01 23:29:07 INFO  no build target found for /Users/nilayshrivastava/Documents/programming_language/scala/learning_scala/fp_in_scala/fib.scala. Using presentation compiler with project's scala-library version: 3.3.8[0m
2026.08.01 23:29:07 INFO  no build target found for /Users/nilayshrivastava/Documents/programming_language/scala/learning_scala/fp_in_scala/fib.scala. Using presentation compiler with project's scala-library version: 3.3.8[0m
2026.08.01 23:29:07 INFO  no build target found for /Users/nilayshrivastava/Documents/programming_language/scala/learning_scala/fp_in_scala/fib.scala. Using presentation compiler with project's scala-library version: 3.3.8[0m
2026.08.01 23:29:07 INFO  no build target found for /Users/nilayshrivastava/Documents/programming_language/scala/learning_scala/fp_in_scala/fib.scala. Using presentation compiler with project's scala-library version: 3.3.8[0m
2026.08.01 23:29:07 INFO  no build target found for /Users/nilayshrivastava/Documents/programming_language/scala/learning_scala/fp_in_scala/fib.scala. Using presentation compiler with project's scala-library version: 3.3.8[0m
2026.08.01 23:29:07 INFO  no build target found for /Users/nilayshrivastava/Documents/programming_language/scala/learning_scala/fp_in_scala/fib.scala. Using presentation compiler with project's scala-library version: 3.3.8[0m
2026.08.01 23:29:07 INFO  no build target found for /Users/nilayshrivastava/Documents/programming_language/scala/learning_scala/fp_in_scala/fib.scala. Using presentation compiler with project's scala-library version: 3.3.8[0m
2026.08.01 23:29:07 INFO  no build target found for /Users/nilayshrivastava/Documents/programming_language/scala/learning_scala/fp_in_scala/fib.scala. Using presentation compiler with project's scala-library version: 3.3.8[0m
2026.08.01 23:29:07 INFO  no build target found for /Users/nilayshrivastava/Documents/programming_language/scala/learning_scala/fp_in_scala/fib.scala. Using presentation compiler with project's scala-library version: 3.3.8[0m
2026.08.01 23:29:07 INFO  no build target found for /Users/nilayshrivastava/Documents/programming_language/scala/learning_scala/fp_in_scala/fib.scala. Using presentation compiler with project's scala-library version: 3.3.8[0m
2026.08.01 23:29:07 INFO  no build target found for /Users/nilayshrivastava/Documents/programming_language/scala/learning_scala/fp_in_scala/fib.scala. Using presentation compiler with project's scala-library version: 3.3.8[0m
2026.08.01 23:29:07 INFO  no build target found for /Users/nilayshrivastava/Documents/programming_language/scala/learning_scala/fp_in_scala/fib.scala. Using presentation compiler with project's scala-library version: 3.3.8[0m
2026.08.01 23:29:07 INFO  no build target found for /Users/nilayshrivastava/Documents/programming_language/scala/learning_scala/fp_in_scala/fib.scala. Using presentation compiler with project's scala-library version: 3.3.8[0m
2026.08.01 23:29:07 INFO  no build target found for /Users/nilayshrivastava/Documents/programming_language/scala/learning_scala/fp_in_scala/fib.scala. Using presentation compiler with project's scala-library version: 3.3.8[0m
2026.08.01 23:29:08 INFO  no build target found for /Users/nilayshrivastava/Documents/programming_language/scala/learning_scala/fp_in_scala/fib.scala. Using presentation compiler with project's scala-library version: 3.3.8[0m
2026.08.01 23:29:08 INFO  no build target found for /Users/nilayshrivastava/Documents/programming_language/scala/learning_scala/fp_in_scala/fib.scala. Using presentation compiler with project's scala-library version: 3.3.8[0m
2026.08.01 23:29:08 INFO  no build target found for /Users/nilayshrivastava/Documents/programming_language/scala/learning_scala/fp_in_scala/fib.scala. Using presentation compiler with project's scala-library version: 3.3.8[0m
2026.08.01 23:29:09 INFO  no build target found for /Users/nilayshrivastava/Documents/programming_language/scala/learning_scala/fp_in_scala/fib.scala. Using presentation compiler with project's scala-library version: 3.3.8[0m
2026.08.01 23:29:09 INFO  no build target found for /Users/nilayshrivastava/Documents/programming_language/scala/learning_scala/fp_in_scala/fib.scala. Using presentation compiler with project's scala-library version: 3.3.8[0m
2026.08.01 23:29:09 INFO  no build target found for /Users/nilayshrivastava/Documents/programming_language/scala/learning_scala/fp_in_scala/fib.scala. Using presentation compiler with project's scala-library version: 3.3.8[0m
2026.08.01 23:29:09 INFO  no build target found for /Users/nilayshrivastava/Documents/programming_language/scala/learning_scala/fp_in_scala/fib.scala. Using presentation compiler with project's scala-library version: 3.3.8[0m
2026.08.01 23:29:09 INFO  no build target found for /Users/nilayshrivastava/Documents/programming_language/scala/learning_scala/fp_in_scala/fib.scala. Using presentation compiler with project's scala-library version: 3.3.8[0m
2026.08.01 23:29:10 INFO  no build target found for /Users/nilayshrivastava/Documents/programming_language/scala/learning_scala/fp_in_scala/fib.scala. Using presentation compiler with project's scala-library version: 3.3.8[0m
2026.08.01 23:29:10 INFO  no build target found for /Users/nilayshrivastava/Documents/programming_language/scala/learning_scala/fp_in_scala/fib.scala. Using presentation compiler with project's scala-library version: 3.3.8[0m
2026.08.01 23:29:10 INFO  no build target found for /Users/nilayshrivastava/Documents/programming_language/scala/learning_scala/fp_in_scala/fib.scala. Using presentation compiler with project's scala-library version: 3.3.8[0m
2026.08.01 23:29:10 INFO  no build target found for /Users/nilayshrivastava/Documents/programming_language/scala/learning_scala/fp_in_scala/fib.scala. Using presentation compiler with project's scala-library version: 3.3.8[0m
2026.08.01 23:29:10 INFO  no build target found for /Users/nilayshrivastava/Documents/programming_language/scala/learning_scala/fp_in_scala/fib.scala. Using presentation compiler with project's scala-library version: 3.3.8[0m
2026.08.01 23:29:10 INFO  no build target found for /Users/nilayshrivastava/Documents/programming_language/scala/learning_scala/fp_in_scala/fib.scala. Using presentation compiler with project's scala-library version: 3.3.8[0m
2026.08.01 23:29:10 INFO  no build target found for /Users/nilayshrivastava/Documents/programming_language/scala/learning_scala/fp_in_scala/fib.scala. Using presentation compiler with project's scala-library version: 3.3.8[0m
2026.08.01 23:29:10 INFO  no build target found for /Users/nilayshrivastava/Documents/programming_language/scala/learning_scala/fp_in_scala/fib.scala. Using presentation compiler with project's scala-library version: 3.3.8[0m
2026.08.01 23:29:10 INFO  no build target found for /Users/nilayshrivastava/Documents/programming_language/scala/learning_scala/fp_in_scala/fib.scala. Using presentation compiler with project's scala-library version: 3.3.8[0m
2026.08.01 23:29:10 INFO  no build target found for /Users/nilayshrivastava/Documents/programming_language/scala/learning_scala/fp_in_scala/fib.scala. Using presentation compiler with project's scala-library version: 3.3.8[0m
2026.08.01 23:29:10 INFO  no build target found for /Users/nilayshrivastava/Documents/programming_language/scala/learning_scala/fp_in_scala/fib.scala. Using presentation compiler with project's scala-library version: 3.3.8[0m
2026.08.01 23:29:10 INFO  no build target found for /Users/nilayshrivastava/Documents/programming_language/scala/learning_scala/fp_in_scala/fib.scala. Using presentation compiler with project's scala-library version: 3.3.8[0m
2026.08.01 23:29:12 INFO  no build target found for /Users/nilayshrivastava/Documents/programming_language/scala/learning_scala/fp_in_scala/fib.scala. Using presentation compiler with project's scala-library version: 3.3.8[0m
2026.08.01 23:29:12 INFO  no build target found for /Users/nilayshrivastava/Documents/programming_language/scala/learning_scala/fp_in_scala/fib.scala. Using presentation compiler with project's scala-library version: 3.3.8[0m
2026.08.01 23:29:12 INFO  no build target found for /Users/nilayshrivastava/Documents/programming_language/scala/learning_scala/fp_in_scala/fib.scala. Using presentation compiler with project's scala-library version: 3.3.8[0m
2026.08.01 23:29:12 INFO  no build target found for /Users/nilayshrivastava/Documents/programming_language/scala/learning_scala/fp_in_scala/fib.scala. Using presentation compiler with project's scala-library version: 3.3.8[0m
2026.08.01 23:29:12 INFO  no build target found for /Users/nilayshrivastava/Documents/programming_language/scala/learning_scala/fp_in_scala/fib.scala. Using presentation compiler with project's scala-library version: 3.3.8[0m
2026.08.01 23:29:12 INFO  no build target found for /Users/nilayshrivastava/Documents/programming_language/scala/learning_scala/fp_in_scala/fib.scala. Using presentation compiler with project's scala-library version: 3.3.8[0m
2026.08.01 23:29:14 INFO  no build target found for /Users/nilayshrivastava/Documents/programming_language/scala/learning_scala/fp_in_scala/fib.scala. Using presentation compiler with project's scala-library version: 3.3.8[0m
2026.08.01 23:29:14 INFO  no build target found for /Users/nilayshrivastava/Documents/programming_language/scala/learning_scala/fp_in_scala/fib.scala. Using presentation compiler with project's scala-library version: 3.3.8[0m
2026.08.01 23:29:16 INFO  no build target found for /Users/nilayshrivastava/Documents/programming_language/scala/learning_scala/fp_in_scala/fib.scala. Using presentation compiler with project's scala-library version: 3.3.8[0m
2026.08.01 23:29:17 INFO  no build target found for /Users/nilayshrivastava/Documents/programming_language/scala/learning_scala/fp_in_scala/fib.scala. Using presentation compiler with project's scala-library version: 3.3.8[0m
2026.08.01 23:29:17 INFO  no build target found for /Users/nilayshrivastava/Documents/programming_language/scala/learning_scala/fp_in_scala/fib.scala. Using presentation compiler with project's scala-library version: 3.3.8[0m
2026.08.01 23:29:17 INFO  no build target found for /Users/nilayshrivastava/Documents/programming_language/scala/learning_scala/fp_in_scala/fib.scala. Using presentation compiler with project's scala-library version: 3.3.8[0m
2026.08.01 23:29:17 INFO  no build target found for /Users/nilayshrivastava/Documents/programming_language/scala/learning_scala/fp_in_scala/fib.scala. Using presentation compiler with project's scala-library version: 3.3.8[0m
2026.08.01 23:29:33 INFO  no build target found for /Users/nilayshrivastava/Documents/programming_language/scala/learning_scala/fp_in_scala/fib.scala. Using presentation compiler with project's scala-library version: 3.3.8[0m
2026.08.01 23:29:33 INFO  no build target found for /Users/nilayshrivastava/Documents/programming_language/scala/learning_scala/fp_in_scala/fib.scala. Using presentation compiler with project's scala-library version: 3.3.8[0m
2026.08.01 23:29:33 INFO  no build target found for /Users/nilayshrivastava/Documents/programming_language/scala/learning_scala/fp_in_scala/fib.scala. Using presentation compiler with project's scala-library version: 3.3.8[0m
2026.08.01 23:29:33 INFO  no build target found for /Users/nilayshrivastava/Documents/programming_language/scala/learning_scala/fp_in_scala/fib.scala. Using presentation compiler with project's scala-library version: 3.3.8[0m
2026.08.01 23:29:33 INFO  no build target found for /Users/nilayshrivastava/Documents/programming_language/scala/learning_scala/fp_in_scala/fib.scala. Using presentation compiler with project's scala-library version: 3.3.8[0m
2026.08.01 23:29:33 INFO  no build target found for /Users/nilayshrivastava/Documents/programming_language/scala/learning_scala/fp_in_scala/fib.scala. Using presentation compiler with project's scala-library version: 3.3.8[0m
2026.08.01 23:29:33 INFO  no build target found for /Users/nilayshrivastava/Documents/programming_language/scala/learning_scala/fp_in_scala/fib.scala. Using presentation compiler with project's scala-library version: 3.3.8[0m
2026.08.01 23:29:33 INFO  no build target found for /Users/nilayshrivastava/Documents/programming_language/scala/learning_scala/fp_in_scala/fib.scala. Using presentation compiler with project's scala-library version: 3.3.8[0m
2026.08.01 23:29:33 INFO  no build target found for /Users/nilayshrivastava/Documents/programming_language/scala/learning_scala/fp_in_scala/fib.scala. Using presentation compiler with project's scala-library version: 3.3.8[0m
2026.08.01 23:29:33 INFO  no build target found for /Users/nilayshrivastava/Documents/programming_language/scala/learning_scala/fp_in_scala/fib.scala. Using presentation compiler with project's scala-library version: 3.3.8[0m
2026.08.01 23:29:35 INFO  no build target found for /Users/nilayshrivastava/Documents/programming_language/scala/learning_scala/fp_in_scala/fib.scala. Using presentation compiler with project's scala-library version: 3.3.8[0m
2026.08.01 23:29:35 INFO  no build target found for /Users/nilayshrivastava/Documents/programming_language/scala/learning_scala/fp_in_scala/fib.scala. Using presentation compiler with project's scala-library version: 3.3.8[0m
2026.08.01 23:29:35 INFO  no build target found for /Users/nilayshrivastava/Documents/programming_language/scala/learning_scala/fp_in_scala/fib.scala. Using presentation compiler with project's scala-library version: 3.3.8[0m
2026.08.01 23:29:35 INFO  no build target found for /Users/nilayshrivastava/Documents/programming_language/scala/learning_scala/fp_in_scala/fib.scala. Using presentation compiler with project's scala-library version: 3.3.8[0m
2026.08.01 23:29:36 INFO  no build target found for /Users/nilayshrivastava/Documents/programming_language/scala/learning_scala/fp_in_scala/fib.scala. Using presentation compiler with project's scala-library version: 3.3.8[0m
2026.08.01 23:29:36 INFO  no build target found for /Users/nilayshrivastava/Documents/programming_language/scala/learning_scala/fp_in_scala/fib.scala. Using presentation compiler with project's scala-library version: 3.3.8[0m
2026.08.01 23:29:36 INFO  no build target found for /Users/nilayshrivastava/Documents/programming_language/scala/learning_scala/fp_in_scala/fib.scala. Using presentation compiler with project's scala-library version: 3.3.8[0m
2026.08.01 23:29:36 INFO  no build target found for /Users/nilayshrivastava/Documents/programming_language/scala/learning_scala/fp_in_scala/fib.scala. Using presentation compiler with project's scala-library version: 3.3.8[0m
2026.08.01 23:29:36 INFO  no build target found for /Users/nilayshrivastava/Documents/programming_language/scala/learning_scala/fp_in_scala/fib.scala. Using presentation compiler with project's scala-library version: 3.3.8[0m
2026.08.01 23:29:36 INFO  no build target found for /Users/nilayshrivastava/Documents/programming_language/scala/learning_scala/fp_in_scala/fib.scala. Using presentation compiler with project's scala-library version: 3.3.8[0m
2026.08.01 23:29:36 INFO  no build target found for /Users/nilayshrivastava/Documents/programming_language/scala/learning_scala/fp_in_scala/fib.scala. Using presentation compiler with project's scala-library version: 3.3.8[0m
2026.08.01 23:29:37 INFO  no build target found for /Users/nilayshrivastava/Documents/programming_language/scala/learning_scala/fp_in_scala/fib.scala. Using presentation compiler with project's scala-library version: 3.3.8[0m
2026.08.01 23:29:37 INFO  no build target found for /Users/nilayshrivastava/Documents/programming_language/scala/learning_scala/fp_in_scala/fib.scala. Using presentation compiler with project's scala-library version: 3.3.8[0m
2026.08.01 23:29:37 INFO  no build target found for /Users/nilayshrivastava/Documents/programming_language/scala/learning_scala/fp_in_scala/fib.scala. Using presentation compiler with project's scala-library version: 3.3.8[0m
2026.08.01 23:29:37 INFO  no build target found for /Users/nilayshrivastava/Documents/programming_language/scala/learning_scala/fp_in_scala/fib.scala. Using presentation compiler with project's scala-library version: 3.3.8[0m
2026.08.01 23:29:37 INFO  no build target found for /Users/nilayshrivastava/Documents/programming_language/scala/learning_scala/fp_in_scala/fib.scala. Using presentation compiler with project's scala-library version: 3.3.8[0m
2026.08.01 23:29:37 INFO  no build target found for /Users/nilayshrivastava/Documents/programming_language/scala/learning_scala/fp_in_scala/fib.scala. Using presentation compiler with project's scala-library version: 3.3.8[0m
2026.08.01 23:29:37 INFO  no build target found for /Users/nilayshrivastava/Documents/programming_language/scala/learning_scala/fp_in_scala/fib.scala. Using presentation compiler with project's scala-library version: 3.3.8[0m
2026.08.01 23:29:37 INFO  no build target found for /Users/nilayshrivastava/Documents/programming_language/scala/learning_scala/fp_in_scala/fib.scala. Using presentation compiler with project's scala-library version: 3.3.8[0m
2026.08.01 23:29:37 INFO  no build target found for /Users/nilayshrivastava/Documents/programming_language/scala/learning_scala/fp_in_scala/fib.scala. Using presentation compiler with project's scala-library version: 3.3.8[0m
2026.08.01 23:29:39 INFO  no build target found for /Users/nilayshrivastava/Documents/programming_language/scala/learning_scala/fp_in_scala/fib.scala. Using presentation compiler with project's scala-library version: 3.3.8[0m
2026.08.01 23:29:39 INFO  no build target found for /Users/nilayshrivastava/Documents/programming_language/scala/learning_scala/fp_in_scala/fib.scala. Using presentation compiler with project's scala-library version: 3.3.8[0m
2026.08.01 23:29:39 INFO  no build target found for /Users/nilayshrivastava/Documents/programming_language/scala/learning_scala/fp_in_scala/fib.scala. Using presentation compiler with project's scala-library version: 3.3.8[0m
2026.08.01 23:29:47 INFO  no build target found for /Users/nilayshrivastava/Documents/programming_language/scala/learning_scala/fp_in_scala/fib.scala. Using presentation compiler with project's scala-library version: 3.3.8[0m
2026.08.01 23:29:47 INFO  no build target found for /Users/nilayshrivastava/Documents/programming_language/scala/learning_scala/fp_in_scala/fib.scala. Using presentation compiler with project's scala-library version: 3.3.8[0m
2026.08.01 23:29:47 INFO  no build target found for /Users/nilayshrivastava/Documents/programming_language/scala/learning_scala/fp_in_scala/fib.scala. Using presentation compiler with project's scala-library version: 3.3.8[0m
2026.08.01 23:29:49 INFO  no build target found for /Users/nilayshrivastava/Documents/programming_language/scala/learning_scala/fp_in_scala/fib.scala. Using presentation compiler with project's scala-library version: 3.3.8[0m
2026.08.01 23:29:49 INFO  no build target found for /Users/nilayshrivastava/Documents/programming_language/scala/learning_scala/fp_in_scala/fib.scala. Using presentation compiler with project's scala-library version: 3.3.8[0m
2026.08.01 23:29:49 INFO  no build target found for /Users/nilayshrivastava/Documents/programming_language/scala/learning_scala/fp_in_scala/fib.scala. Using presentation compiler with project's scala-library version: 3.3.8[0m
2026.08.01 23:29:51 INFO  no build target found for /Users/nilayshrivastava/Documents/programming_language/scala/learning_scala/fp_in_scala/fib.scala. Using presentation compiler with project's scala-library version: 3.3.8[0m
2026.08.01 23:29:51 INFO  no build target found for /Users/nilayshrivastava/Documents/programming_language/scala/learning_scala/fp_in_scala/fib.scala. Using presentation compiler with project's scala-library version: 3.3.8[0m
2026.08.01 23:29:51 INFO  no build target found for /Users/nilayshrivastava/Documents/programming_language/scala/learning_scala/fp_in_scala/fib.scala. Using presentation compiler with project's scala-library version: 3.3.8[0m
2026.08.01 23:29:52 INFO  no build target found for /Users/nilayshrivastava/Documents/programming_language/scala/learning_scala/fp_in_scala/fib.scala. Using presentation compiler with project's scala-library version: 3.3.8[0m
2026.08.01 23:29:52 INFO  no build target found for /Users/nilayshrivastava/Documents/programming_language/scala/learning_scala/fp_in_scala/fib.scala. Using presentation compiler with project's scala-library version: 3.3.8[0m
2026.08.01 23:29:52 INFO  no build target found for /Users/nilayshrivastava/Documents/programming_language/scala/learning_scala/fp_in_scala/fib.scala. Using presentation compiler with project's scala-library version: 3.3.8[0m
2026.08.01 23:29:52 INFO  no build target found for /Users/nilayshrivastava/Documents/programming_language/scala/learning_scala/fp_in_scala/fib.scala. Using presentation compiler with project's scala-library version: 3.3.8[0m
2026.08.01 23:29:52 INFO  no build target found for /Users/nilayshrivastava/Documents/programming_language/scala/learning_scala/fp_in_scala/fib.scala. Using presentation compiler with project's scala-library version: 3.3.8[0m
2026.08.01 23:29:52 INFO  no build target found for /Users/nilayshrivastava/Documents/programming_language/scala/learning_scala/fp_in_scala/fib.scala. Using presentation compiler with project's scala-library version: 3.3.8[0m
2026.08.01 23:29:52 INFO  no build target found for /Users/nilayshrivastava/Documents/programming_language/scala/learning_scala/fp_in_scala/fib.scala. Using presentation compiler with project's scala-library version: 3.3.8[0m
2026.08.01 23:29:52 INFO  no build target found for /Users/nilayshrivastava/Documents/programming_language/scala/learning_scala/fp_in_scala/fib.scala. Using presentation compiler with project's scala-library version: 3.3.8[0m
2026.08.01 23:29:52 INFO  no build target found for /Users/nilayshrivastava/Documents/programming_language/scala/learning_scala/fp_in_scala/fib.scala. Using presentation compiler with project's scala-library version: 3.3.8[0m
2026.08.01 23:29:55 INFO  no build target found for /Users/nilayshrivastava/Documents/programming_language/scala/learning_scala/fp_in_scala/fib.scala. Using presentation compiler with project's scala-library version: 3.3.8[0m
2026.08.01 23:29:55 INFO  no build target found for /Users/nilayshrivastava/Documents/programming_language/scala/learning_scala/fp_in_scala/fib.scala. Using presentation compiler with project's scala-library version: 3.3.8[0m
2026.08.01 23:29:56 INFO  no build target found for /Users/nilayshrivastava/Documents/programming_language/scala/learning_scala/fp_in_scala/fib.scala. Using presentation compiler with project's scala-library version: 3.3.8[0m
2026.08.01 23:29:57 INFO  no build target found for /Users/nilayshrivastava/Documents/programming_language/scala/learning_scala/fp_in_scala/fib.scala. Using presentation compiler with project's scala-library version: 3.3.8[0m
2026.08.01 23:29:57 INFO  no build target found for /Users/nilayshrivastava/Documents/programming_language/scala/learning_scala/fp_in_scala/fib.scala. Using presentation compiler with project's scala-library version: 3.3.8[0m
2026.08.01 23:29:57 INFO  no build target found for /Users/nilayshrivastava/Documents/programming_language/scala/learning_scala/fp_in_scala/fib.scala. Using presentation compiler with project's scala-library version: 3.3.8[0m
2026.08.01 23:29:57 INFO  no build target found for /Users/nilayshrivastava/Documents/programming_language/scala/learning_scala/fp_in_scala/fib.scala. Using presentation compiler with project's scala-library version: 3.3.8[0m
2026.08.01 23:29:57 INFO  no build target found for /Users/nilayshrivastava/Documents/programming_language/scala/learning_scala/fp_in_scala/fib.scala. Using presentation compiler with project's scala-library version: 3.3.8[0m
2026.08.01 23:29:57 INFO  no build target found for /Users/nilayshrivastava/Documents/programming_language/scala/learning_scala/fp_in_scala/fib.scala. Using presentation compiler with project's scala-library version: 3.3.8[0m
2026.08.01 23:29:57 INFO  no build target found for /Users/nilayshrivastava/Documents/programming_language/scala/learning_scala/fp_in_scala/fib.scala. Using presentation compiler with project's scala-library version: 3.3.8[0m
2026.08.01 23:29:59 INFO  no build target found for /Users/nilayshrivastava/Documents/programming_language/scala/learning_scala/fp_in_scala/fib.scala. Using presentation compiler with project's scala-library version: 3.3.8[0m
2026.08.01 23:29:59 INFO  no build target found for /Users/nilayshrivastava/Documents/programming_language/scala/learning_scala/fp_in_scala/fib.scala. Using presentation compiler with project's scala-library version: 3.3.8[0m
2026.08.01 23:30:00 INFO  no build target found for /Users/nilayshrivastava/Documents/programming_language/scala/learning_scala/fp_in_scala/fib.scala. Using presentation compiler with project's scala-library version: 3.3.8[0m
2026.08.01 23:30:00 INFO  no build target found for /Users/nilayshrivastava/Documents/programming_language/scala/learning_scala/fp_in_scala/fib.scala. Using presentation compiler with project's scala-library version: 3.3.8[0m
2026.08.01 23:30:02 INFO  no build target found for /Users/nilayshrivastava/Documents/programming_language/scala/learning_scala/fp_in_scala/fib.scala. Using presentation compiler with project's scala-library version: 3.3.8[0m
2026.08.01 23:30:02 INFO  no build target found for /Users/nilayshrivastava/Documents/programming_language/scala/learning_scala/fp_in_scala/fib.scala. Using presentation compiler with project's scala-library version: 3.3.8[0m
2026.08.01 23:30:02 INFO  no build target found for /Users/nilayshrivastava/Documents/programming_language/scala/learning_scala/fp_in_scala/fib.scala. Using presentation compiler with project's scala-library version: 3.3.8[0m
2026.08.01 23:30:02 INFO  no build target found for /Users/nilayshrivastava/Documents/programming_language/scala/learning_scala/fp_in_scala/fib.scala. Using presentation compiler with project's scala-library version: 3.3.8[0m
2026.08.01 23:30:02 INFO  no build target found for /Users/nilayshrivastava/Documents/programming_language/scala/learning_scala/fp_in_scala/fib.scala. Using presentation compiler with project's scala-library version: 3.3.8[0m
2026.08.01 23:30:02 INFO  no build target found for /Users/nilayshrivastava/Documents/programming_language/scala/learning_scala/fp_in_scala/fib.scala. Using presentation compiler with project's scala-library version: 3.3.8[0m
2026.08.01 23:30:03 INFO  no build target found for /Users/nilayshrivastava/Documents/programming_language/scala/learning_scala/fp_in_scala/fib.scala. Using presentation compiler with project's scala-library version: 3.3.8[0m
2026.08.01 23:30:03 INFO  no build target found for /Users/nilayshrivastava/Documents/programming_language/scala/learning_scala/fp_in_scala/fib.scala. Using presentation compiler with project's scala-library version: 3.3.8[0m
2026.08.01 23:30:57 INFO  no build target found for /Users/nilayshrivastava/Documents/programming_language/scala/learning_scala/fp_in_scala/fib.scala. Using presentation compiler with project's scala-library version: 3.3.8[0m
2026.08.01 23:30:57 INFO  no build target found for /Users/nilayshrivastava/Documents/programming_language/scala/learning_scala/fp_in_scala/fib.scala. Using presentation compiler with project's scala-library version: 3.3.8[0m
2026.08.01 23:30:57 INFO  no build target found for /Users/nilayshrivastava/Documents/programming_language/scala/learning_scala/fp_in_scala/fib.scala. Using presentation compiler with project's scala-library version: 3.3.8[0m
2026.08.01 23:30:57 INFO  no build target found for /Users/nilayshrivastava/Documents/programming_language/scala/learning_scala/fp_in_scala/fib.scala. Using presentation compiler with project's scala-library version: 3.3.8[0m
2026.08.01 23:30:57 INFO  no build target found for /Users/nilayshrivastava/Documents/programming_language/scala/learning_scala/fp_in_scala/fib.scala. Using presentation compiler with project's scala-library version: 3.3.8[0m
2026.08.01 23:30:57 INFO  no build target found for /Users/nilayshrivastava/Documents/programming_language/scala/learning_scala/fp_in_scala/fib.scala. Using presentation compiler with project's scala-library version: 3.3.8[0m
2026.08.01 23:30:57 INFO  no build target found for /Users/nilayshrivastava/Documents/programming_language/scala/learning_scala/fp_in_scala/fib.scala. Using presentation compiler with project's scala-library version: 3.3.8[0m
2026.08.01 23:30:57 INFO  no build target found for /Users/nilayshrivastava/Documents/programming_language/scala/learning_scala/fp_in_scala/fib.scala. Using presentation compiler with project's scala-library version: 3.3.8[0m
2026.08.01 23:30:57 INFO  no build target found for /Users/nilayshrivastava/Documents/programming_language/scala/learning_scala/fp_in_scala/fib.scala. Using presentation compiler with project's scala-library version: 3.3.8[0m
2026.08.01 23:30:58 INFO  no build target found for /Users/nilayshrivastava/Documents/programming_language/scala/learning_scala/fp_in_scala/fib.scala. Using presentation compiler with project's scala-library version: 3.3.8[0m
2026.08.01 23:30:58 INFO  no build target found for /Users/nilayshrivastava/Documents/programming_language/scala/learning_scala/fp_in_scala/fib.scala. Using presentation compiler with project's scala-library version: 3.3.8[0m
2026.08.01 23:30:58 INFO  no build target found for /Users/nilayshrivastava/Documents/programming_language/scala/learning_scala/fp_in_scala/fib.scala. Using presentation compiler with project's scala-library version: 3.3.8[0m
2026.08.01 23:30:58 INFO  no build target found for /Users/nilayshrivastava/Documents/programming_language/scala/learning_scala/fp_in_scala/fib.scala. Using presentation compiler with project's scala-library version: 3.3.8[0m
2026.08.01 23:31:11 INFO  no build target found for /Users/nilayshrivastava/Documents/programming_language/scala/learning_scala/fp_in_scala/fib.scala. Using presentation compiler with project's scala-library version: 3.3.8[0m
2026.08.01 23:31:11 INFO  no build target found for /Users/nilayshrivastava/Documents/programming_language/scala/learning_scala/fp_in_scala/fib.scala. Using presentation compiler with project's scala-library version: 3.3.8[0m
2026.08.01 23:31:11 INFO  no build target found for /Users/nilayshrivastava/Documents/programming_language/scala/learning_scala/fp_in_scala/fib.scala. Using presentation compiler with project's scala-library version: 3.3.8[0m
2026.08.01 23:31:11 INFO  no build target found for /Users/nilayshrivastava/Documents/programming_language/scala/learning_scala/fp_in_scala/fib.scala. Using presentation compiler with project's scala-library version: 3.3.8[0m
2026.08.01 23:31:11 INFO  no build target found for /Users/nilayshrivastava/Documents/programming_language/scala/learning_scala/fp_in_scala/fib.scala. Using presentation compiler with project's scala-library version: 3.3.8[0m
2026.08.01 23:31:11 INFO  no build target found for /Users/nilayshrivastava/Documents/programming_language/scala/learning_scala/fp_in_scala/fib.scala. Using presentation compiler with project's scala-library version: 3.3.8[0m
2026.08.01 23:31:11 INFO  no build target found for /Users/nilayshrivastava/Documents/programming_language/scala/learning_scala/fp_in_scala/fib.scala. Using presentation compiler with project's scala-library version: 3.3.8[0m
2026.08.01 23:31:13 INFO  no build target found for /Users/nilayshrivastava/Documents/programming_language/scala/learning_scala/fp_in_scala/fib.scala. Using presentation compiler with project's scala-library version: 3.3.8[0m
2026.08.01 23:31:13 INFO  no build target found for /Users/nilayshrivastava/Documents/programming_language/scala/learning_scala/fp_in_scala/fib.scala. Using presentation compiler with project's scala-library version: 3.3.8[0m
2026.08.01 23:31:13 INFO  no build target found for /Users/nilayshrivastava/Documents/programming_language/scala/learning_scala/fp_in_scala/fib.scala. Using presentation compiler with project's scala-library version: 3.3.8[0m
2026.08.01 23:31:41 INFO  no build target found for /Users/nilayshrivastava/Documents/programming_language/scala/learning_scala/fp_in_scala/fib.scala. Using presentation compiler with project's scala-library version: 3.3.8[0m
2026.08.01 23:31:41 INFO  no build target found for /Users/nilayshrivastava/Documents/programming_language/scala/learning_scala/fp_in_scala/fib.scala. Using presentation compiler with project's scala-library version: 3.3.8[0m
2026.08.01 23:31:41 INFO  no build target found for /Users/nilayshrivastava/Documents/programming_language/scala/learning_scala/fp_in_scala/fib.scala. Using presentation compiler with project's scala-library version: 3.3.8[0m
2026.08.01 23:31:41 INFO  no build target found for /Users/nilayshrivastava/Documents/programming_language/scala/learning_scala/fp_in_scala/fib.scala. Using presentation compiler with project's scala-library version: 3.3.8[0m
2026.08.01 23:31:41 INFO  no build target found for /Users/nilayshrivastava/Documents/programming_language/scala/learning_scala/fp_in_scala/fib.scala. Using presentation compiler with project's scala-library version: 3.3.8[0m
2026.08.01 23:31:41 INFO  no build target found for /Users/nilayshrivastava/Documents/programming_language/scala/learning_scala/fp_in_scala/fib.scala. Using presentation compiler with project's scala-library version: 3.3.8[0m
2026.08.01 23:31:41 INFO  no build target found for /Users/nilayshrivastava/Documents/programming_language/scala/learning_scala/fp_in_scala/fib.scala. Using presentation compiler with project's scala-library version: 3.3.8[0m
2026.08.01 23:31:41 INFO  no build target found for /Users/nilayshrivastava/Documents/programming_language/scala/learning_scala/fp_in_scala/fib.scala. Using presentation compiler with project's scala-library version: 3.3.8[0m
2026.08.01 23:31:41 INFO  no build target found for /Users/nilayshrivastava/Documents/programming_language/scala/learning_scala/fp_in_scala/fib.scala. Using presentation compiler with project's scala-library version: 3.3.8[0m
2026.08.01 23:31:42 INFO  no build target found for /Users/nilayshrivastava/Documents/programming_language/scala/learning_scala/fp_in_scala/fib.scala. Using presentation compiler with project's scala-library version: 3.3.8[0m
2026.08.01 23:31:42 INFO  no build target found for /Users/nilayshrivastava/Documents/programming_language/scala/learning_scala/fp_in_scala/fib.scala. Using presentation compiler with project's scala-library version: 3.3.8[0m
2026.08.01 23:31:42 INFO  no build target found for /Users/nilayshrivastava/Documents/programming_language/scala/learning_scala/fp_in_scala/fib.scala. Using presentation compiler with project's scala-library version: 3.3.8[0m
2026.08.01 23:31:42 INFO  no build target found for /Users/nilayshrivastava/Documents/programming_language/scala/learning_scala/fp_in_scala/fib.scala. Using presentation compiler with project's scala-library version: 3.3.8[0m
2026.08.01 23:31:42 INFO  no build target found for /Users/nilayshrivastava/Documents/programming_language/scala/learning_scala/fp_in_scala/fib.scala. Using presentation compiler with project's scala-library version: 3.3.8[0m
2026.08.01 23:31:42 INFO  no build target found for /Users/nilayshrivastava/Documents/programming_language/scala/learning_scala/fp_in_scala/fib.scala. Using presentation compiler with project's scala-library version: 3.3.8[0m
2026.08.01 23:31:42 INFO  no build target found for /Users/nilayshrivastava/Documents/programming_language/scala/learning_scala/fp_in_scala/fib.scala. Using presentation compiler with project's scala-library version: 3.3.8[0m
2026.08.01 23:31:42 INFO  no build target found for /Users/nilayshrivastava/Documents/programming_language/scala/learning_scala/fp_in_scala/fib.scala. Using presentation compiler with project's scala-library version: 3.3.8[0m
2026.08.01 23:31:43 INFO  no build target found for /Users/nilayshrivastava/Documents/programming_language/scala/learning_scala/fp_in_scala/fib.scala. Using presentation compiler with project's scala-library version: 3.3.8[0m
2026.08.01 23:31:43 INFO  no build target found for /Users/nilayshrivastava/Documents/programming_language/scala/learning_scala/fp_in_scala/fib.scala. Using presentation compiler with project's scala-library version: 3.3.8[0m
2026.08.01 23:31:43 INFO  no build target found for /Users/nilayshrivastava/Documents/programming_language/scala/learning_scala/fp_in_scala/fib.scala. Using presentation compiler with project's scala-library version: 3.3.8[0m
2026.08.01 23:31:43 INFO  no build target found for /Users/nilayshrivastava/Documents/programming_language/scala/learning_scala/fp_in_scala/fib.scala. Using presentation compiler with project's scala-library version: 3.3.8[0m
2026.08.01 23:31:43 INFO  no build target found for /Users/nilayshrivastava/Documents/programming_language/scala/learning_scala/fp_in_scala/fib.scala. Using presentation compiler with project's scala-library version: 3.3.8[0m
2026.08.01 23:31:43 INFO  no build target found for /Users/nilayshrivastava/Documents/programming_language/scala/learning_scala/fp_in_scala/fib.scala. Using presentation compiler with project's scala-library version: 3.3.8[0m
2026.08.01 23:31:43 INFO  no build target found for /Users/nilayshrivastava/Documents/programming_language/scala/learning_scala/fp_in_scala/fib.scala. Using presentation compiler with project's scala-library version: 3.3.8[0m
2026.08.01 23:31:43 INFO  no build target found for /Users/nilayshrivastava/Documents/programming_language/scala/learning_scala/fp_in_scala/fib.scala. Using presentation compiler with project's scala-library version: 3.3.8[0m
2026.08.01 23:31:43 INFO  no build target found for /Users/nilayshrivastava/Documents/programming_language/scala/learning_scala/fp_in_scala/fib.scala. Using presentation compiler with project's scala-library version: 3.3.8[0m
2026.08.01 23:31:43 INFO  no build target found for /Users/nilayshrivastava/Documents/programming_language/scala/learning_scala/fp_in_scala/fib.scala. Using presentation compiler with project's scala-library version: 3.3.8[0m
2026.08.01 23:31:43 INFO  no build target found for /Users/nilayshrivastava/Documents/programming_language/scala/learning_scala/fp_in_scala/fib.scala. Using presentation compiler with project's scala-library version: 3.3.8[0m
2026.08.01 23:31:43 INFO  no build target found for /Users/nilayshrivastava/Documents/programming_language/scala/learning_scala/fp_in_scala/fib.scala. Using presentation compiler with project's scala-library version: 3.3.8[0m
2026.08.01 23:31:43 INFO  no build target found for /Users/nilayshrivastava/Documents/programming_language/scala/learning_scala/fp_in_scala/fib.scala. Using presentation compiler with project's scala-library version: 3.3.8[0m
2026.08.01 23:31:43 INFO  no build target found for /Users/nilayshrivastava/Documents/programming_language/scala/learning_scala/fp_in_scala/fib.scala. Using presentation compiler with project's scala-library version: 3.3.8[0m
2026.08.01 23:31:48 INFO  no build target found for /Users/nilayshrivastava/Documents/programming_language/scala/learning_scala/fp_in_scala/fib.scala. Using presentation compiler with project's scala-library version: 3.3.8[0m
2026.08.01 23:31:48 INFO  no build target found for /Users/nilayshrivastava/Documents/programming_language/scala/learning_scala/fp_in_scala/fib.scala. Using presentation compiler with project's scala-library version: 3.3.8[0m
2026.08.01 23:31:48 INFO  no build target found for /Users/nilayshrivastava/Documents/programming_language/scala/learning_scala/fp_in_scala/fib.scala. Using presentation compiler with project's scala-library version: 3.3.8[0m
2026.08.01 23:31:48 INFO  no build target found for /Users/nilayshrivastava/Documents/programming_language/scala/learning_scala/fp_in_scala/fib.scala. Using presentation compiler with project's scala-library version: 3.3.8[0m
2026.08.01 23:31:48 INFO  no build target found for /Users/nilayshrivastava/Documents/programming_language/scala/learning_scala/fp_in_scala/fib.scala. Using presentation compiler with project's scala-library version: 3.3.8[0m
2026.08.01 23:31:48 INFO  no build target found for /Users/nilayshrivastava/Documents/programming_language/scala/learning_scala/fp_in_scala/fib.scala. Using presentation compiler with project's scala-library version: 3.3.8[0m
2026.08.01 23:31:48 INFO  no build target found for /Users/nilayshrivastava/Documents/programming_language/scala/learning_scala/fp_in_scala/fib.scala. Using presentation compiler with project's scala-library version: 3.3.8[0m
2026.08.01 23:31:49 INFO  no build target found for /Users/nilayshrivastava/Documents/programming_language/scala/learning_scala/fp_in_scala/fib.scala. Using presentation compiler with project's scala-library version: 3.3.8[0m
2026.08.01 23:31:49 INFO  no build target found for /Users/nilayshrivastava/Documents/programming_language/scala/learning_scala/fp_in_scala/fib.scala. Using presentation compiler with project's scala-library version: 3.3.8[0m
2026.08.01 23:31:49 INFO  no build target found for /Users/nilayshrivastava/Documents/programming_language/scala/learning_scala/fp_in_scala/fib.scala. Using presentation compiler with project's scala-library version: 3.3.8[0m
2026.08.01 23:31:49 INFO  no build target found for /Users/nilayshrivastava/Documents/programming_language/scala/learning_scala/fp_in_scala/fib.scala. Using presentation compiler with project's scala-library version: 3.3.8[0m
2026.08.01 23:31:52 INFO  no build target found for /Users/nilayshrivastava/Documents/programming_language/scala/learning_scala/fp_in_scala/fib.scala. Using presentation compiler with project's scala-library version: 3.3.8[0m
2026.08.01 23:31:52 INFO  no build target found for /Users/nilayshrivastava/Documents/programming_language/scala/learning_scala/fp_in_scala/fib.scala. Using presentation compiler with project's scala-library version: 3.3.8[0m
2026.08.01 23:31:52 INFO  no build target found for /Users/nilayshrivastava/Documents/programming_language/scala/learning_scala/fp_in_scala/fib.scala. Using presentation compiler with project's scala-library version: 3.3.8[0m
2026.08.01 23:31:52 INFO  no build target found for /Users/nilayshrivastava/Documents/programming_language/scala/learning_scala/fp_in_scala/fib.scala. Using presentation compiler with project's scala-library version: 3.3.8[0m
2026.08.01 23:31:52 INFO  no build target found for /Users/nilayshrivastava/Documents/programming_language/scala/learning_scala/fp_in_scala/fib.scala. Using presentation compiler with project's scala-library version: 3.3.8[0m
2026.08.01 23:31:52 INFO  no build target found for /Users/nilayshrivastava/Documents/programming_language/scala/learning_scala/fp_in_scala/fib.scala. Using presentation compiler with project's scala-library version: 3.3.8[0m
2026.08.01 23:31:52 INFO  no build target found for /Users/nilayshrivastava/Documents/programming_language/scala/learning_scala/fp_in_scala/fib.scala. Using presentation compiler with project's scala-library version: 3.3.8[0m
2026.08.01 23:31:52 INFO  no build target found for /Users/nilayshrivastava/Documents/programming_language/scala/learning_scala/fp_in_scala/fib.scala. Using presentation compiler with project's scala-library version: 3.3.8[0m
2026.08.01 23:31:53 INFO  no build target found for /Users/nilayshrivastava/Documents/programming_language/scala/learning_scala/fp_in_scala/fib.scala. Using presentation compiler with project's scala-library version: 3.3.8[0m
2026.08.01 23:31:53 INFO  no build target found for /Users/nilayshrivastava/Documents/programming_language/scala/learning_scala/fp_in_scala/fib.scala. Using presentation compiler with project's scala-library version: 3.3.8[0m
2026.08.01 23:31:53 INFO  no build target found for /Users/nilayshrivastava/Documents/programming_language/scala/learning_scala/fp_in_scala/fib.scala. Using presentation compiler with project's scala-library version: 3.3.8[0m
2026.08.01 23:31:53 INFO  no build target found for /Users/nilayshrivastava/Documents/programming_language/scala/learning_scala/fp_in_scala/fib.scala. Using presentation compiler with project's scala-library version: 3.3.8[0m
2026.08.01 23:31:53 INFO  no build target found for /Users/nilayshrivastava/Documents/programming_language/scala/learning_scala/fp_in_scala/fib.scala. Using presentation compiler with project's scala-library version: 3.3.8[0m
2026.08.01 23:31:53 INFO  no build target found for /Users/nilayshrivastava/Documents/programming_language/scala/learning_scala/fp_in_scala/fib.scala. Using presentation compiler with project's scala-library version: 3.3.8[0m
2026.08.01 23:31:53 INFO  no build target found for /Users/nilayshrivastava/Documents/programming_language/scala/learning_scala/fp_in_scala/fib.scala. Using presentation compiler with project's scala-library version: 3.3.8[0m
2026.08.01 23:31:53 INFO  no build target found for /Users/nilayshrivastava/Documents/programming_language/scala/learning_scala/fp_in_scala/fib.scala. Using presentation compiler with project's scala-library version: 3.3.8[0m
2026.08.01 23:31:53 INFO  no build target found for /Users/nilayshrivastava/Documents/programming_language/scala/learning_scala/fp_in_scala/fib.scala. Using presentation compiler with project's scala-library version: 3.3.8[0m
2026.08.01 23:31:54 INFO  no build target found for /Users/nilayshrivastava/Documents/programming_language/scala/learning_scala/fp_in_scala/fib.scala. Using presentation compiler with project's scala-library version: 3.3.8[0m
2026.08.01 23:31:54 INFO  no build target found for /Users/nilayshrivastava/Documents/programming_language/scala/learning_scala/fp_in_scala/fib.scala. Using presentation compiler with project's scala-library version: 3.3.8[0m
2026.08.01 23:31:54 INFO  no build target found for /Users/nilayshrivastava/Documents/programming_language/scala/learning_scala/fp_in_scala/fib.scala. Using presentation compiler with project's scala-library version: 3.3.8[0m
2026.08.01 23:32:02 INFO  no build target found for /Users/nilayshrivastava/Documents/programming_language/scala/learning_scala/fp_in_scala/fib.scala. Using presentation compiler with project's scala-library version: 3.3.8[0m
2026.08.01 23:32:02 INFO  no build target found for /Users/nilayshrivastava/Documents/programming_language/scala/learning_scala/fp_in_scala/fib.scala. Using presentation compiler with project's scala-library version: 3.3.8[0m
2026.08.01 23:32:02 INFO  no build target found for /Users/nilayshrivastava/Documents/programming_language/scala/learning_scala/fp_in_scala/fib.scala. Using presentation compiler with project's scala-library version: 3.3.8[0m
2026.08.01 23:32:02 INFO  no build target found for /Users/nilayshrivastava/Documents/programming_language/scala/learning_scala/fp_in_scala/fib.scala. Using presentation compiler with project's scala-library version: 3.3.8[0m
2026.08.01 23:32:02 INFO  no build target found for /Users/nilayshrivastava/Documents/programming_language/scala/learning_scala/fp_in_scala/fib.scala. Using presentation compiler with project's scala-library version: 3.3.8[0m
2026.08.01 23:32:02 INFO  no build target found for /Users/nilayshrivastava/Documents/programming_language/scala/learning_scala/fp_in_scala/fib.scala. Using presentation compiler with project's scala-library version: 3.3.8[0m
2026.08.01 23:32:02 INFO  no build target found for /Users/nilayshrivastava/Documents/programming_language/scala/learning_scala/fp_in_scala/fib.scala. Using presentation compiler with project's scala-library version: 3.3.8[0m
2026.08.01 23:32:02 INFO  no build target found for /Users/nilayshrivastava/Documents/programming_language/scala/learning_scala/fp_in_scala/fib.scala. Using presentation compiler with project's scala-library version: 3.3.8[0m
2026.08.01 23:32:02 INFO  no build target found for /Users/nilayshrivastava/Documents/programming_language/scala/learning_scala/fp_in_scala/fib.scala. Using presentation compiler with project's scala-library version: 3.3.8[0m
2026.08.01 23:32:02 INFO  no build target found for /Users/nilayshrivastava/Documents/programming_language/scala/learning_scala/fp_in_scala/fib.scala. Using presentation compiler with project's scala-library version: 3.3.8[0m
2026.08.01 23:32:03 INFO  no build target found for /Users/nilayshrivastava/Documents/programming_language/scala/learning_scala/fp_in_scala/fib.scala. Using presentation compiler with project's scala-library version: 3.3.8[0m
2026.08.01 23:32:03 INFO  no build target found for /Users/nilayshrivastava/Documents/programming_language/scala/learning_scala/fp_in_scala/fib.scala. Using presentation compiler with project's scala-library version: 3.3.8[0m
2026.08.01 23:32:03 INFO  no build target found for /Users/nilayshrivastava/Documents/programming_language/scala/learning_scala/fp_in_scala/fib.scala. Using presentation compiler with project's scala-library version: 3.3.8[0m
2026.08.01 23:32:03 INFO  no build target found for /Users/nilayshrivastava/Documents/programming_language/scala/learning_scala/fp_in_scala/fib.scala. Using presentation compiler with project's scala-library version: 3.3.8[0m
2026.08.01 23:32:03 INFO  no build target found for /Users/nilayshrivastava/Documents/programming_language/scala/learning_scala/fp_in_scala/fib.scala. Using presentation compiler with project's scala-library version: 3.3.8[0m
2026.08.01 23:32:03 INFO  no build target found for /Users/nilayshrivastava/Documents/programming_language/scala/learning_scala/fp_in_scala/fib.scala. Using presentation compiler with project's scala-library version: 3.3.8[0m
2026.08.01 23:32:04 INFO  no build target found for /Users/nilayshrivastava/Documents/programming_language/scala/learning_scala/fp_in_scala/fib.scala. Using presentation compiler with project's scala-library version: 3.3.8[0m
2026.08.01 23:32:04 INFO  no build target found for /Users/nilayshrivastava/Documents/programming_language/scala/learning_scala/fp_in_scala/fib.scala. Using presentation compiler with project's scala-library version: 3.3.8[0m
2026.08.01 23:32:04 INFO  no build target found for /Users/nilayshrivastava/Documents/programming_language/scala/learning_scala/fp_in_scala/fib.scala. Using presentation compiler with project's scala-library version: 3.3.8[0m
2026.08.01 23:32:04 INFO  no build target found for /Users/nilayshrivastava/Documents/programming_language/scala/learning_scala/fp_in_scala/fib.scala. Using presentation compiler with project's scala-library version: 3.3.8[0m
2026.08.01 23:32:04 INFO  no build target found for /Users/nilayshrivastava/Documents/programming_language/scala/learning_scala/fp_in_scala/fib.scala. Using presentation compiler with project's scala-library version: 3.3.8[0m
2026.08.01 23:32:04 INFO  no build target found for /Users/nilayshrivastava/Documents/programming_language/scala/learning_scala/fp_in_scala/fib.scala. Using presentation compiler with project's scala-library version: 3.3.8[0m
2026.08.01 23:32:04 INFO  no build target found for /Users/nilayshrivastava/Documents/programming_language/scala/learning_scala/fp_in_scala/fib.scala. Using presentation compiler with project's scala-library version: 3.3.8[0m
2026.08.01 23:32:04 INFO  no build target found for /Users/nilayshrivastava/Documents/programming_language/scala/learning_scala/fp_in_scala/fib.scala. Using presentation compiler with project's scala-library version: 3.3.8[0m
2026.08.01 23:32:06 INFO  no build target found for /Users/nilayshrivastava/Documents/programming_language/scala/learning_scala/fp_in_scala/fib.scala. Using presentation compiler with project's scala-library version: 3.3.8[0m
2026.08.01 23:32:06 INFO  no build target found for /Users/nilayshrivastava/Documents/programming_language/scala/learning_scala/fp_in_scala/fib.scala. Using presentation compiler with project's scala-library version: 3.3.8[0m
2026.08.01 23:32:06 INFO  no build target found for /Users/nilayshrivastava/Documents/programming_language/scala/learning_scala/fp_in_scala/fib.scala. Using presentation compiler with project's scala-library version: 3.3.8[0m
2026.08.01 23:32:06 INFO  no build target found for /Users/nilayshrivastava/Documents/programming_language/scala/learning_scala/fp_in_scala/fib.scala. Using presentation compiler with project's scala-library version: 3.3.8[0m
2026.08.01 23:32:06 INFO  no build target found for /Users/nilayshrivastava/Documents/programming_language/scala/learning_scala/fp_in_scala/fib.scala. Using presentation compiler with project's scala-library version: 3.3.8[0m
2026.08.01 23:32:06 INFO  no build target found for /Users/nilayshrivastava/Documents/programming_language/scala/learning_scala/fp_in_scala/fib.scala. Using presentation compiler with project's scala-library version: 3.3.8[0m
2026.08.01 23:32:08 INFO  no build target found for /Users/nilayshrivastava/Documents/programming_language/scala/learning_scala/fp_in_scala/fib.scala. Using presentation compiler with project's scala-library version: 3.3.8[0m
2026.08.01 23:32:08 INFO  no build target found for /Users/nilayshrivastava/Documents/programming_language/scala/learning_scala/fp_in_scala/fib.scala. Using presentation compiler with project's scala-library version: 3.3.8[0m
2026.08.01 23:32:08 INFO  no build target found for /Users/nilayshrivastava/Documents/programming_language/scala/learning_scala/fp_in_scala/fib.scala. Using presentation compiler with project's scala-library version: 3.3.8[0m
2026.08.01 23:32:08 INFO  no build target found for /Users/nilayshrivastava/Documents/programming_language/scala/learning_scala/fp_in_scala/fib.scala. Using presentation compiler with project's scala-library version: 3.3.8[0m
2026.08.01 23:32:09 INFO  no build target found for /Users/nilayshrivastava/Documents/programming_language/scala/learning_scala/fp_in_scala/fib.scala. Using presentation compiler with project's scala-library version: 3.3.8[0m
2026.08.01 23:32:09 INFO  no build target found for /Users/nilayshrivastava/Documents/programming_language/scala/learning_scala/fp_in_scala/fib.scala. Using presentation compiler with project's scala-library version: 3.3.8[0m
2026.08.01 23:32:09 INFO  no build target found for /Users/nilayshrivastava/Documents/programming_language/scala/learning_scala/fp_in_scala/fib.scala. Using presentation compiler with project's scala-library version: 3.3.8[0m
2026.08.01 23:32:09 INFO  no build target found for /Users/nilayshrivastava/Documents/programming_language/scala/learning_scala/fp_in_scala/fib.scala. Using presentation compiler with project's scala-library version: 3.3.8[0m
2026.08.01 23:32:09 INFO  no build target found for /Users/nilayshrivastava/Documents/programming_language/scala/learning_scala/fp_in_scala/fib.scala. Using presentation compiler with project's scala-library version: 3.3.8[0m
2026.08.01 23:32:28 INFO  no build target found for /Users/nilayshrivastava/Documents/programming_language/scala/learning_scala/fp_in_scala/fib.scala. Using presentation compiler with project's scala-library version: 3.3.8[0m
2026.08.01 23:32:29 INFO  no build target found for /Users/nilayshrivastava/Documents/programming_language/scala/learning_scala/fp_in_scala/fib.scala. Using presentation compiler with project's scala-library version: 3.3.8[0m
2026.08.01 23:32:29 INFO  no build target found for /Users/nilayshrivastava/Documents/programming_language/scala/learning_scala/fp_in_scala/fib.scala. Using presentation compiler with project's scala-library version: 3.3.8[0m
2026.08.01 23:32:29 INFO  no build target found for /Users/nilayshrivastava/Documents/programming_language/scala/learning_scala/fp_in_scala/fib.scala. Using presentation compiler with project's scala-library version: 3.3.8[0m
2026.08.01 23:32:29 INFO  no build target found for /Users/nilayshrivastava/Documents/programming_language/scala/learning_scala/fp_in_scala/fib.scala. Using presentation compiler with project's scala-library version: 3.3.8[0m
2026.08.01 23:32:29 INFO  no build target found for /Users/nilayshrivastava/Documents/programming_language/scala/learning_scala/fp_in_scala/fib.scala. Using presentation compiler with project's scala-library version: 3.3.8[0m
2026.08.01 23:32:29 INFO  no build target found for /Users/nilayshrivastava/Documents/programming_language/scala/learning_scala/fp_in_scala/fib.scala. Using presentation compiler with project's scala-library version: 3.3.8[0m
2026.08.01 23:32:29 INFO  no build target found for /Users/nilayshrivastava/Documents/programming_language/scala/learning_scala/fp_in_scala/fib.scala. Using presentation compiler with project's scala-library version: 3.3.8[0m
2026.08.01 23:32:29 INFO  no build target found for /Users/nilayshrivastava/Documents/programming_language/scala/learning_scala/fp_in_scala/fib.scala. Using presentation compiler with project's scala-library version: 3.3.8[0m
2026.08.01 23:32:33 INFO  no build target found for /Users/nilayshrivastava/Documents/programming_language/scala/learning_scala/fp_in_scala/fib.scala. Using presentation compiler with project's scala-library version: 3.3.8[0m
2026.08.01 23:32:33 INFO  no build target found for /Users/nilayshrivastava/Documents/programming_language/scala/learning_scala/fp_in_scala/fib.scala. Using presentation compiler with project's scala-library version: 3.3.8[0m
2026.08.01 23:32:33 INFO  no build target found for /Users/nilayshrivastava/Documents/programming_language/scala/learning_scala/fp_in_scala/fib.scala. Using presentation compiler with project's scala-library version: 3.3.8[0m
2026.08.01 23:32:33 INFO  no build target found for /Users/nilayshrivastava/Documents/programming_language/scala/learning_scala/fp_in_scala/fib.scala. Using presentation compiler with project's scala-library version: 3.3.8[0m
2026.08.01 23:33:13 INFO  no build target found for /Users/nilayshrivastava/Documents/programming_language/scala/learning_scala/fp_in_scala/fib.scala. Using presentation compiler with project's scala-library version: 3.3.8[0m
2026.08.01 23:33:13 INFO  no build target found for /Users/nilayshrivastava/Documents/programming_language/scala/learning_scala/fp_in_scala/fib.scala. Using presentation compiler with project's scala-library version: 3.3.8[0m
2026.08.01 23:33:13 INFO  no build target found for /Users/nilayshrivastava/Documents/programming_language/scala/learning_scala/fp_in_scala/fib.scala. Using presentation compiler with project's scala-library version: 3.3.8[0m
2026.08.01 23:33:14 INFO  no build target found for /Users/nilayshrivastava/Documents/programming_language/scala/learning_scala/fp_in_scala/fib.scala. Using presentation compiler with project's scala-library version: 3.3.8[0m
2026.08.01 23:33:14 INFO  no build target found for /Users/nilayshrivastava/Documents/programming_language/scala/learning_scala/fp_in_scala/fib.scala. Using presentation compiler with project's scala-library version: 3.3.8[0m
2026.08.01 23:33:14 INFO  no build target found for /Users/nilayshrivastava/Documents/programming_language/scala/learning_scala/fp_in_scala/fib.scala. Using presentation compiler with project's scala-library version: 3.3.8[0m
2026.08.01 23:33:14 INFO  no build target found for /Users/nilayshrivastava/Documents/programming_language/scala/learning_scala/fp_in_scala/fib.scala. Using presentation compiler with project's scala-library version: 3.3.8[0m
2026.08.01 23:33:14 INFO  no build target found for /Users/nilayshrivastava/Documents/programming_language/scala/learning_scala/fp_in_scala/fib.scala. Using presentation compiler with project's scala-library version: 3.3.8[0m
2026.08.01 23:33:15 INFO  no build target found for /Users/nilayshrivastava/Documents/programming_language/scala/learning_scala/fp_in_scala/fib.scala. Using presentation compiler with project's scala-library version: 3.3.8[0m
2026.08.01 23:33:15 INFO  no build target found for /Users/nilayshrivastava/Documents/programming_language/scala/learning_scala/fp_in_scala/fib.scala. Using presentation compiler with project's scala-library version: 3.3.8[0m
2026.08.01 23:33:15 INFO  no build target found for /Users/nilayshrivastava/Documents/programming_language/scala/learning_scala/fp_in_scala/fib.scala. Using presentation compiler with project's scala-library version: 3.3.8[0m
2026.08.01 23:33:17 INFO  no build target found for /Users/nilayshrivastava/Documents/programming_language/scala/learning_scala/fp_in_scala/fib.scala. Using presentation compiler with project's scala-library version: 3.3.8[0m
2026.08.01 23:33:53 INFO  no build target found for /Users/nilayshrivastava/Documents/programming_language/scala/learning_scala/fp_in_scala/fib.scala. Using presentation compiler with project's scala-library version: 3.3.8[0m
2026.08.01 23:33:53 INFO  no build target found for /Users/nilayshrivastava/Documents/programming_language/scala/learning_scala/fp_in_scala/fib.scala. Using presentation compiler with project's scala-library version: 3.3.8[0m
2026.08.01 23:33:53 INFO  no build target found for /Users/nilayshrivastava/Documents/programming_language/scala/learning_scala/fp_in_scala/fib.scala. Using presentation compiler with project's scala-library version: 3.3.8[0m
2026.08.01 23:33:53 INFO  no build target found for /Users/nilayshrivastava/Documents/programming_language/scala/learning_scala/fp_in_scala/fib.scala. Using presentation compiler with project's scala-library version: 3.3.8[0m
2026.08.01 23:33:53 INFO  no build target found for /Users/nilayshrivastava/Documents/programming_language/scala/learning_scala/fp_in_scala/fib.scala. Using presentation compiler with project's scala-library version: 3.3.8[0m
2026.08.01 23:33:53 INFO  no build target found for /Users/nilayshrivastava/Documents/programming_language/scala/learning_scala/fp_in_scala/fib.scala. Using presentation compiler with project's scala-library version: 3.3.8[0m
2026.08.01 23:33:53 INFO  no build target found for /Users/nilayshrivastava/Documents/programming_language/scala/learning_scala/fp_in_scala/fib.scala. Using presentation compiler with project's scala-library version: 3.3.8[0m
2026.08.01 23:33:53 INFO  no build target found for /Users/nilayshrivastava/Documents/programming_language/scala/learning_scala/fp_in_scala/fib.scala. Using presentation compiler with project's scala-library version: 3.3.8[0m
2026.08.01 23:33:53 INFO  no build target found for /Users/nilayshrivastava/Documents/programming_language/scala/learning_scala/fp_in_scala/fib.scala. Using presentation compiler with project's scala-library version: 3.3.8[0m
2026.08.01 23:33:53 INFO  no build target found for /Users/nilayshrivastava/Documents/programming_language/scala/learning_scala/fp_in_scala/fib.scala. Using presentation compiler with project's scala-library version: 3.3.8[0m
2026.08.01 23:33:53 INFO  no build target found for /Users/nilayshrivastava/Documents/programming_language/scala/learning_scala/fp_in_scala/fib.scala. Using presentation compiler with project's scala-library version: 3.3.8[0m
2026.08.01 23:33:53 INFO  no build target found for /Users/nilayshrivastava/Documents/programming_language/scala/learning_scala/fp_in_scala/fib.scala. Using presentation compiler with project's scala-library version: 3.3.8[0m
2026.08.01 23:33:54 INFO  no build target found for /Users/nilayshrivastava/Documents/programming_language/scala/learning_scala/fp_in_scala/fib.scala. Using presentation compiler with project's scala-library version: 3.3.8[0m
2026.08.01 23:33:54 INFO  no build target found for /Users/nilayshrivastava/Documents/programming_language/scala/learning_scala/fp_in_scala/fib.scala. Using presentation compiler with project's scala-library version: 3.3.8[0m
2026.08.01 23:33:54 INFO  no build target found for /Users/nilayshrivastava/Documents/programming_language/scala/learning_scala/fp_in_scala/fib.scala. Using presentation compiler with project's scala-library version: 3.3.8[0m
2026.08.01 23:33:54 INFO  no build target found for /Users/nilayshrivastava/Documents/programming_language/scala/learning_scala/fp_in_scala/fib.scala. Using presentation compiler with project's scala-library version: 3.3.8[0m
2026.08.01 23:33:54 INFO  no build target found for /Users/nilayshrivastava/Documents/programming_language/scala/learning_scala/fp_in_scala/fib.scala. Using presentation compiler with project's scala-library version: 3.3.8[0m
2026.08.01 23:33:54 INFO  no build target found for /Users/nilayshrivastava/Documents/programming_language/scala/learning_scala/fp_in_scala/fib.scala. Using presentation compiler with project's scala-library version: 3.3.8[0m
2026.08.01 23:33:54 INFO  no build target found for /Users/nilayshrivastava/Documents/programming_language/scala/learning_scala/fp_in_scala/fib.scala. Using presentation compiler with project's scala-library version: 3.3.8[0m
2026.08.01 23:33:54 INFO  no build target found for /Users/nilayshrivastava/Documents/programming_language/scala/learning_scala/fp_in_scala/fib.scala. Using presentation compiler with project's scala-library version: 3.3.8[0m
2026.08.01 23:33:54 INFO  no build target found for /Users/nilayshrivastava/Documents/programming_language/scala/learning_scala/fp_in_scala/fib.scala. Using presentation compiler with project's scala-library version: 3.3.8[0m
2026.08.01 23:33:54 INFO  no build target found for /Users/nilayshrivastava/Documents/programming_language/scala/learning_scala/fp_in_scala/fib.scala. Using presentation compiler with project's scala-library version: 3.3.8[0m
2026.08.01 23:33:54 INFO  no build target found for /Users/nilayshrivastava/Documents/programming_language/scala/learning_scala/fp_in_scala/fib.scala. Using presentation compiler with project's scala-library version: 3.3.8[0m
2026.08.01 23:33:54 INFO  no build target found for /Users/nilayshrivastava/Documents/programming_language/scala/learning_scala/fp_in_scala/fib.scala. Using presentation compiler with project's scala-library version: 3.3.8[0m
2026.08.01 23:33:54 INFO  no build target found for /Users/nilayshrivastava/Documents/programming_language/scala/learning_scala/fp_in_scala/fib.scala. Using presentation compiler with project's scala-library version: 3.3.8[0m
2026.08.01 23:33:54 INFO  no build target found for /Users/nilayshrivastava/Documents/programming_language/scala/learning_scala/fp_in_scala/fib.scala. Using presentation compiler with project's scala-library version: 3.3.8[0m
2026.08.01 23:33:54 INFO  no build target found for /Users/nilayshrivastava/Documents/programming_language/scala/learning_scala/fp_in_scala/fib.scala. Using presentation compiler with project's scala-library version: 3.3.8[0m
2026.08.01 23:33:54 INFO  no build target found for /Users/nilayshrivastava/Documents/programming_language/scala/learning_scala/fp_in_scala/fib.scala. Using presentation compiler with project's scala-library version: 3.3.8[0m
2026.08.01 23:33:54 INFO  no build target found for /Users/nilayshrivastava/Documents/programming_language/scala/learning_scala/fp_in_scala/fib.scala. Using presentation compiler with project's scala-library version: 3.3.8[0m
2026.08.01 23:33:54 INFO  no build target found for /Users/nilayshrivastava/Documents/programming_language/scala/learning_scala/fp_in_scala/fib.scala. Using presentation compiler with project's scala-library version: 3.3.8[0m
2026.08.01 23:33:54 INFO  no build target found for /Users/nilayshrivastava/Documents/programming_language/scala/learning_scala/fp_in_scala/fib.scala. Using presentation compiler with project's scala-library version: 3.3.8[0m
2026.08.01 23:33:54 INFO  no build target found for /Users/nilayshrivastava/Documents/programming_language/scala/learning_scala/fp_in_scala/fib.scala. Using presentation compiler with project's scala-library version: 3.3.8[0m
2026.08.01 23:33:56 INFO  no build target found for /Users/nilayshrivastava/Documents/programming_language/scala/learning_scala/fp_in_scala/fib.scala. Using presentation compiler with project's scala-library version: 3.3.8[0m
2026.08.01 23:33:56 INFO  no build target found for /Users/nilayshrivastava/Documents/programming_language/scala/learning_scala/fp_in_scala/fib.scala. Using presentation compiler with project's scala-library version: 3.3.8[0m
2026.08.01 23:33:56 INFO  no build target found for /Users/nilayshrivastava/Documents/programming_language/scala/learning_scala/fp_in_scala/fib.scala. Using presentation compiler with project's scala-library version: 3.3.8[0m
2026.08.01 23:33:56 INFO  no build target found for /Users/nilayshrivastava/Documents/programming_language/scala/learning_scala/fp_in_scala/fib.scala. Using presentation compiler with project's scala-library version: 3.3.8[0m
2026.08.01 23:33:56 INFO  no build target found for /Users/nilayshrivastava/Documents/programming_language/scala/learning_scala/fp_in_scala/fib.scala. Using presentation compiler with project's scala-library version: 3.3.8[0m
2026.08.01 23:33:56 INFO  no build target found for /Users/nilayshrivastava/Documents/programming_language/scala/learning_scala/fp_in_scala/fib.scala. Using presentation compiler with project's scala-library version: 3.3.8[0m
2026.08.01 23:33:56 INFO  no build target found for /Users/nilayshrivastava/Documents/programming_language/scala/learning_scala/fp_in_scala/fib.scala. Using presentation compiler with project's scala-library version: 3.3.8[0m
2026.08.01 23:33:56 INFO  no build target found for /Users/nilayshrivastava/Documents/programming_language/scala/learning_scala/fp_in_scala/fib.scala. Using presentation compiler with project's scala-library version: 3.3.8[0m
2026.08.01 23:33:56 INFO  no build target found for /Users/nilayshrivastava/Documents/programming_language/scala/learning_scala/fp_in_scala/fib.scala. Using presentation compiler with project's scala-library version: 3.3.8[0m
2026.08.01 23:33:57 INFO  no build target found for /Users/nilayshrivastava/Documents/programming_language/scala/learning_scala/fp_in_scala/fib.scala. Using presentation compiler with project's scala-library version: 3.3.8[0m
2026.08.01 23:33:57 INFO  no build target found for /Users/nilayshrivastava/Documents/programming_language/scala/learning_scala/fp_in_scala/fib.scala. Using presentation compiler with project's scala-library version: 3.3.8[0m
2026.08.01 23:34:00 INFO  no build target found for /Users/nilayshrivastava/Documents/programming_language/scala/learning_scala/fp_in_scala/fib.scala. Using presentation compiler with project's scala-library version: 3.3.8[0m
2026.08.01 23:34:00 INFO  no build target found for /Users/nilayshrivastava/Documents/programming_language/scala/learning_scala/fp_in_scala/fib.scala. Using presentation compiler with project's scala-library version: 3.3.8[0m
2026.08.01 23:34:01 INFO  no build target found for /Users/nilayshrivastava/Documents/programming_language/scala/learning_scala/fp_in_scala/fib.scala. Using presentation compiler with project's scala-library version: 3.3.8[0m
2026.08.01 23:34:01 INFO  no build target found for /Users/nilayshrivastava/Documents/programming_language/scala/learning_scala/fp_in_scala/fib.scala. Using presentation compiler with project's scala-library version: 3.3.8[0m
2026.08.01 23:34:01 INFO  no build target found for /Users/nilayshrivastava/Documents/programming_language/scala/learning_scala/fp_in_scala/fib.scala. Using presentation compiler with project's scala-library version: 3.3.8[0m
2026.08.01 23:34:01 INFO  no build target found for /Users/nilayshrivastava/Documents/programming_language/scala/learning_scala/fp_in_scala/fib.scala. Using presentation compiler with project's scala-library version: 3.3.8[0m
2026.08.01 23:34:01 INFO  no build target found for /Users/nilayshrivastava/Documents/programming_language/scala/learning_scala/fp_in_scala/fib.scala. Using presentation compiler with project's scala-library version: 3.3.8[0m
2026.08.01 23:34:01 INFO  no build target found for /Users/nilayshrivastava/Documents/programming_language/scala/learning_scala/fp_in_scala/fib.scala. Using presentation compiler with project's scala-library version: 3.3.8[0m
2026.08.01 23:34:02 INFO  no build target found for /Users/nilayshrivastava/Documents/programming_language/scala/learning_scala/fp_in_scala/fib.scala. Using presentation compiler with project's scala-library version: 3.3.8[0m
2026.08.01 23:34:02 INFO  no build target found for /Users/nilayshrivastava/Documents/programming_language/scala/learning_scala/fp_in_scala/fib.scala. Using presentation compiler with project's scala-library version: 3.3.8[0m
2026.08.01 23:34:02 INFO  no build target found for /Users/nilayshrivastava/Documents/programming_language/scala/learning_scala/fp_in_scala/fib.scala. Using presentation compiler with project's scala-library version: 3.3.8[0m
2026.08.01 23:34:02 INFO  no build target found for /Users/nilayshrivastava/Documents/programming_language/scala/learning_scala/fp_in_scala/fib.scala. Using presentation compiler with project's scala-library version: 3.3.8[0m
2026.08.01 23:34:02 INFO  no build target found for /Users/nilayshrivastava/Documents/programming_language/scala/learning_scala/fp_in_scala/fib.scala. Using presentation compiler with project's scala-library version: 3.3.8[0m
2026.08.01 23:34:02 INFO  no build target found for /Users/nilayshrivastava/Documents/programming_language/scala/learning_scala/fp_in_scala/fib.scala. Using presentation compiler with project's scala-library version: 3.3.8[0m
2026.08.01 23:34:02 INFO  no build target found for /Users/nilayshrivastava/Documents/programming_language/scala/learning_scala/fp_in_scala/fib.scala. Using presentation compiler with project's scala-library version: 3.3.8[0m
2026.08.01 23:34:02 INFO  no build target found for /Users/nilayshrivastava/Documents/programming_language/scala/learning_scala/fp_in_scala/fib.scala. Using presentation compiler with project's scala-library version: 3.3.8[0m
2026.08.01 23:34:03 INFO  no build target found for /Users/nilayshrivastava/Documents/programming_language/scala/learning_scala/fp_in_scala/fib.scala. Using presentation compiler with project's scala-library version: 3.3.8[0m
2026.08.01 23:34:03 INFO  no build target found for /Users/nilayshrivastava/Documents/programming_language/scala/learning_scala/fp_in_scala/fib.scala. Using presentation compiler with project's scala-library version: 3.3.8[0m
2026.08.01 23:34:03 INFO  no build target found for /Users/nilayshrivastava/Documents/programming_language/scala/learning_scala/fp_in_scala/fib.scala. Using presentation compiler with project's scala-library version: 3.3.8[0m
2026.08.01 23:34:03 INFO  no build target found for /Users/nilayshrivastava/Documents/programming_language/scala/learning_scala/fp_in_scala/fib.scala. Using presentation compiler with project's scala-library version: 3.3.8[0m
2026.08.01 23:34:03 INFO  no build target found for /Users/nilayshrivastava/Documents/programming_language/scala/learning_scala/fp_in_scala/fib.scala. Using presentation compiler with project's scala-library version: 3.3.8[0m
2026.08.01 23:34:14 INFO  no build target found for /Users/nilayshrivastava/Documents/programming_language/scala/learning_scala/fp_in_scala/fib.scala. Using presentation compiler with project's scala-library version: 3.3.8[0m
2026.08.01 23:34:14 INFO  no build target found for /Users/nilayshrivastava/Documents/programming_language/scala/learning_scala/fp_in_scala/fib.scala. Using presentation compiler with project's scala-library version: 3.3.8[0m
2026.08.01 23:34:14 INFO  no build target found for /Users/nilayshrivastava/Documents/programming_language/scala/learning_scala/fp_in_scala/fib.scala. Using presentation compiler with project's scala-library version: 3.3.8[0m
2026.08.01 23:34:14 INFO  no build target found for /Users/nilayshrivastava/Documents/programming_language/scala/learning_scala/fp_in_scala/fib.scala. Using presentation compiler with project's scala-library version: 3.3.8[0m
2026.08.01 23:34:14 INFO  no build target found for /Users/nilayshrivastava/Documents/programming_language/scala/learning_scala/fp_in_scala/fib.scala. Using presentation compiler with project's scala-library version: 3.3.8[0m
2026.08.01 23:34:14 INFO  no build target found for /Users/nilayshrivastava/Documents/programming_language/scala/learning_scala/fp_in_scala/fib.scala. Using presentation compiler with project's scala-library version: 3.3.8[0m
2026.08.01 23:34:14 INFO  no build target found for /Users/nilayshrivastava/Documents/programming_language/scala/learning_scala/fp_in_scala/fib.scala. Using presentation compiler with project's scala-library version: 3.3.8[0m
2026.08.01 23:34:14 INFO  no build target found for /Users/nilayshrivastava/Documents/programming_language/scala/learning_scala/fp_in_scala/fib.scala. Using presentation compiler with project's scala-library version: 3.3.8[0m
2026.08.01 23:34:14 INFO  no build target found for /Users/nilayshrivastava/Documents/programming_language/scala/learning_scala/fp_in_scala/fib.scala. Using presentation compiler with project's scala-library version: 3.3.8[0m
2026.08.01 23:34:14 INFO  no build target found for /Users/nilayshrivastava/Documents/programming_language/scala/learning_scala/fp_in_scala/fib.scala. Using presentation compiler with project's scala-library version: 3.3.8[0m
2026.08.01 23:34:14 INFO  no build target found for /Users/nilayshrivastava/Documents/programming_language/scala/learning_scala/fp_in_scala/fib.scala. Using presentation compiler with project's scala-library version: 3.3.8[0m
2026.08.01 23:34:14 INFO  no build target found for /Users/nilayshrivastava/Documents/programming_language/scala/learning_scala/fp_in_scala/fib.scala. Using presentation compiler with project's scala-library version: 3.3.8[0m
2026.08.01 23:34:14 INFO  no build target found for /Users/nilayshrivastava/Documents/programming_language/scala/learning_scala/fp_in_scala/fib.scala. Using presentation compiler with project's scala-library version: 3.3.8[0m
2026.08.01 23:34:14 INFO  no build target found for /Users/nilayshrivastava/Documents/programming_language/scala/learning_scala/fp_in_scala/fib.scala. Using presentation compiler with project's scala-library version: 3.3.8[0m
2026.08.01 23:34:15 INFO  no build target found for /Users/nilayshrivastava/Documents/programming_language/scala/learning_scala/fp_in_scala/fib.scala. Using presentation compiler with project's scala-library version: 3.3.8[0m
2026.08.01 23:34:15 INFO  no build target found for /Users/nilayshrivastava/Documents/programming_language/scala/learning_scala/fp_in_scala/fib.scala. Using presentation compiler with project's scala-library version: 3.3.8[0m
2026.08.01 23:34:15 INFO  no build target found for /Users/nilayshrivastava/Documents/programming_language/scala/learning_scala/fp_in_scala/fib.scala. Using presentation compiler with project's scala-library version: 3.3.8[0m
2026.08.01 23:34:15 INFO  no build target found for /Users/nilayshrivastava/Documents/programming_language/scala/learning_scala/fp_in_scala/fib.scala. Using presentation compiler with project's scala-library version: 3.3.8[0m
2026.08.01 23:34:15 INFO  no build target found for /Users/nilayshrivastava/Documents/programming_language/scala/learning_scala/fp_in_scala/fib.scala. Using presentation compiler with project's scala-library version: 3.3.8[0m
2026.08.01 23:34:15 INFO  no build target found for /Users/nilayshrivastava/Documents/programming_language/scala/learning_scala/fp_in_scala/fib.scala. Using presentation compiler with project's scala-library version: 3.3.8[0m
2026.08.01 23:34:15 INFO  no build target found for /Users/nilayshrivastava/Documents/programming_language/scala/learning_scala/fp_in_scala/fib.scala. Using presentation compiler with project's scala-library version: 3.3.8[0m
2026.08.01 23:34:15 INFO  no build target found for /Users/nilayshrivastava/Documents/programming_language/scala/learning_scala/fp_in_scala/fib.scala. Using presentation compiler with project's scala-library version: 3.3.8[0m
2026.08.01 23:34:15 INFO  no build target found for /Users/nilayshrivastava/Documents/programming_language/scala/learning_scala/fp_in_scala/fib.scala. Using presentation compiler with project's scala-library version: 3.3.8[0m
2026.08.01 23:34:15 INFO  no build target found for /Users/nilayshrivastava/Documents/programming_language/scala/learning_scala/fp_in_scala/fib.scala. Using presentation compiler with project's scala-library version: 3.3.8[0m
2026.08.01 23:34:15 INFO  no build target found for /Users/nilayshrivastava/Documents/programming_language/scala/learning_scala/fp_in_scala/fib.scala. Using presentation compiler with project's scala-library version: 3.3.8[0m
2026.08.01 23:34:15 INFO  no build target found for /Users/nilayshrivastava/Documents/programming_language/scala/learning_scala/fp_in_scala/fib.scala. Using presentation compiler with project's scala-library version: 3.3.8[0m
2026.08.01 23:34:16 INFO  no build target found for /Users/nilayshrivastava/Documents/programming_language/scala/learning_scala/fp_in_scala/fib.scala. Using presentation compiler with project's scala-library version: 3.3.8[0m
2026.08.01 23:34:16 INFO  no build target found for /Users/nilayshrivastava/Documents/programming_language/scala/learning_scala/fp_in_scala/fib.scala. Using presentation compiler with project's scala-library version: 3.3.8[0m
2026.08.01 23:34:16 INFO  no build target found for /Users/nilayshrivastava/Documents/programming_language/scala/learning_scala/fp_in_scala/fib.scala. Using presentation compiler with project's scala-library version: 3.3.8[0m
2026.08.01 23:34:16 INFO  no build target found for /Users/nilayshrivastava/Documents/programming_language/scala/learning_scala/fp_in_scala/fib.scala. Using presentation compiler with project's scala-library version: 3.3.8[0m
2026.08.01 23:34:16 INFO  no build target found for /Users/nilayshrivastava/Documents/programming_language/scala/learning_scala/fp_in_scala/fib.scala. Using presentation compiler with project's scala-library version: 3.3.8[0m
2026.08.01 23:34:16 INFO  no build target found for /Users/nilayshrivastava/Documents/programming_language/scala/learning_scala/fp_in_scala/fib.scala. Using presentation compiler with project's scala-library version: 3.3.8[0m
2026.08.01 23:34:17 INFO  no build target found for /Users/nilayshrivastava/Documents/programming_language/scala/learning_scala/fp_in_scala/fib.scala. Using presentation compiler with project's scala-library version: 3.3.8[0m
2026.08.01 23:34:17 INFO  no build target found for /Users/nilayshrivastava/Documents/programming_language/scala/learning_scala/fp_in_scala/fib.scala. Using presentation compiler with project's scala-library version: 3.3.8[0m
2026.08.01 23:34:17 INFO  no build target found for /Users/nilayshrivastava/Documents/programming_language/scala/learning_scala/fp_in_scala/fib.scala. Using presentation compiler with project's scala-library version: 3.3.8[0m
2026.08.01 23:34:17 INFO  no build target found for /Users/nilayshrivastava/Documents/programming_language/scala/learning_scala/fp_in_scala/fib.scala. Using presentation compiler with project's scala-library version: 3.3.8[0m
2026.08.01 23:34:17 INFO  no build target found for /Users/nilayshrivastava/Documents/programming_language/scala/learning_scala/fp_in_scala/fib.scala. Using presentation compiler with project's scala-library version: 3.3.8[0m
2026.08.01 23:34:17 INFO  no build target found for /Users/nilayshrivastava/Documents/programming_language/scala/learning_scala/fp_in_scala/fib.scala. Using presentation compiler with project's scala-library version: 3.3.8[0m
2026.08.01 23:34:17 INFO  no build target found for /Users/nilayshrivastava/Documents/programming_language/scala/learning_scala/fp_in_scala/fib.scala. Using presentation compiler with project's scala-library version: 3.3.8[0m
2026.08.01 23:34:17 INFO  no build target found for /Users/nilayshrivastava/Documents/programming_language/scala/learning_scala/fp_in_scala/fib.scala. Using presentation compiler with project's scala-library version: 3.3.8[0m
2026.08.01 23:34:17 INFO  no build target found for /Users/nilayshrivastava/Documents/programming_language/scala/learning_scala/fp_in_scala/fib.scala. Using presentation compiler with project's scala-library version: 3.3.8[0m
2026.08.01 23:34:18 INFO  no build target found for /Users/nilayshrivastava/Documents/programming_language/scala/learning_scala/fp_in_scala/fib.scala. Using presentation compiler with project's scala-library version: 3.3.8[0m
2026.08.01 23:34:18 INFO  no build target found for /Users/nilayshrivastava/Documents/programming_language/scala/learning_scala/fp_in_scala/fib.scala. Using presentation compiler with project's scala-library version: 3.3.8[0m
2026.08.01 23:34:18 INFO  no build target found for /Users/nilayshrivastava/Documents/programming_language/scala/learning_scala/fp_in_scala/fib.scala. Using presentation compiler with project's scala-library version: 3.3.8[0m
2026.08.01 23:34:18 INFO  no build target found for /Users/nilayshrivastava/Documents/programming_language/scala/learning_scala/fp_in_scala/fib.scala. Using presentation compiler with project's scala-library version: 3.3.8[0m
2026.08.01 23:34:18 INFO  no build target found for /Users/nilayshrivastava/Documents/programming_language/scala/learning_scala/fp_in_scala/fib.scala. Using presentation compiler with project's scala-library version: 3.3.8[0m
2026.08.01 23:34:18 INFO  no build target found for /Users/nilayshrivastava/Documents/programming_language/scala/learning_scala/fp_in_scala/fib.scala. Using presentation compiler with project's scala-library version: 3.3.8[0m
2026.08.01 23:34:18 INFO  no build target found for /Users/nilayshrivastava/Documents/programming_language/scala/learning_scala/fp_in_scala/fib.scala. Using presentation compiler with project's scala-library version: 3.3.8[0m
2026.08.01 23:34:18 INFO  no build target found for /Users/nilayshrivastava/Documents/programming_language/scala/learning_scala/fp_in_scala/fib.scala. Using presentation compiler with project's scala-library version: 3.3.8[0m
2026.08.01 23:34:18 INFO  no build target found for /Users/nilayshrivastava/Documents/programming_language/scala/learning_scala/fp_in_scala/fib.scala. Using presentation compiler with project's scala-library version: 3.3.8[0m
2026.08.01 23:34:19 INFO  no build target found for /Users/nilayshrivastava/Documents/programming_language/scala/learning_scala/fp_in_scala/fib.scala. Using presentation compiler with project's scala-library version: 3.3.8[0m
2026.08.01 23:34:19 INFO  no build target found for /Users/nilayshrivastava/Documents/programming_language/scala/learning_scala/fp_in_scala/fib.scala. Using presentation compiler with project's scala-library version: 3.3.8[0m
2026.08.01 23:34:19 INFO  no build target found for /Users/nilayshrivastava/Documents/programming_language/scala/learning_scala/fp_in_scala/fib.scala. Using presentation compiler with project's scala-library version: 3.3.8[0m
2026.08.01 23:34:19 INFO  no build target found for /Users/nilayshrivastava/Documents/programming_language/scala/learning_scala/fp_in_scala/fib.scala. Using presentation compiler with project's scala-library version: 3.3.8[0m
2026.08.01 23:34:19 INFO  no build target found for /Users/nilayshrivastava/Documents/programming_language/scala/learning_scala/fp_in_scala/fib.scala. Using presentation compiler with project's scala-library version: 3.3.8[0m
2026.08.01 23:34:20 INFO  no build target found for /Users/nilayshrivastava/Documents/programming_language/scala/learning_scala/fp_in_scala/fib.scala. Using presentation compiler with project's scala-library version: 3.3.8[0m
2026.08.01 23:34:20 INFO  no build target found for /Users/nilayshrivastava/Documents/programming_language/scala/learning_scala/fp_in_scala/fib.scala. Using presentation compiler with project's scala-library version: 3.3.8[0m
2026.08.01 23:34:20 INFO  no build target found for /Users/nilayshrivastava/Documents/programming_language/scala/learning_scala/fp_in_scala/fib.scala. Using presentation compiler with project's scala-library version: 3.3.8[0m
2026.08.01 23:34:20 INFO  no build target found for /Users/nilayshrivastava/Documents/programming_language/scala/learning_scala/fp_in_scala/fib.scala. Using presentation compiler with project's scala-library version: 3.3.8[0m
2026.08.01 23:34:20 INFO  no build target found for /Users/nilayshrivastava/Documents/programming_language/scala/learning_scala/fp_in_scala/fib.scala. Using presentation compiler with project's scala-library version: 3.3.8[0m
2026.08.01 23:34:20 INFO  no build target found for /Users/nilayshrivastava/Documents/programming_language/scala/learning_scala/fp_in_scala/fib.scala. Using presentation compiler with project's scala-library version: 3.3.8[0m
2026.08.01 23:34:20 INFO  no build target found for /Users/nilayshrivastava/Documents/programming_language/scala/learning_scala/fp_in_scala/fib.scala. Using presentation compiler with project's scala-library version: 3.3.8[0m
2026.08.01 23:34:20 INFO  no build target found for /Users/nilayshrivastava/Documents/programming_language/scala/learning_scala/fp_in_scala/fib.scala. Using presentation compiler with project's scala-library version: 3.3.8[0m
2026.08.01 23:34:20 INFO  no build target found for /Users/nilayshrivastava/Documents/programming_language/scala/learning_scala/fp_in_scala/fib.scala. Using presentation compiler with project's scala-library version: 3.3.8[0m
2026.08.01 23:34:22 INFO  no build target found for /Users/nilayshrivastava/Documents/programming_language/scala/learning_scala/fp_in_scala/fib.scala. Using presentation compiler with project's scala-library version: 3.3.8[0m
2026.08.01 23:34:22 INFO  no build target found for /Users/nilayshrivastava/Documents/programming_language/scala/learning_scala/fp_in_scala/fib.scala. Using presentation compiler with project's scala-library version: 3.3.8[0m
2026.08.01 23:34:22 INFO  no build target found for /Users/nilayshrivastava/Documents/programming_language/scala/learning_scala/fp_in_scala/fib.scala. Using presentation compiler with project's scala-library version: 3.3.8[0m
2026.08.01 23:34:22 INFO  no build target found for /Users/nilayshrivastava/Documents/programming_language/scala/learning_scala/fp_in_scala/fib.scala. Using presentation compiler with project's scala-library version: 3.3.8[0m
2026.08.01 23:34:22 INFO  no build target found for /Users/nilayshrivastava/Documents/programming_language/scala/learning_scala/fp_in_scala/fib.scala. Using presentation compiler with project's scala-library version: 3.3.8[0m
2026.08.01 23:34:22 INFO  no build target found for /Users/nilayshrivastava/Documents/programming_language/scala/learning_scala/fp_in_scala/fib.scala. Using presentation compiler with project's scala-library version: 3.3.8[0m
2026.08.01 23:34:22 INFO  no build target found for /Users/nilayshrivastava/Documents/programming_language/scala/learning_scala/fp_in_scala/fib.scala. Using presentation compiler with project's scala-library version: 3.3.8[0m
2026.08.01 23:34:22 INFO  no build target found for /Users/nilayshrivastava/Documents/programming_language/scala/learning_scala/fp_in_scala/fib.scala. Using presentation compiler with project's scala-library version: 3.3.8[0m
2026.08.01 23:34:23 INFO  no build target found for /Users/nilayshrivastava/Documents/programming_language/scala/learning_scala/fp_in_scala/fib.scala. Using presentation compiler with project's scala-library version: 3.3.8[0m
2026.08.01 23:34:23 INFO  no build target found for /Users/nilayshrivastava/Documents/programming_language/scala/learning_scala/fp_in_scala/fib.scala. Using presentation compiler with project's scala-library version: 3.3.8[0m
2026.08.01 23:34:23 INFO  no build target found for /Users/nilayshrivastava/Documents/programming_language/scala/learning_scala/fp_in_scala/fib.scala. Using presentation compiler with project's scala-library version: 3.3.8[0m
2026.08.01 23:34:23 INFO  no build target found for /Users/nilayshrivastava/Documents/programming_language/scala/learning_scala/fp_in_scala/fib.scala. Using presentation compiler with project's scala-library version: 3.3.8[0m
2026.08.01 23:34:30 WARN  no build target for: /Users/nilayshrivastava/Documents/programming_language/scala/learning_scala/fp_in_scala/fib.scala[0m
2026.08.01 23:34:30 INFO  no build target found for /Users/nilayshrivastava/Documents/programming_language/scala/learning_scala/fp_in_scala/fib.scala. Using presentation compiler with project's scala-library version: 3.3.8[0m
2026.08.01 23:34:33 INFO  no build target found for /Users/nilayshrivastava/Documents/programming_language/scala/learning_scala/fp_in_scala/fib.scala. Using presentation compiler with project's scala-library version: 3.3.8[0m
2026.08.01 23:34:33 INFO  no build target found for /Users/nilayshrivastava/Documents/programming_language/scala/learning_scala/fp_in_scala/fib.scala. Using presentation compiler with project's scala-library version: 3.3.8[0m
2026.08.01 23:34:33 INFO  no build target found for /Users/nilayshrivastava/Documents/programming_language/scala/learning_scala/fp_in_scala/fib.scala. Using presentation compiler with project's scala-library version: 3.3.8[0m
2026.08.01 23:34:35 INFO  no build target found for /Users/nilayshrivastava/Documents/programming_language/scala/learning_scala/fp_in_scala/fib.scala. Using presentation compiler with project's scala-library version: 3.3.8[0m
2026.08.01 23:34:35 INFO  no build target found for /Users/nilayshrivastava/Documents/programming_language/scala/learning_scala/fp_in_scala/fib.scala. Using presentation compiler with project's scala-library version: 3.3.8[0m
2026.08.01 23:34:35 INFO  no build target found for /Users/nilayshrivastava/Documents/programming_language/scala/learning_scala/fp_in_scala/fib.scala. Using presentation compiler with project's scala-library version: 3.3.8[0m
2026.08.01 23:34:35 INFO  no build target found for /Users/nilayshrivastava/Documents/programming_language/scala/learning_scala/fp_in_scala/fib.scala. Using presentation compiler with project's scala-library version: 3.3.8[0m
2026.08.01 23:34:35 INFO  no build target found for /Users/nilayshrivastava/Documents/programming_language/scala/learning_scala/fp_in_scala/fib.scala. Using presentation compiler with project's scala-library version: 3.3.8[0m
2026.08.01 23:34:35 INFO  no build target found for /Users/nilayshrivastava/Documents/programming_language/scala/learning_scala/fp_in_scala/fib.scala. Using presentation compiler with project's scala-library version: 3.3.8[0m
2026.08.01 23:34:35 INFO  no build target found for /Users/nilayshrivastava/Documents/programming_language/scala/learning_scala/fp_in_scala/fib.scala. Using presentation compiler with project's scala-library version: 3.3.8[0m
2026.08.01 23:34:50 INFO  no build target found for /Users/nilayshrivastava/Documents/programming_language/scala/learning_scala/fp_in_scala/fib.scala. Using presentation compiler with project's scala-library version: 3.3.8[0m
2026.08.01 23:34:50 INFO  no build target found for /Users/nilayshrivastava/Documents/programming_language/scala/learning_scala/fp_in_scala/fib.scala. Using presentation compiler with project's scala-library version: 3.3.8[0m
2026.08.01 23:34:50 INFO  no build target found for /Users/nilayshrivastava/Documents/programming_language/scala/learning_scala/fp_in_scala/fib.scala. Using presentation compiler with project's scala-library version: 3.3.8[0m
2026.08.01 23:34:50 INFO  no build target found for /Users/nilayshrivastava/Documents/programming_language/scala/learning_scala/fp_in_scala/fib.scala. Using presentation compiler with project's scala-library version: 3.3.8[0m
2026.08.01 23:34:50 INFO  no build target found for /Users/nilayshrivastava/Documents/programming_language/scala/learning_scala/fp_in_scala/fib.scala. Using presentation compiler with project's scala-library version: 3.3.8[0m
2026.08.01 23:34:51 INFO  no build target found for /Users/nilayshrivastava/Documents/programming_language/scala/learning_scala/fp_in_scala/fib.scala. Using presentation compiler with project's scala-library version: 3.3.8[0m
2026.08.01 23:34:51 INFO  no build target found for /Users/nilayshrivastava/Documents/programming_language/scala/learning_scala/fp_in_scala/fib.scala. Using presentation compiler with project's scala-library version: 3.3.8[0m
2026.08.01 23:34:51 INFO  no build target found for /Users/nilayshrivastava/Documents/programming_language/scala/learning_scala/fp_in_scala/fib.scala. Using presentation compiler with project's scala-library version: 3.3.8[0m
2026.08.01 23:34:51 INFO  no build target found for /Users/nilayshrivastava/Documents/programming_language/scala/learning_scala/fp_in_scala/fib.scala. Using presentation compiler with project's scala-library version: 3.3.8[0m
2026.08.01 23:34:51 INFO  no build target found for /Users/nilayshrivastava/Documents/programming_language/scala/learning_scala/fp_in_scala/fib.scala. Using presentation compiler with project's scala-library version: 3.3.8[0m
2026.08.01 23:34:51 INFO  no build target found for /Users/nilayshrivastava/Documents/programming_language/scala/learning_scala/fp_in_scala/fib.scala. Using presentation compiler with project's scala-library version: 3.3.8[0m
2026.08.01 23:34:51 INFO  no build target found for /Users/nilayshrivastava/Documents/programming_language/scala/learning_scala/fp_in_scala/fib.scala. Using presentation compiler with project's scala-library version: 3.3.8[0m
2026.08.01 23:34:51 INFO  no build target found for /Users/nilayshrivastava/Documents/programming_language/scala/learning_scala/fp_in_scala/fib.scala. Using presentation compiler with project's scala-library version: 3.3.8[0m
2026.08.01 23:34:51 INFO  no build target found for /Users/nilayshrivastava/Documents/programming_language/scala/learning_scala/fp_in_scala/fib.scala. Using presentation compiler with project's scala-library version: 3.3.8[0m
2026.08.01 23:34:51 INFO  no build target found for /Users/nilayshrivastava/Documents/programming_language/scala/learning_scala/fp_in_scala/fib.scala. Using presentation compiler with project's scala-library version: 3.3.8[0m
2026.08.01 23:34:51 INFO  no build target found for /Users/nilayshrivastava/Documents/programming_language/scala/learning_scala/fp_in_scala/fib.scala. Using presentation compiler with project's scala-library version: 3.3.8[0m
2026.08.01 23:34:51 INFO  no build target found for /Users/nilayshrivastava/Documents/programming_language/scala/learning_scala/fp_in_scala/fib.scala. Using presentation compiler with project's scala-library version: 3.3.8[0m
2026.08.01 23:34:52 INFO  no build target found for /Users/nilayshrivastava/Documents/programming_language/scala/learning_scala/fp_in_scala/fib.scala. Using presentation compiler with project's scala-library version: 3.3.8[0m
2026.08.01 23:34:52 INFO  no build target found for /Users/nilayshrivastava/Documents/programming_language/scala/learning_scala/fp_in_scala/fib.scala. Using presentation compiler with project's scala-library version: 3.3.8[0m
2026.08.01 23:34:52 INFO  no build target found for /Users/nilayshrivastava/Documents/programming_language/scala/learning_scala/fp_in_scala/fib.scala. Using presentation compiler with project's scala-library version: 3.3.8[0m
2026.08.01 23:34:52 INFO  no build target found for /Users/nilayshrivastava/Documents/programming_language/scala/learning_scala/fp_in_scala/fib.scala. Using presentation compiler with project's scala-library version: 3.3.8[0m
2026.08.01 23:34:54 INFO  no build target found for /Users/nilayshrivastava/Documents/programming_language/scala/learning_scala/fp_in_scala/fib.scala. Using presentation compiler with project's scala-library version: 3.3.8[0m
2026.08.01 23:34:54 INFO  no build target found for /Users/nilayshrivastava/Documents/programming_language/scala/learning_scala/fp_in_scala/fib.scala. Using presentation compiler with project's scala-library version: 3.3.8[0m
2026.08.01 23:34:54 INFO  no build target found for /Users/nilayshrivastava/Documents/programming_language/scala/learning_scala/fp_in_scala/fib.scala. Using presentation compiler with project's scala-library version: 3.3.8[0m
2026.08.01 23:34:54 INFO  no build target found for /Users/nilayshrivastava/Documents/programming_language/scala/learning_scala/fp_in_scala/fib.scala. Using presentation compiler with project's scala-library version: 3.3.8[0m
2026.08.01 23:34:54 INFO  no build target found for /Users/nilayshrivastava/Documents/programming_language/scala/learning_scala/fp_in_scala/fib.scala. Using presentation compiler with project's scala-library version: 3.3.8[0m
2026.08.01 23:34:54 INFO  no build target found for /Users/nilayshrivastava/Documents/programming_language/scala/learning_scala/fp_in_scala/fib.scala. Using presentation compiler with project's scala-library version: 3.3.8[0m
2026.08.01 23:34:55 INFO  no build target found for /Users/nilayshrivastava/Documents/programming_language/scala/learning_scala/fp_in_scala/fib.scala. Using presentation compiler with project's scala-library version: 3.3.8[0m
2026.08.01 23:34:55 INFO  no build target found for /Users/nilayshrivastava/Documents/programming_language/scala/learning_scala/fp_in_scala/fib.scala. Using presentation compiler with project's scala-library version: 3.3.8[0m
2026.08.01 23:34:55 INFO  no build target found for /Users/nilayshrivastava/Documents/programming_language/scala/learning_scala/fp_in_scala/fib.scala. Using presentation compiler with project's scala-library version: 3.3.8[0m
2026.08.01 23:34:55 INFO  no build target found for /Users/nilayshrivastava/Documents/programming_language/scala/learning_scala/fp_in_scala/fib.scala. Using presentation compiler with project's scala-library version: 3.3.8[0m
2026.08.01 23:34:55 INFO  no build target found for /Users/nilayshrivastava/Documents/programming_language/scala/learning_scala/fp_in_scala/fib.scala. Using presentation compiler with project's scala-library version: 3.3.8[0m
2026.08.01 23:34:56 INFO  no build target found for /Users/nilayshrivastava/Documents/programming_language/scala/learning_scala/fp_in_scala/fib.scala. Using presentation compiler with project's scala-library version: 3.3.8[0m
2026.08.01 23:34:56 INFO  no build target found for /Users/nilayshrivastava/Documents/programming_language/scala/learning_scala/fp_in_scala/fib.scala. Using presentation compiler with project's scala-library version: 3.3.8[0m
2026.08.01 23:34:56 INFO  no build target found for /Users/nilayshrivastava/Documents/programming_language/scala/learning_scala/fp_in_scala/fib.scala. Using presentation compiler with project's scala-library version: 3.3.8[0m
2026.08.01 23:34:57 INFO  no build target found for /Users/nilayshrivastava/Documents/programming_language/scala/learning_scala/fp_in_scala/fib.scala. Using presentation compiler with project's scala-library version: 3.3.8[0m
2026.08.01 23:34:57 INFO  no build target found for /Users/nilayshrivastava/Documents/programming_language/scala/learning_scala/fp_in_scala/fib.scala. Using presentation compiler with project's scala-library version: 3.3.8[0m
2026.08.01 23:34:57 INFO  no build target found for /Users/nilayshrivastava/Documents/programming_language/scala/learning_scala/fp_in_scala/fib.scala. Using presentation compiler with project's scala-library version: 3.3.8[0m
2026.08.01 23:34:57 INFO  no build target found for /Users/nilayshrivastava/Documents/programming_language/scala/learning_scala/fp_in_scala/fib.scala. Using presentation compiler with project's scala-library version: 3.3.8[0m
2026.08.01 23:34:57 INFO  no build target found for /Users/nilayshrivastava/Documents/programming_language/scala/learning_scala/fp_in_scala/fib.scala. Using presentation compiler with project's scala-library version: 3.3.8[0m
2026.08.01 23:34:57 INFO  no build target found for /Users/nilayshrivastava/Documents/programming_language/scala/learning_scala/fp_in_scala/fib.scala. Using presentation compiler with project's scala-library version: 3.3.8[0m
2026.08.01 23:34:57 INFO  no build target found for /Users/nilayshrivastava/Documents/programming_language/scala/learning_scala/fp_in_scala/fib.scala. Using presentation compiler with project's scala-library version: 3.3.8[0m
2026.08.01 23:34:57 INFO  no build target found for /Users/nilayshrivastava/Documents/programming_language/scala/learning_scala/fp_in_scala/fib.scala. Using presentation compiler with project's scala-library version: 3.3.8[0m
2026.08.01 23:34:57 INFO  no build target found for /Users/nilayshrivastava/Documents/programming_language/scala/learning_scala/fp_in_scala/fib.scala. Using presentation compiler with project's scala-library version: 3.3.8[0m
2026.08.01 23:34:57 INFO  no build target found for /Users/nilayshrivastava/Documents/programming_language/scala/learning_scala/fp_in_scala/fib.scala. Using presentation compiler with project's scala-library version: 3.3.8[0m
2026.08.01 23:34:59 INFO  no build target found for /Users/nilayshrivastava/Documents/programming_language/scala/learning_scala/fp_in_scala/fib.scala. Using presentation compiler with project's scala-library version: 3.3.8[0m
2026.08.01 23:34:59 INFO  no build target found for /Users/nilayshrivastava/Documents/programming_language/scala/learning_scala/fp_in_scala/fib.scala. Using presentation compiler with project's scala-library version: 3.3.8[0m
2026.08.01 23:34:59 INFO  no build target found for /Users/nilayshrivastava/Documents/programming_language/scala/learning_scala/fp_in_scala/fib.scala. Using presentation compiler with project's scala-library version: 3.3.8[0m
2026.08.01 23:34:59 INFO  no build target found for /Users/nilayshrivastava/Documents/programming_language/scala/learning_scala/fp_in_scala/fib.scala. Using presentation compiler with project's scala-library version: 3.3.8[0m
2026.08.01 23:35:01 INFO  no build target found for /Users/nilayshrivastava/Documents/programming_language/scala/learning_scala/fp_in_scala/fib.scala. Using presentation compiler with project's scala-library version: 3.3.8[0m
2026.08.01 23:35:01 INFO  no build target found for /Users/nilayshrivastava/Documents/programming_language/scala/learning_scala/fp_in_scala/fib.scala. Using presentation compiler with project's scala-library version: 3.3.8[0m
2026.08.01 23:35:01 INFO  no build target found for /Users/nilayshrivastava/Documents/programming_language/scala/learning_scala/fp_in_scala/fib.scala. Using presentation compiler with project's scala-library version: 3.3.8[0m
2026.08.01 23:35:01 INFO  no build target found for /Users/nilayshrivastava/Documents/programming_language/scala/learning_scala/fp_in_scala/fib.scala. Using presentation compiler with project's scala-library version: 3.3.8[0m
2026.08.01 23:35:01 INFO  no build target found for /Users/nilayshrivastava/Documents/programming_language/scala/learning_scala/fp_in_scala/fib.scala. Using presentation compiler with project's scala-library version: 3.3.8[0m
2026.08.01 23:35:04 INFO  no build target found for /Users/nilayshrivastava/Documents/programming_language/scala/learning_scala/fp_in_scala/fib.scala. Using presentation compiler with project's scala-library version: 3.3.8[0m
2026.08.01 23:35:04 INFO  no build target found for /Users/nilayshrivastava/Documents/programming_language/scala/learning_scala/fp_in_scala/fib.scala. Using presentation compiler with project's scala-library version: 3.3.8[0m
2026.08.01 23:35:04 INFO  no build target found for /Users/nilayshrivastava/Documents/programming_language/scala/learning_scala/fp_in_scala/fib.scala. Using presentation compiler with project's scala-library version: 3.3.8[0m
2026.08.01 23:35:04 INFO  no build target found for /Users/nilayshrivastava/Documents/programming_language/scala/learning_scala/fp_in_scala/fib.scala. Using presentation compiler with project's scala-library version: 3.3.8[0m
2026.08.01 23:35:04 INFO  no build target found for /Users/nilayshrivastava/Documents/programming_language/scala/learning_scala/fp_in_scala/fib.scala. Using presentation compiler with project's scala-library version: 3.3.8[0m
2026.08.01 23:35:04 INFO  no build target found for /Users/nilayshrivastava/Documents/programming_language/scala/learning_scala/fp_in_scala/fib.scala. Using presentation compiler with project's scala-library version: 3.3.8[0m
2026.08.01 23:35:04 INFO  no build target found for /Users/nilayshrivastava/Documents/programming_language/scala/learning_scala/fp_in_scala/fib.scala. Using presentation compiler with project's scala-library version: 3.3.8[0m
2026.08.01 23:35:06 INFO  no build target found for /Users/nilayshrivastava/Documents/programming_language/scala/learning_scala/fp_in_scala/fib.scala. Using presentation compiler with project's scala-library version: 3.3.8[0m
2026.08.01 23:35:06 INFO  no build target found for /Users/nilayshrivastava/Documents/programming_language/scala/learning_scala/fp_in_scala/fib.scala. Using presentation compiler with project's scala-library version: 3.3.8[0m
2026.08.01 23:35:06 INFO  no build target found for /Users/nilayshrivastava/Documents/programming_language/scala/learning_scala/fp_in_scala/fib.scala. Using presentation compiler with project's scala-library version: 3.3.8[0m
2026.08.01 23:35:06 INFO  no build target found for /Users/nilayshrivastava/Documents/programming_language/scala/learning_scala/fp_in_scala/fib.scala. Using presentation compiler with project's scala-library version: 3.3.8[0m
2026.08.01 23:35:06 INFO  no build target found for /Users/nilayshrivastava/Documents/programming_language/scala/learning_scala/fp_in_scala/fib.scala. Using presentation compiler with project's scala-library version: 3.3.8[0m
2026.08.01 23:35:06 INFO  no build target found for /Users/nilayshrivastava/Documents/programming_language/scala/learning_scala/fp_in_scala/fib.scala. Using presentation compiler with project's scala-library version: 3.3.8[0m
2026.08.01 23:35:06 INFO  no build target found for /Users/nilayshrivastava/Documents/programming_language/scala/learning_scala/fp_in_scala/fib.scala. Using presentation compiler with project's scala-library version: 3.3.8[0m
2026.08.01 23:35:06 INFO  no build target found for /Users/nilayshrivastava/Documents/programming_language/scala/learning_scala/fp_in_scala/fib.scala. Using presentation compiler with project's scala-library version: 3.3.8[0m
2026.08.01 23:35:06 INFO  no build target found for /Users/nilayshrivastava/Documents/programming_language/scala/learning_scala/fp_in_scala/fib.scala. Using presentation compiler with project's scala-library version: 3.3.8[0m
2026.08.01 23:35:09 INFO  no build target found for /Users/nilayshrivastava/Documents/programming_language/scala/learning_scala/fp_in_scala/fib.scala. Using presentation compiler with project's scala-library version: 3.3.8[0m
2026.08.01 23:35:09 INFO  no build target found for /Users/nilayshrivastava/Documents/programming_language/scala/learning_scala/fp_in_scala/fib.scala. Using presentation compiler with project's scala-library version: 3.3.8[0m
2026.08.01 23:35:09 INFO  no build target found for /Users/nilayshrivastava/Documents/programming_language/scala/learning_scala/fp_in_scala/fib.scala. Using presentation compiler with project's scala-library version: 3.3.8[0m
2026.08.01 23:35:10 INFO  no build target found for /Users/nilayshrivastava/Documents/programming_language/scala/learning_scala/fp_in_scala/fib.scala. Using presentation compiler with project's scala-library version: 3.3.8[0m
2026.08.01 23:35:10 INFO  no build target found for /Users/nilayshrivastava/Documents/programming_language/scala/learning_scala/fp_in_scala/fib.scala. Using presentation compiler with project's scala-library version: 3.3.8[0m
2026.08.01 23:35:10 INFO  no build target found for /Users/nilayshrivastava/Documents/programming_language/scala/learning_scala/fp_in_scala/fib.scala. Using presentation compiler with project's scala-library version: 3.3.8[0m
2026.08.01 23:35:10 INFO  no build target found for /Users/nilayshrivastava/Documents/programming_language/scala/learning_scala/fp_in_scala/fib.scala. Using presentation compiler with project's scala-library version: 3.3.8[0m
2026.08.01 23:35:10 INFO  no build target found for /Users/nilayshrivastava/Documents/programming_language/scala/learning_scala/fp_in_scala/fib.scala. Using presentation compiler with project's scala-library version: 3.3.8[0m
2026.08.01 23:35:16 WARN  no build target for: /Users/nilayshrivastava/Documents/programming_language/scala/learning_scala/fp_in_scala/fib.scala[0m
2026.08.01 23:35:16 INFO  no build target found for /Users/nilayshrivastava/Documents/programming_language/scala/learning_scala/fp_in_scala/fib.scala. Using presentation compiler with project's scala-library version: 3.3.8[0m
2026.08.01 23:36:15 INFO  no build target found for /Users/nilayshrivastava/Documents/programming_language/scala/learning_scala/fp_in_scala/fib.scala. Using presentation compiler with project's scala-library version: 3.3.8[0m
2026.08.01 23:36:16 INFO  no build target found for /Users/nilayshrivastava/Documents/programming_language/scala/learning_scala/fp_in_scala/fib.scala. Using presentation compiler with project's scala-library version: 3.3.8[0m
2026.08.01 23:36:16 INFO  no build target found for /Users/nilayshrivastava/Documents/programming_language/scala/learning_scala/fp_in_scala/fib.scala. Using presentation compiler with project's scala-library version: 3.3.8[0m
2026.08.01 23:36:16 INFO  no build target found for /Users/nilayshrivastava/Documents/programming_language/scala/learning_scala/fp_in_scala/fib.scala. Using presentation compiler with project's scala-library version: 3.3.8[0m
2026.08.01 23:36:16 INFO  no build target found for /Users/nilayshrivastava/Documents/programming_language/scala/learning_scala/fp_in_scala/fib.scala. Using presentation compiler with project's scala-library version: 3.3.8[0m
2026.08.01 23:36:16 INFO  no build target found for /Users/nilayshrivastava/Documents/programming_language/scala/learning_scala/fp_in_scala/fib.scala. Using presentation compiler with project's scala-library version: 3.3.8[0m
2026.08.01 23:36:18 INFO  no build target found for /Users/nilayshrivastava/Documents/programming_language/scala/learning_scala/fp_in_scala/fib.scala. Using presentation compiler with project's scala-library version: 3.3.8[0m
2026.08.01 23:36:18 INFO  no build target found for /Users/nilayshrivastava/Documents/programming_language/scala/learning_scala/fp_in_scala/fib.scala. Using presentation compiler with project's scala-library version: 3.3.8[0m
2026.08.01 23:36:19 INFO  no build target found for /Users/nilayshrivastava/Documents/programming_language/scala/learning_scala/fp_in_scala/fib.scala. Using presentation compiler with project's scala-library version: 3.3.8[0m
2026.08.01 23:36:19 INFO  no build target found for /Users/nilayshrivastava/Documents/programming_language/scala/learning_scala/fp_in_scala/fib.scala. Using presentation compiler with project's scala-library version: 3.3.8[0m
2026.08.01 23:36:19 INFO  no build target found for /Users/nilayshrivastava/Documents/programming_language/scala/learning_scala/fp_in_scala/fib.scala. Using presentation compiler with project's scala-library version: 3.3.8[0m
2026.08.01 23:36:19 INFO  no build target found for /Users/nilayshrivastava/Documents/programming_language/scala/learning_scala/fp_in_scala/fib.scala. Using presentation compiler with project's scala-library version: 3.3.8[0m
2026.08.01 23:36:19 INFO  no build target found for /Users/nilayshrivastava/Documents/programming_language/scala/learning_scala/fp_in_scala/fib.scala. Using presentation compiler with project's scala-library version: 3.3.8[0m
2026.08.01 23:36:20 INFO  no build target found for /Users/nilayshrivastava/Documents/programming_language/scala/learning_scala/fp_in_scala/fib.scala. Using presentation compiler with project's scala-library version: 3.3.8[0m
2026.08.01 23:36:20 INFO  no build target found for /Users/nilayshrivastava/Documents/programming_language/scala/learning_scala/fp_in_scala/fib.scala. Using presentation compiler with project's scala-library version: 3.3.8[0m
2026.08.01 23:36:20 INFO  no build target found for /Users/nilayshrivastava/Documents/programming_language/scala/learning_scala/fp_in_scala/fib.scala. Using presentation compiler with project's scala-library version: 3.3.8[0m
2026.08.01 23:36:20 INFO  no build target found for /Users/nilayshrivastava/Documents/programming_language/scala/learning_scala/fp_in_scala/fib.scala. Using presentation compiler with project's scala-library version: 3.3.8[0m
2026.08.01 23:36:20 INFO  no build target found for /Users/nilayshrivastava/Documents/programming_language/scala/learning_scala/fp_in_scala/fib.scala. Using presentation compiler with project's scala-library version: 3.3.8[0m
2026.08.01 23:36:20 INFO  no build target found for /Users/nilayshrivastava/Documents/programming_language/scala/learning_scala/fp_in_scala/fib.scala. Using presentation compiler with project's scala-library version: 3.3.8[0m
2026.08.01 23:36:20 INFO  no build target found for /Users/nilayshrivastava/Documents/programming_language/scala/learning_scala/fp_in_scala/fib.scala. Using presentation compiler with project's scala-library version: 3.3.8[0m
2026.08.01 23:36:22 INFO  no build target found for /Users/nilayshrivastava/Documents/programming_language/scala/learning_scala/fp_in_scala/fib.scala. Using presentation compiler with project's scala-library version: 3.3.8[0m
2026.08.01 23:36:22 INFO  no build target found for /Users/nilayshrivastava/Documents/programming_language/scala/learning_scala/fp_in_scala/fib.scala. Using presentation compiler with project's scala-library version: 3.3.8[0m
2026.08.01 23:36:22 INFO  no build target found for /Users/nilayshrivastava/Documents/programming_language/scala/learning_scala/fp_in_scala/fib.scala. Using presentation compiler with project's scala-library version: 3.3.8[0m
2026.08.01 23:36:22 INFO  no build target found for /Users/nilayshrivastava/Documents/programming_language/scala/learning_scala/fp_in_scala/fib.scala. Using presentation compiler with project's scala-library version: 3.3.8[0m
2026.08.01 23:36:22 INFO  no build target found for /Users/nilayshrivastava/Documents/programming_language/scala/learning_scala/fp_in_scala/fib.scala. Using presentation compiler with project's scala-library version: 3.3.8[0m
2026.08.01 23:36:23 INFO  no build target found for /Users/nilayshrivastava/Documents/programming_language/scala/learning_scala/fp_in_scala/fib.scala. Using presentation compiler with project's scala-library version: 3.3.8[0m
2026.08.01 23:36:23 INFO  no build target found for /Users/nilayshrivastava/Documents/programming_language/scala/learning_scala/fp_in_scala/fib.scala. Using presentation compiler with project's scala-library version: 3.3.8[0m
2026.08.01 23:36:23 INFO  no build target found for /Users/nilayshrivastava/Documents/programming_language/scala/learning_scala/fp_in_scala/fib.scala. Using presentation compiler with project's scala-library version: 3.3.8[0m
2026.08.01 23:36:23 INFO  no build target found for /Users/nilayshrivastava/Documents/programming_language/scala/learning_scala/fp_in_scala/fib.scala. Using presentation compiler with project's scala-library version: 3.3.8[0m
2026.08.01 23:36:23 INFO  no build target found for /Users/nilayshrivastava/Documents/programming_language/scala/learning_scala/fp_in_scala/fib.scala. Using presentation compiler with project's scala-library version: 3.3.8[0m
2026.08.01 23:36:23 INFO  no build target found for /Users/nilayshrivastava/Documents/programming_language/scala/learning_scala/fp_in_scala/fib.scala. Using presentation compiler with project's scala-library version: 3.3.8[0m
2026.08.01 23:36:23 INFO  no build target found for /Users/nilayshrivastava/Documents/programming_language/scala/learning_scala/fp_in_scala/fib.scala. Using presentation compiler with project's scala-library version: 3.3.8[0m
2026.08.01 23:36:23 INFO  no build target found for /Users/nilayshrivastava/Documents/programming_language/scala/learning_scala/fp_in_scala/fib.scala. Using presentation compiler with project's scala-library version: 3.3.8[0m
2026.08.01 23:36:23 INFO  no build target found for /Users/nilayshrivastava/Documents/programming_language/scala/learning_scala/fp_in_scala/fib.scala. Using presentation compiler with project's scala-library version: 3.3.8[0m
2026.08.01 23:36:25 INFO  no build target found for /Users/nilayshrivastava/Documents/programming_language/scala/learning_scala/fp_in_scala/fib.scala. Using presentation compiler with project's scala-library version: 3.3.8[0m
2026.08.01 23:36:25 INFO  no build target found for /Users/nilayshrivastava/Documents/programming_language/scala/learning_scala/fp_in_scala/fib.scala. Using presentation compiler with project's scala-library version: 3.3.8[0m
2026.08.01 23:36:25 INFO  no build target found for /Users/nilayshrivastava/Documents/programming_language/scala/learning_scala/fp_in_scala/fib.scala. Using presentation compiler with project's scala-library version: 3.3.8[0m
2026.08.01 23:36:26 INFO  no build target found for /Users/nilayshrivastava/Documents/programming_language/scala/learning_scala/fp_in_scala/fib.scala. Using presentation compiler with project's scala-library version: 3.3.8[0m
2026.08.01 23:36:26 INFO  no build target found for /Users/nilayshrivastava/Documents/programming_language/scala/learning_scala/fp_in_scala/fib.scala. Using presentation compiler with project's scala-library version: 3.3.8[0m
2026.08.01 23:36:26 INFO  no build target found for /Users/nilayshrivastava/Documents/programming_language/scala/learning_scala/fp_in_scala/fib.scala. Using presentation compiler with project's scala-library version: 3.3.8[0m
2026.08.01 23:36:26 INFO  no build target found for /Users/nilayshrivastava/Documents/programming_language/scala/learning_scala/fp_in_scala/fib.scala. Using presentation compiler with project's scala-library version: 3.3.8[0m
2026.08.01 23:36:26 INFO  no build target found for /Users/nilayshrivastava/Documents/programming_language/scala/learning_scala/fp_in_scala/fib.scala. Using presentation compiler with project's scala-library version: 3.3.8[0m
2026.08.01 23:36:26 INFO  no build target found for /Users/nilayshrivastava/Documents/programming_language/scala/learning_scala/fp_in_scala/fib.scala. Using presentation compiler with project's scala-library version: 3.3.8[0m
2026.08.01 23:36:26 INFO  no build target found for /Users/nilayshrivastava/Documents/programming_language/scala/learning_scala/fp_in_scala/fib.scala. Using presentation compiler with project's scala-library version: 3.3.8[0m
2026.08.01 23:36:27 INFO  no build target found for /Users/nilayshrivastava/Documents/programming_language/scala/learning_scala/fp_in_scala/fib.scala. Using presentation compiler with project's scala-library version: 3.3.8[0m
2026.08.01 23:36:27 INFO  no build target found for /Users/nilayshrivastava/Documents/programming_language/scala/learning_scala/fp_in_scala/fib.scala. Using presentation compiler with project's scala-library version: 3.3.8[0m
2026.08.01 23:36:27 INFO  no build target found for /Users/nilayshrivastava/Documents/programming_language/scala/learning_scala/fp_in_scala/fib.scala. Using presentation compiler with project's scala-library version: 3.3.8[0m
2026.08.01 23:36:27 INFO  no build target found for /Users/nilayshrivastava/Documents/programming_language/scala/learning_scala/fp_in_scala/fib.scala. Using presentation compiler with project's scala-library version: 3.3.8[0m
2026.08.01 23:36:27 INFO  no build target found for /Users/nilayshrivastava/Documents/programming_language/scala/learning_scala/fp_in_scala/fib.scala. Using presentation compiler with project's scala-library version: 3.3.8[0m
2026.08.01 23:36:27 INFO  no build target found for /Users/nilayshrivastava/Documents/programming_language/scala/learning_scala/fp_in_scala/fib.scala. Using presentation compiler with project's scala-library version: 3.3.8[0m
2026.08.01 23:36:29 INFO  no build target found for /Users/nilayshrivastava/Documents/programming_language/scala/learning_scala/fp_in_scala/fib.scala. Using presentation compiler with project's scala-library version: 3.3.8[0m
2026.08.01 23:36:29 INFO  no build target found for /Users/nilayshrivastava/Documents/programming_language/scala/learning_scala/fp_in_scala/fib.scala. Using presentation compiler with project's scala-library version: 3.3.8[0m
2026.08.01 23:36:29 INFO  no build target found for /Users/nilayshrivastava/Documents/programming_language/scala/learning_scala/fp_in_scala/fib.scala. Using presentation compiler with project's scala-library version: 3.3.8[0m
2026.08.01 23:36:29 INFO  no build target found for /Users/nilayshrivastava/Documents/programming_language/scala/learning_scala/fp_in_scala/fib.scala. Using presentation compiler with project's scala-library version: 3.3.8[0m
2026.08.01 23:36:29 INFO  no build target found for /Users/nilayshrivastava/Documents/programming_language/scala/learning_scala/fp_in_scala/fib.scala. Using presentation compiler with project's scala-library version: 3.3.8[0m
2026.08.01 23:36:30 INFO  no build target found for /Users/nilayshrivastava/Documents/programming_language/scala/learning_scala/fp_in_scala/fib.scala. Using presentation compiler with project's scala-library version: 3.3.8[0m
2026.08.01 23:36:30 INFO  no build target found for /Users/nilayshrivastava/Documents/programming_language/scala/learning_scala/fp_in_scala/fib.scala. Using presentation compiler with project's scala-library version: 3.3.8[0m
2026.08.01 23:36:30 INFO  no build target found for /Users/nilayshrivastava/Documents/programming_language/scala/learning_scala/fp_in_scala/fib.scala. Using presentation compiler with project's scala-library version: 3.3.8[0m
2026.08.01 23:36:30 INFO  no build target found for /Users/nilayshrivastava/Documents/programming_language/scala/learning_scala/fp_in_scala/fib.scala. Using presentation compiler with project's scala-library version: 3.3.8[0m
2026.08.01 23:36:30 INFO  no build target found for /Users/nilayshrivastava/Documents/programming_language/scala/learning_scala/fp_in_scala/fib.scala. Using presentation compiler with project's scala-library version: 3.3.8[0m
2026.08.01 23:36:37 INFO  no build target found for /Users/nilayshrivastava/Documents/programming_language/scala/learning_scala/fp_in_scala/fib.scala. Using presentation compiler with project's scala-library version: 3.3.8[0m
2026.08.01 23:36:37 INFO  no build target found for /Users/nilayshrivastava/Documents/programming_language/scala/learning_scala/fp_in_scala/fib.scala. Using presentation compiler with project's scala-library version: 3.3.8[0m
2026.08.01 23:36:37 INFO  no build target found for /Users/nilayshrivastava/Documents/programming_language/scala/learning_scala/fp_in_scala/fib.scala. Using presentation compiler with project's scala-library version: 3.3.8[0m
2026.08.01 23:36:37 INFO  no build target found for /Users/nilayshrivastava/Documents/programming_language/scala/learning_scala/fp_in_scala/fib.scala. Using presentation compiler with project's scala-library version: 3.3.8[0m
2026.08.01 23:36:37 INFO  no build target found for /Users/nilayshrivastava/Documents/programming_language/scala/learning_scala/fp_in_scala/fib.scala. Using presentation compiler with project's scala-library version: 3.3.8[0m
2026.08.01 23:36:37 INFO  no build target found for /Users/nilayshrivastava/Documents/programming_language/scala/learning_scala/fp_in_scala/fib.scala. Using presentation compiler with project's scala-library version: 3.3.8[0m
2026.08.01 23:36:37 INFO  no build target found for /Users/nilayshrivastava/Documents/programming_language/scala/learning_scala/fp_in_scala/fib.scala. Using presentation compiler with project's scala-library version: 3.3.8[0m
2026.08.01 23:36:37 INFO  no build target found for /Users/nilayshrivastava/Documents/programming_language/scala/learning_scala/fp_in_scala/fib.scala. Using presentation compiler with project's scala-library version: 3.3.8[0m
2026.08.01 23:36:37 INFO  no build target found for /Users/nilayshrivastava/Documents/programming_language/scala/learning_scala/fp_in_scala/fib.scala. Using presentation compiler with project's scala-library version: 3.3.8[0m
2026.08.01 23:36:38 INFO  no build target found for /Users/nilayshrivastava/Documents/programming_language/scala/learning_scala/fp_in_scala/fib.scala. Using presentation compiler with project's scala-library version: 3.3.8[0m
2026.08.01 23:36:38 INFO  no build target found for /Users/nilayshrivastava/Documents/programming_language/scala/learning_scala/fp_in_scala/fib.scala. Using presentation compiler with project's scala-library version: 3.3.8[0m
2026.08.01 23:36:38 INFO  no build target found for /Users/nilayshrivastava/Documents/programming_language/scala/learning_scala/fp_in_scala/fib.scala. Using presentation compiler with project's scala-library version: 3.3.8[0m
2026.08.01 23:36:38 INFO  no build target found for /Users/nilayshrivastava/Documents/programming_language/scala/learning_scala/fp_in_scala/fib.scala. Using presentation compiler with project's scala-library version: 3.3.8[0m
2026.08.01 23:36:38 INFO  no build target found for /Users/nilayshrivastava/Documents/programming_language/scala/learning_scala/fp_in_scala/fib.scala. Using presentation compiler with project's scala-library version: 3.3.8[0m
2026.08.01 23:36:38 INFO  no build target found for /Users/nilayshrivastava/Documents/programming_language/scala/learning_scala/fp_in_scala/fib.scala. Using presentation compiler with project's scala-library version: 3.3.8[0m
2026.08.01 23:36:38 INFO  no build target found for /Users/nilayshrivastava/Documents/programming_language/scala/learning_scala/fp_in_scala/fib.scala. Using presentation compiler with project's scala-library version: 3.3.8[0m
2026.08.01 23:36:40 INFO  no build target found for /Users/nilayshrivastava/Documents/programming_language/scala/learning_scala/fp_in_scala/fib.scala. Using presentation compiler with project's scala-library version: 3.3.8[0m
2026.08.01 23:36:43 INFO  no build target found for /Users/nilayshrivastava/Documents/programming_language/scala/learning_scala/fp_in_scala/fib.scala. Using presentation compiler with project's scala-library version: 3.3.8[0m
2026.08.01 23:36:43 WARN  no build target for: /Users/nilayshrivastava/Documents/programming_language/scala/learning_scala/fp_in_scala/fib.scala[0m
2026.08.01 23:36:59 INFO  no build target found for /Users/nilayshrivastava/Documents/programming_language/scala/learning_scala/fp_in_scala/fib.scala. Using presentation compiler with project's scala-library version: 3.3.8[0m
2026.08.01 23:36:59 INFO  no build target found for /Users/nilayshrivastava/Documents/programming_language/scala/learning_scala/fp_in_scala/fib.scala. Using presentation compiler with project's scala-library version: 3.3.8[0m
2026.08.01 23:36:59 INFO  no build target found for /Users/nilayshrivastava/Documents/programming_language/scala/learning_scala/fp_in_scala/fib.scala. Using presentation compiler with project's scala-library version: 3.3.8[0m
2026.08.01 23:36:59 INFO  no build target found for /Users/nilayshrivastava/Documents/programming_language/scala/learning_scala/fp_in_scala/fib.scala. Using presentation compiler with project's scala-library version: 3.3.8[0m
2026.08.01 23:36:59 INFO  no build target found for /Users/nilayshrivastava/Documents/programming_language/scala/learning_scala/fp_in_scala/fib.scala. Using presentation compiler with project's scala-library version: 3.3.8[0m
2026.08.01 23:36:59 INFO  no build target found for /Users/nilayshrivastava/Documents/programming_language/scala/learning_scala/fp_in_scala/fib.scala. Using presentation compiler with project's scala-library version: 3.3.8[0m
2026.08.01 23:36:59 INFO  no build target found for /Users/nilayshrivastava/Documents/programming_language/scala/learning_scala/fp_in_scala/fib.scala. Using presentation compiler with project's scala-library version: 3.3.8[0m
2026.08.01 23:37:01 INFO  no build target found for /Users/nilayshrivastava/Documents/programming_language/scala/learning_scala/fp_in_scala/fib.scala. Using presentation compiler with project's scala-library version: 3.3.8[0m
2026.08.01 23:37:01 INFO  no build target found for /Users/nilayshrivastava/Documents/programming_language/scala/learning_scala/fp_in_scala/fib.scala. Using presentation compiler with project's scala-library version: 3.3.8[0m
2026.08.01 23:37:01 INFO  no build target found for /Users/nilayshrivastava/Documents/programming_language/scala/learning_scala/fp_in_scala/fib.scala. Using presentation compiler with project's scala-library version: 3.3.8[0m
2026.08.01 23:37:01 INFO  no build target found for /Users/nilayshrivastava/Documents/programming_language/scala/learning_scala/fp_in_scala/fib.scala. Using presentation compiler with project's scala-library version: 3.3.8[0m
2026.08.01 23:37:01 INFO  no build target found for /Users/nilayshrivastava/Documents/programming_language/scala/learning_scala/fp_in_scala/fib.scala. Using presentation compiler with project's scala-library version: 3.3.8[0m
2026.08.01 23:37:02 INFO  no build target found for /Users/nilayshrivastava/Documents/programming_language/scala/learning_scala/fp_in_scala/fib.scala. Using presentation compiler with project's scala-library version: 3.3.8[0m
2026.08.01 23:37:02 INFO  no build target found for /Users/nilayshrivastava/Documents/programming_language/scala/learning_scala/fp_in_scala/fib.scala. Using presentation compiler with project's scala-library version: 3.3.8[0m
2026.08.01 23:37:02 INFO  no build target found for /Users/nilayshrivastava/Documents/programming_language/scala/learning_scala/fp_in_scala/fib.scala. Using presentation compiler with project's scala-library version: 3.3.8[0m
2026.08.01 23:37:02 INFO  no build target found for /Users/nilayshrivastava/Documents/programming_language/scala/learning_scala/fp_in_scala/fib.scala. Using presentation compiler with project's scala-library version: 3.3.8[0m
2026.08.01 23:37:02 INFO  no build target found for /Users/nilayshrivastava/Documents/programming_language/scala/learning_scala/fp_in_scala/fib.scala. Using presentation compiler with project's scala-library version: 3.3.8[0m
2026.08.01 23:37:02 INFO  no build target found for /Users/nilayshrivastava/Documents/programming_language/scala/learning_scala/fp_in_scala/fib.scala. Using presentation compiler with project's scala-library version: 3.3.8[0m
2026.08.01 23:37:02 INFO  no build target found for /Users/nilayshrivastava/Documents/programming_language/scala/learning_scala/fp_in_scala/fib.scala. Using presentation compiler with project's scala-library version: 3.3.8[0m
2026.08.01 23:37:04 INFO  no build target found for /Users/nilayshrivastava/Documents/programming_language/scala/learning_scala/fp_in_scala/fib.scala. Using presentation compiler with project's scala-library version: 3.3.8[0m
2026.08.01 23:37:04 INFO  no build target found for /Users/nilayshrivastava/Documents/programming_language/scala/learning_scala/fp_in_scala/fib.scala. Using presentation compiler with project's scala-library version: 3.3.8[0m
2026.08.01 23:37:04 INFO  no build target found for /Users/nilayshrivastava/Documents/programming_language/scala/learning_scala/fp_in_scala/fib.scala. Using presentation compiler with project's scala-library version: 3.3.8[0m
2026.08.01 23:37:04 INFO  no build target found for /Users/nilayshrivastava/Documents/programming_language/scala/learning_scala/fp_in_scala/fib.scala. Using presentation compiler with project's scala-library version: 3.3.8[0m
2026.08.01 23:37:04 INFO  no build target found for /Users/nilayshrivastava/Documents/programming_language/scala/learning_scala/fp_in_scala/fib.scala. Using presentation compiler with project's scala-library version: 3.3.8[0m
2026.08.01 23:37:04 INFO  no build target found for /Users/nilayshrivastava/Documents/programming_language/scala/learning_scala/fp_in_scala/fib.scala. Using presentation compiler with project's scala-library version: 3.3.8[0m
2026.08.01 23:37:04 INFO  no build target found for /Users/nilayshrivastava/Documents/programming_language/scala/learning_scala/fp_in_scala/fib.scala. Using presentation compiler with project's scala-library version: 3.3.8[0m
2026.08.01 23:37:04 INFO  no build target found for /Users/nilayshrivastava/Documents/programming_language/scala/learning_scala/fp_in_scala/fib.scala. Using presentation compiler with project's scala-library version: 3.3.8[0m
2026.08.01 23:37:04 INFO  no build target found for /Users/nilayshrivastava/Documents/programming_language/scala/learning_scala/fp_in_scala/fib.scala. Using presentation compiler with project's scala-library version: 3.3.8[0m
2026.08.01 23:37:05 INFO  no build target found for /Users/nilayshrivastava/Documents/programming_language/scala/learning_scala/fp_in_scala/fib.scala. Using presentation compiler with project's scala-library version: 3.3.8[0m
2026.08.01 23:37:05 INFO  no build target found for /Users/nilayshrivastava/Documents/programming_language/scala/learning_scala/fp_in_scala/fib.scala. Using presentation compiler with project's scala-library version: 3.3.8[0m
2026.08.01 23:37:05 INFO  no build target found for /Users/nilayshrivastava/Documents/programming_language/scala/learning_scala/fp_in_scala/fib.scala. Using presentation compiler with project's scala-library version: 3.3.8[0m
2026.08.01 23:37:05 INFO  no build target found for /Users/nilayshrivastava/Documents/programming_language/scala/learning_scala/fp_in_scala/fib.scala. Using presentation compiler with project's scala-library version: 3.3.8[0m
2026.08.01 23:37:06 INFO  no build target found for /Users/nilayshrivastava/Documents/programming_language/scala/learning_scala/fp_in_scala/fib.scala. Using presentation compiler with project's scala-library version: 3.3.8[0m
2026.08.01 23:37:06 INFO  no build target found for /Users/nilayshrivastava/Documents/programming_language/scala/learning_scala/fp_in_scala/fib.scala. Using presentation compiler with project's scala-library version: 3.3.8[0m
2026.08.01 23:37:06 INFO  no build target found for /Users/nilayshrivastava/Documents/programming_language/scala/learning_scala/fp_in_scala/fib.scala. Using presentation compiler with project's scala-library version: 3.3.8[0m
2026.08.01 23:37:06 INFO  no build target found for /Users/nilayshrivastava/Documents/programming_language/scala/learning_scala/fp_in_scala/fib.scala. Using presentation compiler with project's scala-library version: 3.3.8[0m
2026.08.01 23:37:09 INFO  no build target found for /Users/nilayshrivastava/Documents/programming_language/scala/learning_scala/fp_in_scala/fib.scala. Using presentation compiler with project's scala-library version: 3.3.8[0m
2026.08.01 23:37:09 WARN  no build target for: /Users/nilayshrivastava/Documents/programming_language/scala/learning_scala/fp_in_scala/fib.scala[0m
2026.08.01 23:37:23 INFO  no build target found for /Users/nilayshrivastava/Documents/programming_language/scala/learning_scala/fp_in_scala/fib.scala. Using presentation compiler with project's scala-library version: 3.3.8[0m
2026.08.01 23:37:23 INFO  no build target found for /Users/nilayshrivastava/Documents/programming_language/scala/learning_scala/fp_in_scala/fib.scala. Using presentation compiler with project's scala-library version: 3.3.8[0m
2026.08.01 23:37:23 INFO  no build target found for /Users/nilayshrivastava/Documents/programming_language/scala/learning_scala/fp_in_scala/fib.scala. Using presentation compiler with project's scala-library version: 3.3.8[0m
2026.08.01 23:44:36 INFO  Shutting down server[0m
2026.08.01 23:44:36 INFO  Memory monitor stopped[0m
2026.08.01 23:44:36 INFO  shutting down Metals[0m
